AB022770.1	N.1
LC438386.1	N.1
ON992852.1	N.2.1
KC769378.1	N.2.1
HQ702236.1	N.2.1
MF469368.1	N.2.1
MZ065824.1	N.2.1
KT920812.1	N.2.1
MF621193.1	N.2.1
MH171423.1	N.2.1
KT988148.1	N.2.1
ON992854.1	N.2.1
MW384073.1	N.2.1
OM037920.1	N.2.1
KT918992.1	N.2.1
JQ069360.1	N.2.1
LC374199.1	N.2.1
JF790289.1	N.2.1
MZ095460.1	N.2.1
ON992858.1	N.2.1
KY657931.1	N.2.1
LC367263.1	N.2.1
KF636263.1	N.2.1
MN479629.1	N.2.1
KT918519.1	N.2.1
LC056802.1	N.2.1
MN479682.1	N.2.1
JF490194.1	N.2.1
LC426759.1	N.2.1
KU048688.1	N.2.1
KP752989.1	N.2.1
LC173708.1	N.2.1
KC686923.1	N.2.1
KP883205.1	N.2.1
KJ751709.1	N.2.1
KT918475.1	N.2.1
ON992757.1	N.2.1
MF469236.1	N.2.1
KX363300.1	N.2.1
KU048689.1	N.2.1
LC173748.1	N.2.1
JQ069291.1	N.2.1
MN746079.1	N.2.1
MN479644.1	N.2.1
MW384172.1	N.2.1
LC105496.1	N.2.1
MZ096450.1	N.2.1
MF469120.1	N.2.1
LC569330.1	N.2.1
MN479612.1	N.2.1
JN088423.1	N.2.1
KM026667.1	N.2.1
HQ392180.1	N.2.1
MF161881.1	N.2.1
MK302412.1	N.2.1
JF490722.1	N.2.1
LC173746.1	N.2.1
JF490535.1	N.2.1
KJ753200.1	N.2.1
MF469427.1	N.2.1
KT919432.1	N.2.1
MN529945.1	N.2.1
LC477578.1	N.2.1
KM660111.1	N.2.1
KM026650.1	N.2.1
LC105321.1	N.2.1
KJ752436.1	N.2.1
KT918618.1	N.2.1
MN067195.1	N.2.1
MZ065846.1	N.2.1
MZ096812.1	N.2.1
MN066909.1	N.2.1
MZ095986.1	N.2.1
MZ209037.1	N.2.1
MT737646.1	N.2.1
LC367285.1	N.2.1
LC569287.1	N.2.1
MZ095526.1	N.2.1
MZ065626.1	N.2.1
LC173606.1	N.2.1
MT854991.1	N.2.1
KF907259.1	N.2.1
MT855178.1	N.2.1
ON992857.1	N.2.1
KJ752647.1	N.2.1
MZ065615.1	N.2.1
KY497515.1	N.2.1
LC477581.1	N.2.1
MT855156.1	N.2.1
MN479608.1	N.2.1
LC105332.1	N.2.1
MF168086.1	N.2.1
MZ407318.1	N.2.1
HM773663.1	N.2.1
LC477582.1	N.2.1
JX683625.1	N.2.1
MN066750.1	N.2.1
MT854606.1	N.2.1
ON992766.1	N.2.1
ON992843.1	N.2.1
KT920977.1	N.2.1
MF621195.1	N.2.1
MN106161.1	N.2.1
LC569310.1	N.2.1
MN632932.1	N.2.1
MT462089.1	N.2.1
KF812777.1	N.2.1
KT921098.1	N.2.1
ON992782.1	N.2.1
MT854342.1	N.2.1
OM038052.1	N.2.1
LC173726.1	N.2.1
KT919554.1	N.2.1
LC372920.1	N.2.1
KF371847.1	N.2.1
KT919774.1	N.2.1
JX027946.1	N.2.1
MW384359.1	N.2.1
KJ751896.1	N.2.1
MN632987.1	N.2.1
MW384150.1	N.2.1
LC374056.1	N.2.1
KJ752357.1	N.2.1
KJ454638.1	N.2.1
LC173691.1	N.2.1
LC569308.1	N.2.1
KU292559.1	N.2.1
MF168248.1	N.2.1
KX450369.1	N.2.1
KT919455.1	N.2.1
ON992771.1	N.2.1
MZ096482.1	N.2.1
JF766574.1	N.2.1
KP883117.1	N.2.1
OM037865.1	N.2.1
KT920867.1	N.2.1
KT920702.1	N.2.1
MT737664.1	N.2.1
MZ095876.1	N.2.1
KF812775.1	N.2.1
MT855464.1	N.2.1
JF490425.1	N.2.1
MG670733.1	N.2.1
KM660127.1	N.2.1
KT919146.1	N.2.1
MT854375.1	N.2.1
JF490931.1	N.2.1
MF469358.1	N.2.1
KM026633.1	N.2.1
MZ095799.1	N.2.1
MF184832.1	N.2.1
ON992760.1	N.2.1
KT919884.1	N.2.1
MK302413.1	N.2.1
KP645274.1	N.2.1
LC569315.1	N.2.1
MW384227.1	N.2.1
KP752433.1	N.2.1
MF469153.1	N.2.1
LC228399.1	N.2.1
KY634535.1	N.2.1
KP882578.1	N.2.1
MZ407307.1	N.2.1
ON992818.1	N.2.1
KF371880.1	N.2.1
KF907260.1	N.2.1
MN632867.1	N.2.1
KM026637.1	N.2.1
MZ096592.1	N.2.1
KM660119.1	N.2.1
MT737636.1	N.2.1
MT737658.1	N.2.1
MT854672.1	N.2.1
MG926754.1	N.2.1
JN258365.1	N.2.1
MG891967.1	N.2.1
KT919036.1	N.2.1
ON992836.1	N.2.1
LC173740.1	N.2.1
KJ454641.1	N.2.1
KU048696.1	N.2.1
MZ095689.1	N.2.1
MN632801.1	N.2.1
JF790310.1	N.2.1
MH171418.1	N.2.1
MH301205.1	N.2.1
ON992780.1	N.2.1
LC227896.1	N.2.1
MF168388.1	N.2.1
KJ752269.1	N.2.1
LC019092.1	N.2.1
ON992796.1	N.2.1
JQ069372.1	N.2.1
MF580904.1	N.2.1
LC105199.1	N.2.1
KP882512.1	N.2.1
LC468231.1	N.2.1
MZ096409.1	N.2.1
KT920933.1	N.2.1
MF168197.1	N.2.1
MF469408.1	N.2.1
KX362608.1	N.2.1
LC600849.1	N.2.1
KU048691.1	N.2.1
KC686936.1	N.2.1
OQ398204.1	N.2.1
JN605433.1	N.2.1
MN479651.1	N.2.1
OM037898.1	N.2.1
JN605411.1	N.2.1
MG670737.1	N.2.1
JN706610.1	N.2.1
JQ069359.1	N.2.1
MF168320.1	N.2.1
KT919939.1	N.2.1
MF168080.1	N.2.1
MG181531.1	N.2.1
KJ752257.1	N.2.1
KY657932.1	N.2.1
KF371911.1	N.2.1
JX682997.1	N.2.1
MF580903.1	N.2.1
MF168294.1	N.2.1
LC105419.1	N.2.1
KT919179.1	N.2.1
KT919366.1	N.2.1
MZ065934.1	N.2.1
EU839973.1	N.2.1
MF580907.1	N.2.1
MZ096724.1	N.2.1
KT919245.1	N.2.1
LC569327.1	N.2.1
KP882171.1	N.2.1
KJ126812.1	N.2.1
JF490172.1	N.2.1
MF161964.1	N.2.1
LC569318.1	N.2.1
MT854353.1	N.2.1
KJ753189.1	N.2.1
MT855167.1	N.2.1
ON992845.1	N.2.1
JN706613.1	N.2.1
OM037909.1	N.2.1
KX362685.1	N.2.1
KT919410.1	N.2.1
MT854452.1	N.2.1
KT919818.1	N.2.1
KP752644.1	N.2.1
MZ095361.1	N.2.1
KF371759.1	N.2.1
KC769477.1	N.2.1
KT920922.1	N.2.1
KF636230.1	N.2.1
MG181564.1	N.2.1
KT920900.1	N.2.1
MT854716.1	N.2.1
MZ096713.1	N.2.1
KF636208.1	N.2.1
MN479684.1	N.2.1
JX027923.1	N.2.1
LC569656.1	N.2.1
KF371825.1	N.2.1
ON992851.1	N.2.1
MZ095493.1	N.2.1
MF161890.1	N.2.1
MF469348.1	N.2.1
MN106162.1	N.2.1
MF167992.1	N.2.1
MF621192.1	N.2.1
KX450375.1	N.2.1
JN706606.1	N.2.1
MN066861.1	N.2.1
MG181454.1	N.2.1
MN552090.1	N.2.1
LC668463.1	N.2.1
KU243427.1	N.2.1
ON992826.1	N.2.1
LC173745.1	N.2.1
MF161922.1	N.2.1
JF490909.1	N.2.1
MN479626.1	N.2.1
JQ069315.1	N.2.1
MZ096559.1	N.2.1
MN479703.1	N.2.1
JN635528.1	N.2.1
LC173729.1	N.2.1
KP882017.1	N.2.1
MN479611.1	N.2.1
LC173738.1	N.2.1
HQ343383.1	N.2.1
MZ096333.1	N.2.1
LC374155.1	N.2.1
KT919697.1	N.2.1
ON992824.1	N.2.1
KT920911.1	N.2.1
OQ398203.1	N.2.1
JQ926555.1	N.2.1
MN633020.1	N.2.1
MN529651.1	N.2.1
MK417788.1	N.2.1
KP753163.1	N.2.1
MN479753.1	N.2.1
LC105441.1	N.2.1
KT919377.1	N.2.1
KT918871.1	N.2.1
JF490205.1	N.2.1
KX363143.1	N.2.1
LC372843.1	N.2.1
LC491502.1	N.2.1
MF168214.1	N.2.1
MN632746.1	N.2.1
KF371836.1	N.2.1
MN633064.1	N.2.1
LC105518.1	N.2.1
ON992811.1	N.2.1
KJ412684.1	N.2.1
ON791915.1	N.2.1
KX362882.1	N.2.1
KM668747.1	N.2.1
KT919796.1	N.2.1
OM037997.1	N.2.1
MF168030.1	N.2.1
KF636285.1	N.2.1
KP881896.1	N.2.1
MZ095558.1	N.2.1
MT737638.1	N.2.1
KJ753589.1	N.2.1
KT919488.1	N.2.1
KM660118.1	N.2.1
KY657935.1	N.2.1
MT854782.1	N.2.1
ON992778.1	N.2.1
KC155677.1	N.2.1
JN088422.1	N.2.1
MZ096570.1	N.2.1
LC173703.1	N.2.1
JF490788.1	N.2.1
JF490436.1	N.2.1
ON992803.1	N.2.1
KX362958.1	N.2.1
KX362871.1	N.2.1
KJ752069.1	N.2.1
KT919047.1	N.2.1
KT918640.1	N.2.1
KC822935.1	N.2.1
MF168042.1	N.2.1
KP752534.1	N.2.1
MZ095942.1	N.2.1
KT988269.1	N.2.1
ON791926.1	N.2.1
KU048683.1	N.2.1
MG181487.1	N.2.1
KJ454634.1	N.2.1
MZ066253.1	N.2.1
MZ361322.1	N.2.1
MZ096823.1	N.2.1
MG181476.1	N.2.1
KP882028.1	N.2.1
LC086765.1	N.2.1
JF490887.1	N.2.1
KT919598.1	N.2.1
MT737633.1	N.2.1
LC173751.1	N.2.1
JF490414.1	N.2.1
KT919576.1	N.2.1
MH511060.1	N.2.1
MG181509.1	N.2.1
MT855310.1	N.2.1
MF161955.1	N.2.1
OM037832.1	N.2.1
MF161774.1	N.2.1
LC569325.1	N.2.1
KT918508.1	N.2.1
MZ096647.1	N.2.1
ON992844.1	N.2.1
KP881995.1	N.2.1
KX363154.1	N.2.1
HQ343359.1	N.2.1
MZ096235.1	N.2.1
JF490920.1	N.2.1
MZ097281.1	N.2.1
AB861963.1	N.2.1
KT919906.1	N.2.1
MF621191.1	N.2.1
KX274518.1	N.2.1
LC569314.1	N.2.1
KU360974.1	N.2.1
JF790321.1	N.2.1
KJ752011.1	N.2.1
KU360976.1	N.2.1
KJ753222.1	N.2.1
JF491040.1	N.2.1
KT919840.1	N.2.1
KP882941.1	N.2.1
KY616902.1	N.2.1
LC105387.1	N.2.1
MZ065747.1	N.2.1
MZ066022.1	N.2.1
JQ069358.1	N.2.1
MT854815.1	N.2.1
KT918706.1	N.2.1
MW384194.1	N.2.1
JQ069327.1	N.2.1
KJ454642.1	N.2.1
LC477583.1	N.2.1
LC569309.1	N.2.1
LC668507.1	N.2.1
JN258924.1	N.2.1
KY634601.1	N.2.1
LC367307.1	N.2.1
MF168229.1	N.2.1
HM773685.1	N.2.1
ON992785.1	N.2.1
MT855222.1	N.2.1
MZ095405.1	N.2.1
KM026666.1	N.2.1
ON992860.1	N.2.1
MW280878.1	N.2.1
MN551995.1	N.2.1
ON992810.1	N.2.1
KP645329.1	N.2.1
LC173696.1	N.2.1
HQ702258.1	N.2.1
KT920944.1	N.2.1
MN479679.1	N.2.1
MN632713.1	N.2.1
MF168380.1	N.2.1
LC173716.1	N.2.1
LC105407.1	N.2.1
HQ392301.1	N.2.1
KT921010.1	N.2.1
JF490759.1	N.2.1
JN706612.1	N.2.1
KP753242.1	N.2.1
KJ751941.1	N.2.1
MZ165391.1	N.2.1
LC105299.1	N.2.1
KM660136.1	N.2.1
MZ096801.1	N.2.1
KP882325.1	N.2.1
JQ069305.1	N.2.1
KY497504.1	N.2.1
KJ752379.1	N.2.1
KX274519.1	N.2.1
ON992789.1	N.2.1
ON992871.1	N.2.1
MH171430.1	N.2.1
MN479623.1	N.2.1
JN258354.1	N.2.1
KT919730.1	N.2.1
JQ087452.1	N.2.1
KP882149.1	N.2.1
MF168278.1	N.2.1
MZ165393.1	N.2.1
KF371803.1	N.2.1
KC193629.1	N.2.1
KF371944.1	N.2.1
MW384205.1	N.2.1
LC668529.1	N.2.1
LC173688.1	N.2.1
MH171424.1	N.2.1
MZ095755.1	N.2.1
KT919223.1	N.2.1
LC173704.1	N.2.1
KF371814.1	N.2.1
MN066978.1	N.2.1
MF168015.1	N.2.1
KT918970.1	N.2.1
MK167202.1	N.2.1
JN088424.1	N.2.1
MF469296.1	N.2.1
MN304729.1	N.2.1
OM037942.1	N.2.1
LC019081.1	N.2.1
MH171420.1	N.2.1
LC468220.1	N.2.1
JN258836.1	N.2.1
KC769334.1	N.2.1
MZ095700.1	N.2.1
MW384326.1	N.2.1
MF168150.1	N.2.1
MZ096504.1	N.2.1
MW384040.1	N.2.1
LC374133.1	N.2.1
KP882050.1	N.2.1
KT919675.1	N.2.1
MZ096030.1	N.2.1
LC477565.1	N.2.1
MT855266.1	N.2.1
JF490359.1	N.2.1
KT988302.1	N.2.1
MN632877.1	N.2.1
ON992859.1	N.2.1
MG670738.1	N.2.1
KJ753408.1	N.2.1
KM660112.1	N.2.1
KT919664.1	N.2.1
MT005305.1	N.2.1
KF636164.1	N.2.1
MZ096526.1	N.2.1
KP882875.1	N.2.1
KT920988.1	N.2.1
MN479751.1	N.2.1
MN479601.1	N.2.1
ON791872.1	N.2.1
MZ065901.1	N.2.1
ON992864.1	N.2.1
MN479615.1	N.2.1
LC173761.1	N.2.1
KF636142.1	N.2.1
MH169402.1	N.2.1
MN746068.1	N.2.1
MW383996.1	N.2.1
ON992764.1	N.2.1
JQ069313.1	N.2.1
JF491051.1	N.2.1
MF161860.1	N.2.1
HQ343341.1	N.2.1
LC569323.1	N.2.1
KF812774.1	N.2.1
MF168007.1	N.2.1
LC227888.1	N.2.1
MF469375.1	N.2.1
OM038041.1	N.2.1
MN479607.1	N.2.1
MN552012.1	N.2.1
KC847046.1	N.2.1
KX265698.1	N.2.1
MZ407362.1	N.2.1
MZ095777.1	N.2.1
ON992772.1	N.2.1
MZ066132.1	N.2.1
MZ165384.1	N.2.1
KT920735.1	N.2.1
KJ751775.1	N.2.1
MZ096680.1	N.2.1
JF766585.1	N.2.1
MZ065736.1	N.2.1
KP882809.1	N.2.1
KX363024.1	N.2.1
KP881951.1	N.2.1
KF812771.1	N.2.1
MN479628.1	N.2.1
LC173680.1	N.2.1
LC372876.1	N.2.1
MN479669.1	N.2.1
MG181542.1	N.2.1
MZ096008.1	N.2.1
ON992809.1	N.2.1
KJ752256.1	N.2.1
KX274508.1	N.2.1
MF168174.1	N.2.1
LC569306.1	N.2.1
OM037964.1	N.2.1
KT919851.1	N.2.1
JQ069292.1	N.2.1
KT919333.1	N.2.1
KT919466.1	N.2.1
KT920636.1	N.2.1
LC173749.1	N.2.1
LC569329.1	N.2.1
KX778494.1	N.2.1
LC105376.1	N.2.1
LC173733.1	N.2.1
ON992862.1	N.2.1
MN067076.1	N.2.1
KJ753114.1	N.2.1
KX362980.1	N.2.1
KX778500.1	N.2.1
MN479702.1	N.2.1
KT919620.1	N.2.1
GU199510.1	N.2.1
MW384161.1	N.2.1
MZ066143.1	N.2.1
KU048685.1	N.2.1
MN106166.1	N.2.1
KF371673.1	N.2.1
KT919961.1	N.2.1
MZ096355.1	N.2.1
ON992786.1	N.2.1
ON992804.1	N.2.1
MZ096834.1	N.2.1
LC569286.1	N.2.1
LC668518.1	N.2.1
MF168207.1	N.2.1
MN417960.1	N.2.1
LC173705.1	N.2.1
MN067065.1	N.2.1
MF621189.1	N.2.1
MN632757.1	N.2.1
KU048686.1	N.2.1
MZ096735.1	N.2.1
KT919543.1	N.2.1
MT737661.1	N.2.1
LC464106.1	N.2.1
MN067032.1	N.2.1
MN479637.1	N.2.1
KJ752526.1	N.2.1
KX362915.1	N.2.1
KX363272.1	N.2.1
KP882105.1	N.2.1
LC173753.1	N.2.1
JF490161.1	N.2.1
LC374067.1	N.2.1
LC569326.1	N.2.1
LC173768.1	N.2.1
LC581228.1	N.2.1
KY657930.1	N.2.1
LC173750.1	N.2.1
KT919421.1	N.2.1
MZ094431.1	N.2.1
MT737640.1	N.2.1
JN258824.1	N.2.1
KP882655.1	N.2.1
LC173712.1	N.2.1
KU360975.1	N.2.1
MZ165388.1	N.2.1
KP882644.1	N.2.1
MN067117.1	N.2.1
MF184843.1	N.2.1
MT854397.1	N.2.1
MH301214.1	N.2.1
JQ069349.1	N.2.1
KX632272.1	N.2.1
ON992853.1	N.2.1
MT737653.1	N.2.1
AB714265.1	N.2.1
ON992805.1	N.2.1
KX778497.1	N.2.1
KT920999.1	N.2.1
MW384249.1	N.2.1
JF490216.1	N.2.1
ON992770.1	N.2.1
ON992830.1	N.2.1
MF161576.1	N.2.1
KP752941.1	N.2.1
MF161886.1	N.2.1
MT737647.1	N.2.1
LC569301.1	N.2.1
KJ753375.1	N.2.1
MZ165392.1	N.2.1
KF371955.1	N.2.1
LC367274.1	N.2.1
MT854749.1	N.2.1
KJ412890.1	N.2.1
LC372898.1	N.2.1
HM534679.1	N.2.1
KJ753464.1	N.2.1
KU048698.1	N.2.1
JF490678.1	N.2.1
JQ069311.1	N.2.1
MZ097292.1	N.2.1
MZ066099.1	N.2.1
KY634618.1	N.2.1
LC173739.1	N.2.1
LC173693.1	N.2.1
KJ753047.1	N.2.1
KP882820.1	N.2.1
JX027814.1	N.2.1
KX274521.1	N.2.1
KT919289.1	N.2.1
MH301212.1	N.2.1
MN479641.1	N.2.1
HQ025982.1	N.2.1
JN651875.1	N.2.1
KM660120.1	N.2.1
MF168222.1	N.2.1
KJ752908.1	N.2.1
LC569304.1	N.2.1
KJ753026.1	N.2.1
KU243419.1	N.2.1
ON992817.1	N.2.1
MH169398.1	N.2.1
KU048693.1	N.2.1
ON992866.1	N.2.1
MZ096658.1	N.2.1
LC227893.1	N.2.1
KT918431.1	N.2.1
KM026660.1	N.2.1
MT737654.1	N.2.1
LC227898.1	N.2.1
KT918563.1	N.2.1
KX363257.1	N.2.1
KM026661.1	N.2.1
ON992775.1	N.2.1
MZ361321.1	N.2.1
MN479624.1	N.2.1
KT919157.1	N.2.1
KP881940.1	N.2.1
KY634590.1	N.2.1
MN479620.1	N.2.1
KJ412860.1	N.2.1
MT737630.1	N.2.1
KJ752603.1	N.2.1
KP882259.1	N.2.1
LC173685.1	N.2.1
JQ069366.1	N.2.1
HM773586.1	N.2.1
KX778495.1	N.2.1
JF790343.1	N.2.1
JF490821.1	N.2.1
ON992787.1	N.2.1
KM660137.1	N.2.1
DQ146667.1	N.2.1
KT920768.1	N.2.1
MG670740.1	N.2.1
MT737648.1	N.2.1
OQ541833.1	N.2.1
KF371684.1	N.2.1
JF490293.1	N.2.1
JN706615.1	N.2.1
KP881962.1	N.2.1
JN706618.1	N.2.1
JF491096.1	N.2.1
ON992847.1	N.2.1
KT920878.1	N.2.1
KT919917.1	N.2.1
MN632965.1	N.2.1
MT737637.1	N.2.1
KF371792.1	N.2.1
KJ454639.1	N.2.1
OM038085.1	N.2.1
MH171422.1	N.2.1
MW827718.1	N.2.1
KM668748.1	N.2.1
MF168115.1	N.2.1
MZ065593.1	N.2.1
JQ069356.1	N.2.1
KT918772.1	N.2.1
KP882182.1	N.2.1
MN067054.1	N.2.1
LC368114.1	N.2.1
MZ065835.1	N.2.1
LC569321.1	N.2.1
KJ627020.1	N.2.1
KX363226.1	N.2.1
MF469247.1	N.2.1
JF490765.1	N.2.1
MT737652.1	N.2.1
JF490557.1	N.2.1
KU292548.1	N.2.1
MF469262.1	N.2.1
KT921142.1	N.2.1
JX027846.1	N.2.1
MZ066011.1	N.2.1
KT918926.1	N.2.1
KJ752702.1	N.2.1
JX683621.1	N.2.1
MW384139.1	N.2.1
ON992839.1	N.2.1
KT919135.1	N.2.1
MN479622.1	N.2.1
KP882765.1	N.2.1
JQ069326.1	N.2.1
MH169409.1	N.2.1
KF371988.1	N.2.1
MF167983.1	N.2.1
ON992820.1	N.2.1
KT918937.1	N.2.1
ON992788.1	N.2.1
MN632976.1	N.2.1
MH171432.1	N.2.1
MZ096203.1	N.2.1
MT855453.1	N.2.1
MN223996.1	N.2.1
MK417789.1	N.2.1
MN066797.1	N.2.1
MZ095449.1	N.2.1
JQ069298.1	N.2.1
KJ752022.1	N.2.1
MF161912.1	N.2.1
MT855442.1	N.2.1
KT919785.1	N.2.1
MZ095569.1	N.2.1
MT737659.1	N.2.1
MG670732.1	N.2.1
MZ165381.1	N.2.1
JF491073.1	N.2.1
MF469110.1	N.2.1
MZ096702.1	N.2.1
MT854540.1	N.2.1
KT918552.1	N.2.1
HQ343358.1	N.2.1
KX450371.1	N.2.1
MT737662.1	N.2.1
KT988291.1	N.2.1
MH169408.1	N.2.1
LC228410.1	N.2.1
KX778493.1	N.2.1
KT988225.1	N.2.1
MN417962.1	N.2.1
AB861952.1	N.2.1
KP882545.1	N.2.1
JN128996.1	N.2.1
KP752512.1	N.2.1
KP752578.1	N.2.1
LC668551.1	N.2.1
ON992869.1	N.2.1
MN529652.1	N.2.1
MT854980.1	N.2.1
MT855321.1	N.2.1
HQ702225.1	N.2.1
JF490259.1	N.2.1
MF168023.1	N.2.1
KY634546.1	N.2.1
KU360972.1	N.2.1
KU243422.1	N.2.1
KC442924.1	N.2.1
OQ555638.1	N.2.1
LC569339.1	N.2.1
MZ066165.1	N.2.1
LC228388.1	N.2.1
JX027967.1	N.2.1
KX363187.1	N.2.1
KT920823.1	N.2.1
ON992868.1	N.2.1
KJ753723.1	N.2.1
MT737663.1	N.2.1
KJ753442.1	N.2.1
MG926710.1	N.2.1
MF469194.1	N.2.1
JF491118.1	N.2.1
HQ392356.1	N.2.1
KC847045.1	N.2.1
KX362856.1	N.2.1
JQ069351.1	N.2.1
MH169399.1	N.2.1
KX778492.1	N.2.1
MT855365.1	N.2.1
KT919102.1	N.2.1
MN479604.1	N.2.1
KF812778.1	N.2.1
MH171429.1	N.2.1
KT920691.1	N.2.1
KJ918883.1	N.2.1
LC374177.1	N.2.1
MZ096889.1	N.2.1
LC019070.1	N.2.1
MT854441.1	N.2.1
LC721868.1	N.2.1
MH169401.1	N.2.1
KM026632.1	N.2.1
KT921131.1	N.2.1
OM038074.1	N.2.1
MT737631.1	N.2.1
KX274533.1	N.2.1
LC569328.1	N.2.1
MF168227.1	N.2.1
KF636340.1	N.2.1
ON992767.1	N.2.1
MT855343.1	N.2.1
MW384271.1	N.2.1
KM660140.1	N.2.1
LC600838.1	N.2.1
JX683623.1	N.2.1
ON992802.1	N.2.1
KX450373.1	N.2.1
HQ609569.1	N.2.1
LC569297.1	N.2.1
MZ065758.1	N.2.1
MT855354.1	N.2.1
JF491008.1	N.2.1
MZ407329.1	N.2.1
ON960255.1	N.2.1
MZ097098.1	N.2.1
MF167995.1	N.2.1
MZ095383.1	N.2.1
MZ095766.1	N.2.1
KM660116.1	N.2.1
FJ747632.1	N.2.1
ON992761.1	N.2.1
KC686931.1	N.2.1
MT737642.1	N.2.1
KJ094897.1	N.2.1
JN869270.1	N.2.1
KF636175.1	N.2.1
JN258398.1	N.2.1
KJ752168.1	N.2.1
ON992827.1	N.2.1
MZ095711.1	N.2.1
MZ096162.1	N.2.1
JF490271.1	N.2.1
MZ095788.1	N.2.1
KP882556.1	N.2.1
KF371977.1	N.2.1
KY497493.1	N.2.1
ON992829.1	N.2.1
LC105507.1	N.2.1
LC668485.1	N.2.1
MW384051.1	N.2.1
ON992776.1	N.2.1
ON992806.1	N.2.1
KX363035.1	N.2.1
MN632724.1	N.2.1
KT918849.1	N.2.1
MN223986.1	N.2.1
MH171421.1	N.2.1
KX274510.1	N.2.1
KJ752886.1	N.2.1
MN479687.1	N.2.1
MZ065912.1	N.2.1
KJ870929.1	N.2.1
MZ095865.1	N.2.1
KX674708.1	N.2.1
LC569285.1	N.2.1
JF790338.1	N.2.1
LC569291.1	N.2.1
MT854430.1	N.2.1
MF161921.1	N.2.1
KJ751731.1	N.2.1
JX027687.1	N.2.1
MT854804.1	N.2.1
JQ069362.1	N.2.1
JX683622.1	N.2.1
MN479747.1	N.2.1
MF161700.1	N.2.1
ON992841.1	N.2.1
AB938287.1	N.2.1
JF490304.1	N.2.1
MZ407428.1	N.2.1
JQ069350.1	N.2.1
LC374122.1	N.2.1
JN651891.1	N.2.1
MZ027441.1	N.2.1
KX362932.1	N.2.1
KF371869.1	N.2.1
MN479683.1	N.2.1
JQ069352.1	N.2.1
KT920614.1	N.2.1
MN479632.1	N.2.1
MZ065802.1	N.2.1
MT855079.1	N.2.1
LC368125.1	N.2.1
KT919928.1	N.2.1
JQ069336.1	N.2.1
MW827716.1	N.2.1
MH301210.1	N.2.1
MT854870.1	N.2.1
MZ095471.1	N.2.1
KT918761.1	N.2.1
KC155680.1	N.2.1
KY634557.1	N.2.1
JQ069308.1	N.2.1
HQ392004.1	N.2.1
KJ753530.1	N.2.1
KT921120.1	N.2.1
MT855376.1	N.2.1
MW384304.1	N.2.1
ON992768.1	N.2.1
HQ391993.1	N.2.1
ON992846.1	N.2.1
KT920647.1	N.2.1
KP753197.1	N.2.1
MN633053.1	N.2.1
KJ627031.1	N.2.1
LC372854.1	N.2.1
MN529944.1	N.2.1
ON791970.1	N.2.1
MF161722.1	N.2.1
JF490348.1	N.2.1
HQ670643.1	N.2.1
LC374045.1	N.2.1
LC368103.1	N.2.1
MZ096184.1	N.2.1
OP850401.1	N.2.1
KU243426.1	N.2.1
KP752600.1	N.2.1
KJ752691.1	N.2.1
MF621188.1	N.2.1
KP752701.1	N.2.1
MZ066220.1	N.2.1
ON992837.1	N.2.1
KT921153.1	N.2.1
MZ095537.1	N.2.1
MN479613.1	N.2.1
MZ096537.1	N.2.1
MZ095667.1	N.2.1
JN706607.1	N.2.1
JF490094.1	N.2.1
HM773674.1	N.2.1
KP882116.1	N.2.1
LC173665.1	N.2.1
LC173709.1	N.2.1
MZ096636.1	N.2.1
KX450374.1	N.2.1
MN067150.1	N.2.1
OM037975.1	N.2.1
JQ926554.1	N.2.1
MH301206.1	N.2.1
KT919058.1	N.2.1
KJ753056.1	N.2.1
MH169412.1	N.2.1
ON992848.1	N.2.1
ON992850.1	N.2.1
MZ065791.1	N.2.1
KP883194.1	N.2.1
MW384095.1	N.2.1
KC443484.1	N.2.1
KX778619.1	N.2.1
KJ627056.1	N.2.1
KF907258.1	N.2.1
MT737643.1	N.2.1
KJ752000.1	N.2.1
LC569303.1	N.2.1
KT919752.1	N.2.1
KJ752592.1	N.2.1
ON992870.1	N.2.1
KT919344.1	N.2.1
MF621190.1	N.2.1
MF161785.1	N.2.1
LC173773.1	N.2.1
LC491491.1	N.2.1
KT920790.1	N.2.1
MT854760.1	N.2.1
LC569319.1	N.2.1
MH171431.1	N.2.1
KU243424.1	N.2.1
LC173692.1	N.2.1
KP882567.1	N.2.1
LC105452.1	N.2.1
KF371933.1	N.2.1
KT920658.1	N.2.1
KM026640.1	N.2.1
ON992842.1	N.2.1
LC491480.1	N.2.1
MZ095898.1	N.2.1
KT918420.1	N.2.1
MW827719.1	N.2.1
KC769444.1	N.2.1
JN651804.1	N.2.1
HM773652.1	N.2.1
KT919025.1	N.2.1
LC173698.1	N.2.1
JX195092.1	N.2.1
KP752622.1	N.2.1
ON992828.1	N.2.1
HM773696.1	N.2.1
KU243408.1	N.2.1
MH169400.1	N.2.1
KU738576.1	N.2.1
ON992793.1	N.2.1
KP882006.1	N.2.1
KT919267.1	N.2.1
MZ065868.1	N.2.1
LC173689.1	N.2.1
LC569296.1	N.2.1
MF469175.1	N.2.1
LC325478.1	N.2.1
KJ626814.1	N.2.1
JX683001.2	N.2.1
KX362991.1	N.2.1
JN887816.1	N.2.1
MT855420.1	N.2.1
KX363057.1	N.2.1
KT921109.1	N.2.1
KP881907.1	N.2.1
MZ096625.1	N.2.1
JX195081.1	N.2.1
MZ095645.1	N.2.1
ON992861.1	N.2.1
JN706598.1	N.2.1
MZ097131.1	N.2.1
HM348720.1	N.2.1
MH301213.1	N.2.1
MF469100.1	N.2.1
JF490238.1	N.2.1
MF161762.1	N.2.1
KF812772.1	N.2.1
KT918882.1	N.2.1
HM467964.1	N.2.1
MF184852.1	N.2.1
MF168092.1	N.2.1
KP752862.1	N.2.1
KC847043.1	N.2.1
LC439276.1	N.2.1
MN479627.1	N.2.1
ON992798.1	N.2.1
MF168246.1	N.2.1
ON992832.1	N.2.1
MH171419.1	N.2.1
LC374188.1	N.2.1
MW384260.1	N.2.1
KX274532.1	N.2.1
MT854969.1	N.2.1
KP753089.1	N.2.1
MF469252.1	N.2.1
LC569311.1	N.2.1
JX027913.1	N.2.1
ON992801.1	N.2.1
JF490688.1	N.2.1
MN479750.1	N.2.1
HQ392257.1	N.2.1
MZ096669.1	N.2.1
MZ095744.1	N.2.1
KJ752548.1	N.2.1
KT988181.1	N.2.1
JF490617.1	N.2.1
MW384216.1	N.2.1
ON992791.1	N.2.1
KP753013.1	N.2.1
MN479605.1	N.2.1
KT918959.1	N.2.1
MN479625.1	N.2.1
MZ095678.1	N.2.1
MK953561.1	N.2.1
KT919642.1	N.2.1
MF168069.1	N.2.1
KP752930.1	N.2.1
LC173766.1	N.2.1
KT918794.1	N.2.1
MT854936.1	N.2.1
KM660126.1	N.2.1
KT919609.1	N.2.1
MN479668.1	N.2.1
EU839967.1	N.2.1
MT854485.1	N.2.1
MW384128.1	N.2.1
JQ069296.1	N.2.1
ON992819.1	N.2.1
MZ096430.1	N.2.1
MN067043.1	N.2.1
LC569655.1	N.2.1
LC019059.1	N.2.1
JF491085.1	N.2.1
KX274520.1	N.2.1
KJ752976.1	N.2.1
KX363112.1	N.2.1
MF168237.1	N.2.1
LC056813.1	N.2.1
KP752830.1	N.2.1
LC227889.1	N.2.1
MT854771.1	N.2.1
HM773608.1	N.2.1
JF491018.1	N.2.1
MN067106.1	N.2.1
KF812768.1	N.2.1
LC173767.1	N.2.1
MN632998.1	N.2.1
JF490568.1	N.2.1
MW384348.1	N.2.1
MN479616.1	N.2.1
LC569334.1	N.2.1
JQ069357.1	N.2.1
OM037986.1	N.2.1
MN479638.1	N.2.1
MT854507.1	N.2.1
MF469307.1	N.2.1
KM026649.1	N.2.1
MN479708.1	N.2.1
MT737655.1	N.2.1
LC374111.1	N.2.1
KJ751742.1	N.2.1
KJ753431.1	N.2.1
KX363046.1	N.2.1
MN479642.1	N.2.1
KY634649.1	N.2.1
MZ065769.1	N.2.1
KJ751978.1	N.2.1
KJ752335.1	N.2.1
KM026630.1	N.2.1
JN706619.1	N.2.1
KP752884.1	N.2.1
KJ094900.1	N.2.1
JQ069317.1	N.2.1
MF469437.1	N.2.1
MZ165385.1	N.2.1
HQ392312.1	N.2.1
LC105310.1	N.2.1
KT918574.1	N.2.1
MN632834.1	N.2.1
ON992762.1	N.2.1
MZ097303.1	N.2.1
MZ165386.1	N.2.1
HQ609567.1	N.2.1
ON992774.1	N.2.1
JN706614.1	N.2.1
LC173743.1	N.2.1
LC600827.1	N.2.1
JQ069293.1	N.2.1
LC374034.1	N.2.1
MT737635.1	N.2.1
MG926772.1	N.2.1
JF490964.1	N.2.1
LC173682.1	N.2.1
JQ069367.1	N.2.1
MT737629.1	N.2.1
JQ069314.1	N.2.1
KX778491.1	N.2.1
MN479653.1	N.2.1
LC173699.1	N.2.1
MZ096300.1	N.2.1
KX362762.1	N.2.1
LC569295.1	N.2.1
MZ095656.1	N.2.1
KF371966.1	N.2.1
LC569293.1	N.2.1
KP752678.1	N.2.1
MF168395.1	N.2.1
LC569336.1	N.2.1
LC569290.1	N.2.1
MZ407439.1	N.2.1
KJ753364.1	N.2.1
LC173752.1	N.2.1
MF168050.1	N.2.1
MZ097109.1	N.2.1
LC374210.1	N.2.1
MZ096193.1	N.2.1
KJ559341.1	N.2.1
OM037876.1	N.2.1
KT920680.1	N.2.1
MN106165.1	N.2.1
MF161719.1	N.2.1
HQ025981.1	N.2.1
KJ094899.1	N.2.1
ON992834.1	N.2.1
KT918662.1	N.2.1
KT918915.1	N.2.1
LC173702.1	N.2.1
KT919311.1	N.2.1
KY634579.1	N.2.1
KT919708.1	N.2.1
KY497558.1	N.2.1
MF168286.1	N.2.1
ON992831.1	N.2.1
MZ095591.1	N.2.1
MF168301.1	N.2.1
ON791894.1	N.2.1
KX363090.1	N.2.1
LC581227.1	N.2.1
MZ407241.1	N.2.1
ON992808.1	N.2.1
KJ752223.1	N.2.1
LC105343.1	N.2.1
JX027825.1	N.2.1
MZ165387.1	N.2.1
LC105095.1	N.2.1
JF490623.1	N.2.1
KJ751764.1	N.2.1
HM773597.1	N.2.1
KT918893.1	N.2.1
HM773751.1	N.2.1
KF812773.1	N.2.1
MZ065945.1	N.2.1
MT737639.1	N.2.1
KT919256.1	N.2.1
KX363130.1	N.2.1
MZ165383.1	N.2.1
JF490546.1	N.2.1
MZ065710.1	N.2.1
HQ343382.1	N.2.1
KX362904.1	N.2.1
ON791861.1	N.2.1
HQ657156.1	N.2.1
KJ626667.1	N.2.1
LC105365.1	N.2.1
KP882270.1	N.2.1
MZ095854.1	N.2.1
LC477588.1	N.2.1
KJ752146.1	N.2.1
KP645296.1	N.2.1
KM660128.1	N.2.1
LC569281.1	N.2.1
JQ069299.1	N.2.1
KT918860.1	N.2.1
ON992822.1	N.2.1
LC105210.1	N.2.1
LC372865.1	N.2.1
KT919014.1	N.2.1
KX363013.1	N.2.1
LC105474.1	N.2.1
KF680475.1	N.2.1
JQ069332.1	N.2.1
JN706608.1	N.2.1
JQ069335.1	N.2.1
MZ096278.1	N.2.1
MF168062.1	N.2.1
KJ753331.1	N.2.1
KP882886.1	N.2.1
MN066829.1	N.2.1
MN632812.1	N.2.1
LC477589.1	N.2.1
KT919521.1	N.2.1
JF490084.1	N.2.1
HQ392234.1	N.2.1
JQ069334.1	N.2.1
KT918695.1	N.2.1
MN479630.1	N.2.1
LC469525.1	N.2.1
JN651771.1	N.2.1
KT918607.1	N.2.1
MH169407.1	N.2.1
KP753152.1	N.2.1
LC464117.1	N.2.1
ON992855.1	N.2.1
LC569305.1	N.2.1
MN632691.1	N.2.1
LC668474.1	N.2.1
KJ626656.1	N.2.1
MZ096603.1	N.2.1
KF636329.1	N.2.1
MF168350.1	N.2.1
MF161810.1	N.2.1
MZ096246.1	N.2.1
LC019048.1	N.2.1
KX274517.1	N.2.1
MF469386.1	N.2.1
MH182455.1	N.2.1
KT919807.1	N.2.1
HM773630.1	N.2.1
KJ752234.1	N.2.1
LC173701.1	N.2.1
KT919300.1	N.2.1
ON992849.1	N.2.1
KY657934.1	N.2.1
MF469164.1	N.2.1
MW384381.1	N.2.1
ON791905.1	N.2.1
LC477573.1	N.2.1
JN128986.1	N.2.1
MN632768.1	N.2.1
KU048697.1	N.2.1
KJ751830.1	N.2.1
MW383974.1	N.2.1
KJ751874.1	N.2.1
MZ095635.1	N.2.1
ON992825.1	N.2.1
MG926699.1	N.2.1
MG181333.1	N.2.1
JX027901.1	N.2.1
MN633009.1	N.2.1
KJ870918.1	N.2.1
KJ753623.1	N.2.1
ON992758.1	N.2.1
JX683617.1	N.2.1
MT854474.1	N.2.1
KP753208.1	N.2.1
LC086754.1	N.2.1
JQ069300.1	N.2.1
KP883216.1	N.2.1
MN479621.1	N.2.1
KT920966.1	N.2.1
MG181553.1	N.2.1
MZ095931.1	N.2.1
MF168307.1	N.2.1
MW384238.1	N.2.1
MZ095482.1	N.2.1
KT921054.1	N.2.1
KP883161.1	N.2.1
MT855299.1	N.2.1
LC173736.1	N.2.1
JN869267.1	N.2.1
MZ096691.1	N.2.1
LC477564.1	N.2.1
MW384337.1	N.2.1
JF490139.1	N.2.1
KT919532.1	N.2.1
MN479596.1	N.2.1
KP882501.1	N.2.1
LC105463.1	N.2.1
KP753035.1	N.2.1
KT919212.1	N.2.1
KP882072.1	N.2.1
KT988159.1	N.2.1
KF371704.1	N.2.1
MZ096224.1	N.2.1
KY634568.1	N.2.1
JX683626.1	N.2.1
KT919653.1	N.2.1
KX362630.1	N.2.1
KJ751989.1	N.2.1
ON992815.1	N.2.1
MT737644.1	N.2.1
MT737650.1	N.2.1
MF168133.1	N.2.1
KT988258.1	N.2.1
KT920834.1	N.2.1
MW384370.1	N.2.1
KF636296.1	N.2.1
LC569651.1	N.2.1
KT918629.1	N.2.1
MF161846.1	N.2.1
KT919069.1	N.2.1
JQ069295.1	N.2.1
KJ752033.1	N.2.1
MW383985.1	N.2.1
KP882666.1	N.2.1
MZ097120.1	N.2.1
MF184825.1	N.2.1
JQ069297.1	N.2.1
KX362946.1	N.2.1
MZ096173.1	N.2.1
MZ095427.1	N.2.1
MT854694.1	N.2.1
MT854650.1	N.2.1
MZ096387.1	N.2.1
KC686927.1	N.2.1
MG670742.1	N.2.1
MW384117.1	N.2.1
MF469205.1	N.2.1
MN632888.1	N.2.1
MF580906.1	N.2.1
OM037931.1	N.2.1
JN706611.1	N.2.1
KT918805.1	N.2.1
KX274534.1	N.2.1
KT920801.1	N.2.1
JN869271.1	N.2.1
HQ343370.1	N.2.1
MN066942.1	N.2.1
MN632823.1	N.2.1
MF161968.1	N.2.1
HQ343356.1	N.2.1
KT919587.1	N.2.1
KT920713.1	N.2.1
KT918486.1	N.2.1
KF636197.1	N.2.1
KM026634.1	N.2.1
LC569300.1	N.2.1
MN632921.1	N.2.1
KU243420.1	N.2.1
KJ751687.1	N.2.1
MF469327.1	N.2.1
KU243418.1	N.2.1
OM038030.1	N.2.1
MF469416.1	N.2.1
MZ407384.1	N.2.1
LC227897.1	N.2.1
JF491106.1	N.2.1
KP882248.1	N.2.1
JF490744.1	N.2.1
JQ069306.1	N.2.1
KJ559105.1	N.2.1
MZ065582.1	N.2.1
KT918904.1	N.2.1
MZ066088.1	N.2.1
KC686930.1	N.2.1
LC173744.1	N.2.1
LC372887.1	N.2.1
MZ165390.1	N.2.1
KT919322.1	N.2.1
MT737645.1	N.2.1
KP752589.1	N.2.1
MN066850.1	N.2.1
KT919631.1	N.2.1
KX450372.1	N.2.1
KT919003.1	N.2.1
KM026659.1	N.2.1
MZ095372.1	N.2.1
KM660114.1	N.2.1
MH169411.1	N.2.1
KJ753734.1	N.2.1
MG181465.1	N.2.1
MZ096311.1	N.2.1
JF490706.1	N.2.1
MN106163.1	N.2.1
JF490314.1	N.2.1
JQ069341.1	N.2.1
KP881984.1	N.2.1
MF161829.1	N.2.1
MZ165389.1	N.2.1
LC208015.1	N.2.1
MT737641.1	N.2.1
MN632845.1	N.2.1
MF469397.1	N.2.1
MZ096493.1	N.2.1
ON992790.1	N.2.1
KJ753542.1	N.2.1
KJ753154.1	N.2.1
KM660115.1	N.2.1
LC173737.1	N.2.1
KT920856.1	N.2.1
MZ095547.1	N.2.1
MH002247.1	N.2.1
KF371891.1	N.2.1
JQ069322.1	N.2.1
JF490634.1	N.2.1
MN479691.1	N.2.1
KP883051.1	N.2.1
MT854727.1	N.2.1
KT919950.1	N.2.1
LC372909.1	N.2.1
KP882237.1	N.2.1
MZ096052.1	N.2.1
KJ752190.1	N.2.1
ON992759.1	N.2.1
MN479643.1	N.2.1
KX674707.1	N.2.1
KJ094898.1	N.2.1
KP882160.1	N.2.1
MW384106.1	N.2.1
DQ146689.1	N.2.1
KT919873.1	N.2.1
MF184755.1	N.2.1
KX363165.1	N.2.1
MN633031.1	N.2.1
MZ096257.1	N.2.1
ON992867.1	N.2.1
KT918453.1	N.2.1
LC477584.1	N.2.1
KX450366.1	N.2.1
MF168333.1	N.2.1
KY657933.1	N.2.1
KY497525.1	N.2.1
LC514554.1	N.2.1
KP752667.1	N.2.1
KX362773.1	N.2.1
KT919741.1	N.2.1
MZ096322.1	N.2.1
KJ753165.1	N.2.1
LC668540.1	N.2.1
ON992784.1	N.2.1
OM038019.1	N.2.1
KM660113.1	N.2.1
LC569316.1	N.2.1
HQ343346.1	N.2.1
AB938291.1	N.2.1
HQ392158.1	N.2.1
MN066768.1	N.2.1
KT920724.1	N.2.1
MZ407296.1	N.2.1
HQ343344.1	N.2.1
KF812780.1	N.2.1
KJ752810.1	N.2.1
LC491534.1	N.2.1
LC173633.1	N.2.1
KJ559222.1	N.2.1
MF469185.1	N.2.1
MW384018.1	N.2.1
KF636153.1	N.2.1
LC105040.1	N.2.1
KJ626623.1	N.2.1
MF161725.1	N.2.1
JQ069339.1	N.2.1
HM773850.1	N.2.1
LC569299.1	N.2.1
MZ096366.1	N.2.1
HM773619.1	N.2.1
JF490975.1	N.2.1
MZ095580.1	N.2.1
MF167972.1	N.2.1
MZ096344.1	N.2.1
MZ095843.1	N.2.1
KP645340.1	N.2.1
MF469142.1	N.2.1
LC374166.1	N.2.1
MZ096757.1	N.2.1
MW384392.1	N.2.1
MZ095416.1	N.2.1
MF161905.1	N.2.1
MN479606.1	N.2.1
LC056835.1	N.2.1
MF168170.1	N.2.1
KT919091.1	N.2.1
KM116055.1	N.2.1
JQ069331.1	N.2.1
MN479618.1	N.2.1
KT919234.1	N.2.1
KJ820898.1	N.2.1
HQ392290.1	N.2.1
MW384282.1	N.2.1
LC173741.1	N.2.1
LC668452.1	N.2.1
MF167981.1	N.2.1
ON992769.1	N.2.1
LC173594.1	N.2.1
KJ753015.1	N.2.1
LC514543.1	N.2.1
KT921087.1	N.2.1
HQ392400.1	N.2.1
KX363241.1	N.2.1
ON992763.1	N.2.1
LC581226.1	N.2.1
KU048687.1	N.2.1
LC491513.1	N.2.1
KP752786.1	N.2.1
KT918541.1	N.2.1
MN552115.1	N.2.1
KJ752581.1	N.2.1
JF490282.1	N.2.1
KJ752832.1	N.2.1
MN479694.1	N.2.1
KF812779.1	N.2.1
LC374089.1	N.2.1
KT918673.1	N.2.1
MW384029.1	N.2.1
MF168255.1	N.2.1
KP645307.1	N.2.1
MN632779.1	N.2.1
KT919829.1	N.2.1
KJ753177.1	N.2.1
MN479645.1	N.2.1
JQ069355.1	N.2.1
MZ066209.1	N.2.1
KJ752636.1	N.2.1
JF490997.1	N.2.1
JN013977.1	N.2.1
OM038008.1	N.2.1
ON992807.1	N.2.1
ON992812.1	N.2.1
KP882787.1	N.2.1
LC569331.1	N.2.1
MZ096746.1	N.2.1
KF371694.1	N.2.1
KT920669.1	N.2.1
JN869266.1	N.2.1
MN632702.1	N.2.1
KP882952.1	N.2.1
KJ751863.1	N.2.1
MT854661.1	N.2.1
MZ065725.1	N.2.1
OP850398.1	N.2.1
KT918827.1	N.2.1
MG670734.1	N.2.1
JN706617.1	N.2.1
KY497482.1	N.2.1
JF490513.1	N.2.1
KP882985.1	N.2.1
KJ751929.1	N.2.1
KJ454640.1	N.2.1
LC491524.1	N.2.1
KX450367.1	N.2.1
MF168310.1	N.2.1
MZ096768.1	N.2.1
JQ069370.1	N.2.1
LC569654.1	N.2.1
LC668496.1	N.2.1
MF469089.1	N.2.1
MT854826.1	N.2.1
KF812769.1	N.2.1
MN479609.1	N.2.1
KM026635.1	N.2.1
JQ069346.1	N.2.1
HM773707.1	N.2.1
KP882864.1	N.2.1
LC173707.1	N.2.1
ON791959.1	N.2.1
ON992777.1	N.2.1
MZ096845.1	N.2.1
KP752611.1	N.2.1
LC105267.1	N.2.1
KJ412739.1	N.2.1
MF161836.1	N.2.1
MF168329.1	N.2.1
JF490809.1	N.2.1
MF168342.1	N.2.1
MZ165382.1	N.2.1
JF490337.1	N.2.1
LC688297.1	N.2.1
MN479599.1	N.2.1
KU738577.1	N.2.1
LC227894.1	N.2.1
KT918739.1	N.2.1
KF726051.1	N.2.1
ON992799.1	N.2.1
MZ095953.1	N.2.1
LC173754.1	N.2.1
KX363176.1	N.2.1
JN651880.1	N.2.1
KJ751967.1	N.2.1
MZ096213.1	N.2.1
MT855255.1	N.2.1
MT737657.1	N.2.1
MW384084.1	N.2.1
HQ670636.1	N.2.1
KJ753067.1	N.2.1
OM037887.1	N.2.1
KM026638.1	N.2.1
MZ095515.1	N.2.1
KX674706.1	N.2.1
HQ657145.1	N.2.1
LC105354.1	N.2.1
KP753101.1	N.2.1
HQ343369.1	N.2.1
KJ753211.1	N.2.1
KU243405.1	N.2.1
KM116033.1	N.2.1
JX027869.1	N.2.1
LC173695.1	N.2.1
KT988280.1	N.2.1
ON992765.1	N.2.1
MZ096867.1	N.2.1
MZ095975.1	N.2.1
MF469317.1	N.2.1
KT919113.1	N.2.1
HQ343371.1	N.2.1
KT918948.1	N.2.1
KT920746.1	N.2.1
KT919862.1	N.2.1
KT921043.1	N.2.1
HQ343354.1	N.2.1
MN479700.1	N.2.1
KX778498.1	N.2.1
JN605422.1	N.2.1
MN632943.1	N.2.1
MW384007.1	N.2.1
MZ065857.1	N.2.1
MZ065604.1	N.2.1
MG181498.1	N.2.1
KJ627123.1	N.2.1
KU738578.1	N.2.1
MN067006.1	N.2.1
KP882292.1	N.2.1
MZ407285.1	N.2.1
MF621194.1	N.2.1
KU048695.1	N.2.1
LC569283.1	N.2.1
KU048684.1	N.2.1
ON992797.1	N.2.1
LC367296.1	N.2.1
LC368092.1	N.2.1
OQ544597.1	N.2.1
ON992814.1	N.2.1
KT918750.1	N.2.1
HQ343360.1	N.2.1
MF168358.1	N.2.1
MZ407252.1	N.2.1
KJ752932.1	N.2.1
KJ753143.1	N.2.1
KX778490.1	N.2.1
LC173697.1	N.2.1
ON992865.1	N.2.1
MZ097076.1	N.2.1
OM037843.1	N.2.1
LC722501.1	N.2.1
KP882974.1	N.2.1
LC056824.1	N.2.1
KT919763.1	N.2.1
JN635539.1	N.2.1
MF168142.1	N.2.1
JX027836.1	N.2.1
DQ146645.1	N.2.1
LC477560.1	N.2.1
KT919388.1	N.2.1
MZ096441.1	N.2.1
KP882215.1	N.2.1
LC477587.1	N.2.1
MZ097153.1	N.2.1
MZ095810.1	N.2.1
KJ753556.1	N.2.1
KC193608.2	N.2.1
HQ392114.1	N.2.1
KT919355.1	N.2.1
MN479610.1	N.2.1
MZ066154.1	N.2.1
JQ069301.1	N.2.1
LC569646.1	N.2.1
KT919124.1	N.2.1
LC374144.1	N.2.1
KT919565.1	N.2.1
JF490645.1	N.2.1
KT919201.1	N.2.1
KX655535.1	N.2.1
MN479617.1	N.2.1
KF371715.1	N.2.1
ON992800.1	N.2.1
OQ555627.1	N.2.1
LC569280.1	N.2.1
LC469527.1	N.2.1
KJ751587.1	N.2.1
KJ752302.1	N.2.1
KT918497.1	N.2.1
KP882919.1	N.2.1
MW384062.1	N.2.1
MT737660.1	N.2.1
ON992783.1	N.2.1
MH169403.1	N.2.1
KX778489.1	N.2.1
KU243404.1	N.2.1
LC491566.1	N.2.1
LC569302.1	N.2.1
LC364354.1	N.2.1
LC569658.1	N.2.1
MG670731.1	N.2.1
KF372010.1	N.2.1
MZ095624.1	N.2.1
KF812770.1	N.2.1
MN632856.1	N.2.1
KF371922.1	N.2.1
KJ752313.1	N.2.1
ON791948.1	N.2.1
KC155684.1	N.2.1
MN066818.1	N.2.1
JQ069361.1	N.2.1
MZ095920.1	N.2.1
MN479745.1	N.2.1
LC477577.1	N.2.1
LC173742.1	N.2.1
KM026641.1	N.2.1
OM038063.1	N.2.1
KX450370.1	N.2.1
LC569312.1	N.2.1
MH171425.1	N.2.1
KU048692.1	N.2.1
JF491029.1	N.2.1
MN479710.1	N.2.1
MT737632.1	N.2.1
MN106160.1	N.2.1
KT920779.1	N.2.1
MT854408.1	N.2.1
KT919499.1	N.2.1
MT854738.1	N.2.1
FJ747621.1	N.2.1
LC173774.1	N.2.1
MT854496.1	N.2.1
MZ407274.1	N.2.1
KM660121.1	N.2.1
KC686929.1	N.2.1
MN479639.1	N.2.1
MF161690.1	N.2.1
MF168182.1	N.2.1
KJ126813.1	N.2.1
MZ095350.1	N.2.1
ON992795.1	N.2.1
KF812776.1	N.2.1
KP883018.1	N.2.1
KP753219.1	N.2.1
KT919168.1	N.2.1
KX362893.1	N.2.1
KT988203.1	N.2.1
MN632680.1	N.2.1
MF168002.1	N.2.1
AB938290.1	N.2.1
KT921076.1	N.2.1
MH171426.1	N.2.1
KT918530.1	N.2.1
KT918585.1	N.2.1
JX027858.1	N.2.1
ON992813.1	N.2.1
MN106164.1	N.2.1
AB861974.1	N.2.1
KU048690.1	N.2.1
MZ955397.1	N.2.1
MF469284.1	N.2.1
MZ095964.1	N.2.1
OQ815903.1	N.2.1
JF490249.1	N.2.1
JQ087441.1	N.2.1
KM116044.1	N.2.1
KF371999.1	N.2.1
MF580908.1	N.2.1
ON992833.1	N.2.1
KC822938.1	N.2.1
KT919510.1	N.2.1
JX683000.1	N.2.1
MZ096779.1	N.2.1
ON791937.1	N.2.1
JQ069304.1	N.2.1
JN706609.1	N.2.1
ON992863.1	N.2.1
JX027956.1	N.2.1
MF168057.1	N.2.1
MF580909.1	N.2.1
ON992840.1	N.2.1
JF490799.1	N.2.1
LC105062.1	N.2.1
MT737634.1	N.2.1
MZ095722.1	N.2.1
MN066739.1	N.2.1
ON992773.1	N.2.1
LC105221.1	N.2.1
KT918409.1	N.2.1
EF560709.1	N.2.1
KP882754.1	N.2.1
MT855090.1	N.2.1
MZ095613.1	N.2.1
KM026647.1	N.2.1
MN551948.1	N.2.1
LC173687.1	N.2.1
KX274509.1	N.2.1
JF490183.1	N.2.1
MN632790.1	N.2.1
KT918816.1	N.2.1
HQ343367.1	N.2.1
ON992781.1	N.2.1
KT988214.1	N.2.1
HM773641.1	N.2.1
AB938285.1	N.2.1
MZ095909.1	N.2.1
MN066962.1	N.2.1
KJ752920.1	N.2.1
LC105051.1	N.2.1
MW384403.1	N.2.1
MZ096515.1	N.2.1
MW827717.1	N.2.1
KP882798.1	N.2.1
KX363079.1	N.2.1
MT737649.1	N.2.1
HQ343366.1	N.2.1
MT854881.1	N.2.1
MG181520.1	N.2.1
HQ392344.1	N.2.1
NSP2::DQ492676.1:46-1000	N.2.1
JN869268.1	N.2.1
MZ096790.1	N.2.1
MZ407351.1	N.2.1
MZ096614.1	N.2.1
MH169406.1	N.2.1
MN632735.1	N.2.1
LC491545.1	N.2.1
KX655491.1	N.2.1
ON992794.1	N.2.1
KX450368.1	N.2.1
MW384315.1	N.2.1
LC569282.1	N.2.1
MG670751.1	N.2.1
KY634693.1	N.2.1
JF490952.1	N.2.1
KJ626901.1	N.2.1
MT855431.1	N.2.1
MZ095602.1	N.2.1
ON992856.1	N.2.1
MZ095438.1	N.2.1
KF371858.1	N.2.1
KJ753453.1	N.2.1
MZ097314.1	N.2.1
KJ752291.1	N.2.1
MN633042.1	N.2.1
OM037854.1	N.2.1
MZ096289.1	N.2.1
MT737651.1	N.2.1
MG670735.1	N.2.1
KJ583159.1	N.2.1
KF636186.1	N.2.1
KT920757.1	N.2.1
OP850399.1	N.2.1
KC155679.1	N.2.1
JX027934.1	N.2.1
KP882963.1	N.2.1
HM773729.1	N.2.1
MH182452.1	N.2.1
MT855398.1	N.2.1
MF168124.1	N.2.1
MN479614.1	N.2.1
MF168189.1	N.2.1
MN417961.1	N.2.1
KU048694.1	N.2.1
ON992779.1	N.2.1
KP882776.1	N.2.1
MN632954.1	N.2.1
KT920955.1	N.2.1
KJ753745.1	N.2.1
KT919719.1	N.2.1
MF469226.1	N.2.1
KU048700.1	N.2.1
MN067128.1	N.2.1
MT854793.1	N.2.1
KJ753125.1	N.2.1
KT919686.1	N.2.1
JN626233.1	N.2.1
LC105277.1	N.2.1
JQ069316.1	N.2.1
LC173706.1	N.2.1
MZ095832.1	N.2.1
OQ555649.1	N.2.1
JX027891.1	N.2.1
MH169410.1	N.2.1
MN479752.1	N.2.1
KX363002.1	N.2.1
KT918651.1	N.2.1
LC374078.1	N.2.1
MH301211.1	N.2.1
KM660117.1	N.2.1
KT918464.1	N.2.1
MN577185.1	N.2.1
KX778496.1	N.2.1
LC019103.1	N.2.1
MH169404.1	N.2.1
KP883172.1	N.2.1
KJ753700.1	N.2.1
KF371748.1	N.2.1
MH171433.1	N.2.1
MW692161.1	N.2.1
MF161544.1	N.2.1
KT918596.1	N.2.1
MF184773.1	N.2.1
KP883040.1	N.2.1
KJ626878.1	N.2.1
MT737656.1	N.2.1
MZ097142.1	N.2.1
KX674709.1	N.2.1
DQ492676.1	N.2.1
KT921065.1	N.2.1
KT223439.1	N.2.1
KJ126811.1	N.2.1
LC105485.1	N.2.1
KP882138.1	N.2.1
KX274530.1	N.2.1
KM026636.1	N.2.1
MT005294.1	N.2.1
KU243425.1	N.2.1
KT919399.1	N.2.1
MT855387.1	N.2.1
KP883007.1	N.2.1
MZ096856.1	N.2.1
MT300308.1	N.2.1
MF580905.1	N.2.1
HQ702247.1	N.2.1
ON992792.1	N.2.1
KX274531.1	N.2.1
KU360971.1	N.2.1
MW280877.1	N.2.1
MN479688.1	N.2.1
ON992816.1	N.2.1
LC105529.1	N.2.1
MZ066055.1	N.2.1
KJ918911.1	N.2.1
KT918717.1	N.2.1
LC569648.1	N.2.1
KT920889.1	N.2.1
KJ753567.1	N.2.1
MN479680.1	N.2.1
LC469528.1	N.2.1
KJ753288.1	N.2.1
MN479697.1	N.2.1
KT919278.1	N.2.1
KM660138.1	N.2.1
KT918684.1	N.2.1
MZ096419.1	N.2.1
OM037953.1	N.2.1
KU048701.1	N.2.1
LC173603.1	N.2.1
MN479631.1	N.2.1
MT854837.1	N.2.1
MT854529.1	N.2.1
JN869269.1	N.2.1
MN479696.1	N.2.1
MF168262.1	N.2.1
JF491062.1	N.2.1
KX363205.1	N.2.1
KP882127.1	N.2.1
KP882622.1	N.2.1
KF371663.1	N.2.1
KX274536.1	N.2.1
MN479619.1	N.2.1
JF490227.1	N.2.1
JQ069324.1	N.2.1
KJ753277.1	N.2.1
JQ069310.1	N.2.1
KU048682.1	N.2.1
MW384293.1	N.2.1
KJ753100.1	N.2.1
LC668441.1	N.2.1
KT921032.1	N.2.1
KX274535.1	N.2.1
KT920845.1	N.2.1
MZ096398.1	N.2.1
KJ752788.1	N.2.1
LC105018.1	N.2.1
KT918783.1	N.2.1
MW384183.1	N.2.1
KU243407.1	N.2.1
MF161681.1	N.2.1
LC569288.1	N.2.1
KT919477.1	N.2.1
HQ702214.1	N.2.1
KX363068.1	N.2.1
KU048681.1	N.2.1
KJ753796.1	N.2.1
MN746057.1	N.2.1
KT919190.1	N.2.1
KY000553.1	N.2.1
JF490326.1	N.2.1
KJ627043.1	N.2.1
KT921021.1	N.2.1
MT854584.1	N.2.1
LC581229.1	N.2.1
MF469273.1	N.2.1
KT988192.1	N.2.1
LC173721.1	N.2.1
ON992823.1	N.2.1
KP882061.1	N.2.1
KJ753755.1	N.2.1
MF168366.1	N.2.1
HM773740.1	N.2.1
JQ069330.1	N.2.1
MZ066044.1	N.2.1
MZ096878.1	N.2.1
LC173681.1	N.2.1
MF168100.1	N.2.1
KJ752465.1	N.2.1
KT918981.1	N.2.1
JX027703.1	N.2.1
LC569298.1	N.2.1
KM026639.1	N.2.1
KF371770.1	N.2.1
MN551979.1	N.2.1
KT919895.1	N.2.1
MH301207.1	N.2.1
KT918728.1	N.2.1
KP881918.1	N.2.1
KT988170.1	N.2.1
MZ095504.1	N.2.1
MH169397.1	N.2.1
LC569307.1	N.2.1
DQ146678.1	N.2.1
KF371781.1	N.2.1
MH169405.1	N.2.1
KJ752943.1	N.2.1
MZ095733.1	N.2.1
KJ583170.1	N.2.1
OL906386.1	N.2.1
MZ065637.1	N.2.1
HM773762.1	N.2.1
DQ146656.1	N.2.1
MZ065659.1	N.2.1
MZ095821.1	N.2.1
KC769356.1	N.2.1
JF490986.1	N.2.1
MZ095887.1	N.2.1
KT920625.1	N.2.1
MF168035.1	N.2.1
KJ126814.1	N.2.1
LC569335.1	N.2.1
JF790300.1	N.2.1
MF161895.1	N.2.1
JN128998.1	N.2.1
JQ087430.1	N.2.1
KP881973.1	N.2.1
MG670744.1	N.2.1
ON992835.1	N.2.1
HQ343357.1	N.2.1
KJ094901.1	N.2.1
LC173724.1	N.2.1
JQ069309.1	N.2.1
HM773839.1	N.2.1
JQ069343.1	N.2.1
KX274537.1	N.2.1
MZ096377.1	N.2.1
ON992838.1	N.2.1
ON992821.1	N.2.1
MT854958.1	N.2.1
LC173694.1	N.2.1
KF636274.1	N.2.1
LC439275.1	N.2.1
KJ751819.1	N.2.1
KX362817.1	N.2.1
KU048699.1	N.2.1
HQ343372.1	N.2.1
LC374100.1	N.2.1
HM773718.1	N.2.1
JQ069290.1	N.2.1
KC686935.1	N.2.1
JF490579.1	N.2.1
OP901811.1	N.2.1
MN529653.1	N.2.1
MF168315.1	N.2.1
OQ555616.1	N.2.1
MN632899.1	N.2.1
KT919080.1	N.2.1
KX362969.1	N.2.1
MT855409.1	N.2.1
LC173765.1	N.2.1
JX185765.1	N.2.2
KJ626700.1	N.2.2
EF672594.1	N.2.2
MT854551.1	N.2.2
KC579766.1	N.2.2
KJ559374.1	N.2.2
KJ559200.1	N.2.2
KP752422.1	N.2.2
KJ918925.1	N.2.2
KJ751676.1	N.2.2
KJ918905.1	N.2.2
JX683620.1	N.2.2
JX683619.1	N.2.2
KC579956.1	N.2.2
KJ918899.1	N.2.2
KJ752669.1	N.2.2
FJ947237.1	N.2.2
KJ559267.1	N.2.2
KJ559308.1	N.2.2
KC822936.1	N.2.2
KC580475.1	N.2.2
KC580082.1	N.2.2
KC580574.1	N.2.2
KJ627145.1	N.2.2
KJ627006.1	N.2.2
MF161543.1	N.2.2
FJ947413.1	N.2.2
KJ752559.1	N.2.2
KC580317.1	N.2.2
KC580546.1	N.2.2
MF161935.1	N.2.2
MT855002.1	N.2.2
FJ947833.1	N.2.2
KJ753089.1	N.2.2
KJ559071.1	N.2.2
KJ751553.1	N.2.2
HQ392459.1	N.2.2
KC579709.1	N.2.2
KT695144.1	N.2.2
MF161720.1	N.2.2
KC579571.1	N.2.2
MG181399.1	N.2.2
JX027880.1	N.2.2
MT854639.1	N.2.2
JQ926543.1	N.2.2
KC580619.1	N.2.2
KJ752865.1	N.2.2
KJ753475.1	N.2.2
KC579615.1	N.2.2
FJ947391.1	N.2.2
MT854683.1	N.2.2
MT855145.1	N.2.2
JQ926553.1	N.2.2
KP645263.1	N.2.2
KC579967.1	N.2.2
HQ392378.1	N.2.2
MF161609.1	N.2.2
HM773916.1	N.2.2
HQ392136.1	N.2.2
MG181432.1	N.2.2
MT855013.1	N.2.2
KC580452.1	N.2.2
MG181234.1	N.2.2
MT854914.1	N.2.2
FJ947215.1	N.2.2
MF161868.1	N.2.2
KC579698.1	N.2.2
MT855189.1	N.2.2
KJ918933.1	N.2.2
MT855211.1	N.2.2
MG181278.1	N.2.2
HM773927.1	N.2.2
HM773960.1	N.2.2
KJ918887.1	N.2.2
HQ392102.1	N.2.2
KU861430.1	N.2.2
KC579604.1	N.2.2
KJ412728.1	N.2.2
KP752819.1	N.2.2
JN258849.1	N.2.2
KJ753612.1	N.2.2
KJ412706.1	N.2.2
KC686932.1	N.2.2
KJ753255.1	N.2.2
FJ947358.1	N.2.2
FJ947855.1	N.2.2
KP753045.1	N.2.2
KU861441.1	N.2.2
MT855024.1	N.2.2
KP752633.1	N.2.2
KJ559319.1	N.2.2
KC580172.1	N.2.2
KJ751576.1	N.2.2
KJ559330.1	N.2.2
KC579942.1	N.2.2
KJ751786.1	N.2.2
KJ752412.1	N.2.2
JQ926542.1	N.2.2
JQ069369.1	N.2.2
KJ918934.1	N.2.2
FJ947888.1	N.2.2
KJ918904.1	N.2.2
HQ343376.1	N.2.2
HQ392125.1	N.2.2
HQ127391.1	N.2.2
HQ392268.1	N.2.2
KJ626838.1	N.2.2
KC193619.1	N.2.2
MG181300.1	N.2.2
MT855123.1	N.2.2
KJ918932.1	N.2.2
KJ559286.1	N.2.2
KC579777.1	N.2.2
KJ559186.1	N.2.2
KX632349.1	N.2.2
KJ752537.1	N.2.2
KJ918879.1	N.2.2
MG181256.1	N.2.2
JN258794.1	N.2.2
KJ918881.1	N.2.2
KT695078.1	N.2.2
KC580353.1	N.2.2
KJ752965.1	N.2.2
JF766596.1	N.2.2
MG181377.1	N.2.2
KC580510.1	N.2.2
HM773938.1	N.2.2
KU861452.1	N.2.2
MN551962.1	N.2.2
JQ069373.1	N.2.2
KC579990.1	N.2.2
HQ127393.1	N.2.2
FJ947182.1	N.2.2
KJ752437.1	N.2.2
KC580386.1	N.2.2
HQ392444.1	N.2.2
JN258902.1	N.2.2
KC822932.1	N.2.2
DQ146696.1	N.2.2
MT855057.1	N.2.2
KC443307.1	N.2.2
KJ918931.1	N.2.2
KJ753772.1	N.2.2
KJ752493.1	N.2.2
KJ918914.1	N.2.2
JN258332.1	N.2.2
HQ127395.1	N.2.2
FJ947270.1	N.2.2
KT695056.1	N.2.2
KC580499.1	N.2.2
MG181245.1	N.2.2
FJ947226.1	N.2.2
KP752738.1	N.2.2
KC579742.1	N.2.2
KC580050.1	N.2.2
KC686925.1	N.2.2
MT854903.1	N.2.2
KC579851.1	N.2.2
KC580228.1	N.2.2
HQ127394.1	N.2.2
JQ988895.1	N.2.2
KJ918872.1	N.2.2
KC686926.1	N.2.2
JN258935.1	N.2.2
KC580397.1	N.2.2
KF371737.1	N.2.2
MG181410.1	N.2.2
FJ947325.1	N.2.2
KJ559363.1	N.2.2
MF161894.1	N.2.2
KJ559157.1	N.2.2
KJ918921.1	N.2.2
KP645318.1	N.2.2
JQ926544.1	N.2.2
JF490601.1	N.2.2
KT695122.1	N.2.2
KJ753837.1	N.2.2
KT695100.1	N.2.2
HQ343345.1	N.2.2
KJ559133.1	N.2.2
KJ918886.1	N.2.2
MH171428.1	N.2.2
KJ752423.1	N.2.2
HM773949.1	N.2.2
HQ392433.1	N.2.2
KJ918967.1	N.2.2
MF161813.1	N.2.2
KC769345.1	N.2.2
KJ559121.1	N.2.2
MT855277.1	N.2.2
KC580149.1	N.2.2
HQ343375.1	N.2.2
MG181344.1	N.2.2
MG181289.1	N.2.2
KJ559297.1	N.2.2
FJ947292.1	N.2.2
HQ127392.1	N.2.2
JQ926552.1	N.2.2
KC580250.1	N.2.2
KJ918915.1	N.2.2
HQ392080.1	N.2.2
MG181311.1	N.2.2
KJ559106.1	N.2.2
KU861463.1	N.2.2
KC580239.1	N.2.2
KJ752897.1	N.2.2
KJ753497.1	N.2.2
MT855244.1	N.2.2
JQ069353.1	N.2.2
KJ752280.1	N.2.2
MT854617.1	N.2.2
KM026616.1	N.2.2
KC579810.1	N.2.2
KJ918900.1	N.2.2
KJ753508.1	N.2.2
MT854562.1	N.2.2
KJ559245.1	N.2.2
MH171427.1	N.2.2
KC580342.1	N.2.2
FJ947424.1	N.2.2
MF161925.1	N.2.2
MT854628.1	N.2.2
KT695067.1	N.2.2
HQ343349.1	N.2.2
KC580597.1	N.2.2
KJ752876.1	N.2.2
KP752545.1	N.2.2
JQ926551.1	N.2.2
KC579923.1	N.2.2
KC579471.1	N.2.2
KJ559060.1	N.2.2
KJ918909.1	N.2.2
KJ412638.1	N.2.2
KM026624.1	N.2.2
JF304933.1	N.2.2
KJ753670.1	N.2.2
JF490777.1	N.2.2
MT855101.1	N.2.2
JQ926545.1	N.2.2
KJ752324.1	N.2.2
KJ752954.1	N.2.2
KJ559385.1	N.2.2
JQ926550.1	N.2.2
JN651825.1	N.2.2
KC155673.1	N.2.2
EF672601.1	N.2.2
MF161650.1	N.2.2
KM026623.1	N.2.2
MG181366.1	N.2.2
JQ069329.1	N.2.2
KM026625.1	N.2.2
HM773872.1	N.2.2
HQ343368.1	N.2.2
HQ392390.1	N.2.2
MT855046.1	N.2.2
HQ392224.1	N.2.2
KC443572.1	N.2.2
KP752523.1	N.2.2
KC579753.1	N.2.2
HQ392422.1	N.2.2
KJ627108.1	N.2.2
KM026621.1	N.2.2
KU360973.1	N.2.2
JQ926549.1	N.2.2
KJ559144.1	N.2.2
KJ753233.1	N.2.2
MG181443.1	N.2.2
KC155674.1	N.2.2
KJ918942.1	N.2.2
HM773883.1	N.2.2
KJ559352.1	N.2.2
KC579638.1	N.2.2
MT854595.1	N.2.2
KJ753342.1	N.2.2
KP645285.1	N.2.2
KC579834.1	N.2.2
MG181388.1	N.2.2
KC579516.1	N.2.2
KJ918877.1	N.2.2
AB753240.1	N.2.2
KT695133.1	N.2.2
MF161641.1	N.2.2
ON960244.1	N.2.2
KJ752821.1	N.2.2
KJ559233.1	N.2.2
MT855233.1	N.2.2
MT855200.1	N.2.2
KC195754.1	N.2.2
KJ752799.1	N.2.2
JF490733.1	N.2.2
KJ753578.1	N.2.2
HQ392014.1	N.2.2
KJ752515.1	N.2.2
JX683618.1	N.2.2
KC580463.1	N.2.2
HQ392025.1	N.2.2
HQ392322.1	N.2.2
HQ392169.1	N.2.2
KC579582.1	N.2.2
KJ559268.1	N.2.2
MT855035.1	N.2.2
KT695155.1	N.2.2
HQ392091.1	N.2.2
KJ412695.1	N.2.2
KC579659.1	N.2.2
JQ926547.1	N.2.2
KJ559173.1	N.2.2
MG181267.1	N.2.2
KF636219.1	N.2.2
HQ392213.1	N.2.2
KC580533.1	N.2.2
KT695089.1	N.2.2
HQ343381.1	N.2.2
KJ559256.1	N.2.2
KC580012.1	N.2.2
MG181938.1	N.2.2
MF161862.1	N.2.2
JQ926548.1	N.2.2
KC579788.1	N.2.2
JQ069328.1	N.2.2
HQ127390.1	N.2.2
MT855068.1	N.2.2
HQ343364.1	N.2.2
KC580273.1	N.2.2
JN258816.1	N.2.2
MF161598.1	N.2.2
JQ069365.1	N.2.2
KJ918873.1	N.2.2
KJ918898.1	N.2.2
JN706616.1	N.2.2
KM026626.1	N.2.2
KC580563.1	N.2.2
KJ753244.1	N.2.2
MN552126.1	N.2.2
JQ926546.1	N.2.2
KJ918963.1	N.2.2
MG181355.1	N.2.2
KC442910.1	N.2.2
MT855112.1	N.2.2
KT695111.1	N.2.2
KC686928.1	N.2.2
KJ752625.1	N.2.2
KJ753299.1	N.2.2
MT854573.1	N.2.2
KC579593.1	N.2.2
MG181421.1	N.2.2
KC580408.1	N.2.2
KJ753761.1	N.2.2
JN258802.1	N.2.2
HQ392190.1	N.2.2
MZ095275.1	N.2.3
MZ093875.1	N.2.3
MZ094508.1	N.2.3
KP882743.1	N.2.3
MZ095253.1	N.2.3
MZ093916.1	N.2.3
KJ753419.1	N.2.3
MZ097043.1	N.2.3
MZ094836.1	N.2.3
MZ094684.1	N.2.3
KX632316.1	N.2.3
MZ095209.1	N.2.3
MZ095033.1	N.2.3
MZ094640.1	N.2.3
MZ094552.1	N.2.3
MZ095121.1	N.2.3
MZ097065.1	N.2.3
MZ094574.1	N.2.3
MZ095339.1	N.2.3
KJ753634.1	N.2.3
MZ093810.1	N.2.3
MZ095132.1	N.2.3
MZ094978.1	N.2.3
MZ095198.1	N.2.3
KJ918927.1	N.2.3
KP753253.1	N.2.3
KP882732.1	N.2.3
MZ094486.1	N.2.3
MZ097010.1	N.2.3
MZ094585.1	N.2.3
MZ095264.1	N.2.3
MZ097087.1	N.2.3
MH301204.1	N.2.3
MZ093947.1	N.2.3
MZ094989.1	N.2.3
MZ095055.1	N.2.3
MZ095286.1	N.2.3
MZ096900.1	N.2.3
MZ093854.1	N.2.3
MZ095000.1	N.2.3
MZ094825.1	N.2.3
MZ097054.1	N.2.3
MZ094750.1	N.2.3
KP752749.1	N.2.3
MZ094629.1	N.2.3
MZ094607.1	N.2.3
MZ094541.1	N.2.3
MZ094923.1	N.2.3
JN605455.1	N.2.3
MZ094596.1	N.2.3
MZ093683.1	N.2.3
KX632327.1	N.2.3
MZ093716.1	N.2.3
MZ094793.1	N.2.3
KX632250.1	N.2.3
KU048702.1	N.2.3
MZ095022.1	N.2.3
MZ096977.1	N.2.3
MZ094442.1	N.2.3
KP882710.1	N.2.3
MZ095176.1	N.2.3
MZ095066.1	N.2.3
MZ094618.1	N.2.3
MZ095394.1	N.2.3
MZ093749.1	N.2.3
MZ093865.1	N.2.3
MZ094934.1	N.2.3
MZ094869.1	N.2.3
MZ094814.1	N.2.3
MZ094912.1	N.2.3
MZ094772.1	N.2.3
KJ751753.1	N.2.3
MZ094858.1	N.2.3
KJ753078.1	N.2.3
MZ095297.1	N.2.3
MZ094717.1	N.2.3
MZ093694.1	N.2.3
MZ097032.1	N.2.3
MZ094739.1	N.2.3
MH301209.1	N.2.3
MZ094890.1	N.2.3
MZ095242.1	N.2.3
OQ201493.1	N.2.3
MZ096988.1	N.2.3
MZ095044.1	N.2.3
MZ093705.1	N.2.3
MZ096999.1	N.2.3
MZ093896.1	N.2.3
KX632294.1	N.2.3
MZ095220.1	N.2.3
MZ093664.1	N.2.3
KX632305.1	N.2.3
KP752978.1	N.2.3
MZ097021.1	N.2.3
KP882699.1	N.2.3
MZ094453.1	N.2.3
MZ097229.1	N.2.3
JQ069340.1	N.2.3
MZ095011.1	N.2.3
MZ094530.1	N.2.3
MZ094967.1	N.2.3
MZ095088.1	N.2.3
MZ095110.1	N.2.3
MT854705.1	N.2.3
MZ094761.1	N.2.3
MT854859.1	N.2.3
MZ094662.1	N.2.3
MZ094673.1	N.2.3
MZ094464.1	N.2.3
MZ095231.1	N.2.3
MZ094728.1	N.2.3
MZ094945.1	N.2.3
MZ093738.1	N.2.3
MZ094475.1	N.2.3
MZ095099.1	N.2.3
MT854848.1	N.2.3
MZ094497.1	N.2.3
MZ093821.1	N.2.3
MZ094651.1	N.2.3
MZ093800.1	N.2.3
MZ093843.1	N.2.3
FJ206128.1	N.2.4
FJ206143.1	N.2.4
FJ206141.1	N.2.4
FJ206145.1	N.2.4
FJ206120.1	N.2.4
DQ494401.1	N.2.4
FJ206131.1	N.2.4
MF940728.1	N.2.4
FJ206134.1	N.2.4
FJ206122.1	N.2.4
MF940618.1	N.2.4
FJ206130.1	N.2.4
KF500181.1	N.2.4
FJ206158.1	N.2.4
FJ206110.1	N.2.4
FJ206150.1	N.2.4
FJ206160.1	N.2.4
FJ206126.1	N.2.4
GU188281.1	N.2.4
FJ206154.1	N.2.4
MF940619.1	N.2.4
FJ206155.1	N.2.4
FJ206139.1	N.2.4
FJ206148.1	N.2.4
JX971576.1	N.2.4
MF940621.1	N.2.4
MF940620.1	N.2.4
MF940731.1	N.2.4
EU542712.1	N.2.4
FJ206118.1	N.2.4
MW725575.1	N.2.4
FJ206146.1	N.2.4
FJ206152.1	N.2.4
FJ206136.1	N.2.4
FJ206133.1	N.2.4
FJ206123.1	N.2.4
FJ206125.1	N.2.4
FJ206114.1	N.2.4
DQ494402.1	N.2.4
EU542709.1	N.2.4
EU542711.1	N.2.4
MF940730.1	N.2.4
EU542708.1	N.2.4
FJ206157.1	N.2.4
MF940622.1	N.2.4
EU542710.1	N.2.4
MF940732.1	N.2.4
MF940729.1	N.2.4
EU542713.1	N.2.4
FJ206112.1	N.2.4
KU740023.1	N.2.5
MN479733.1	N.2.6
KC580093.1	N.2.6
MN479698.1	N.2.6
KC580261.1	N.2.6
MN479744.1	N.2.6
KC579720.1	N.2.6
FJ423152.1	N.2.6
MN479712.1	N.2.6
KC580364.1	N.2.6
MN479736.1	N.2.6
MN479686.1	N.2.6
KJ659460.1	N.2.6
KC579887.1	N.2.6
KC580441.1	N.2.6
MN479735.1	N.2.6
MN479740.1	N.2.6
MT025855.1	N.2.6
HQ343347.1	N.2.6
MN479693.1	N.2.6
MN479695.1	N.2.6
JX406754.1	N.2.6
MT025854.1	N.2.6
MN479704.1	N.2.6
MN479726.1	N.2.6
KC580375.1	N.2.6
MN479713.1	N.2.6
KU861419.1	N.2.6
MN479672.1	N.2.6
KT695034.1	N.2.6
FJ423131.1	N.2.6
KC580127.1	N.2.6
MN479666.1	N.2.6
MN479676.1	N.2.6
KU861408.1	N.2.6
MN479701.1	N.2.6
MT854364.1	N.2.6
KC579979.1	N.2.6
MT855288.1	N.2.6
KC579876.1	N.2.6
MN479667.1	N.2.6
HQ343373.1	N.2.6
KT695012.1	N.2.6
KU861397.1	N.2.6
KC580023.1	N.2.6
FJ947314.1	N.2.6
FJ423120.1	N.2.6
MN479674.1	N.2.6
MN479689.1	N.2.6
MT854419.1	N.2.6
MN479719.1	N.2.6
MN479706.1	N.2.6
KM026611.1	N.2.6
MN479737.1	N.2.6
MN479730.1	N.2.6
KT695023.1	N.2.6
MN479725.1	N.2.6
MN479721.1	N.2.6
MN479634.1	N.2.6
MN479738.1	N.2.6
MN479699.1	N.2.6
KT695001.1	N.2.6
MN479677.1	N.2.6
MN479742.1	N.2.6
MN479675.1	N.2.6
MN479678.1	N.2.6
KJ659449.1	N.2.6
KT694990.1	N.2.6
FJ947877.1	N.2.6
MT854518.1	N.2.6
KC579821.1	N.2.6
MN479640.1	N.2.6
KC580195.1	N.2.6
KC178728.1	N.2.6
KT694979.1	N.2.6
MT855134.1	N.2.6
OK872256.1	N.2.6
MT796885.1	N.2.6
MN479690.1	N.2.6
MN479734.1	N.2.6
KC580430.1	N.2.6
MT854892.1	N.2.6
MN479724.1	N.2.6
FJ947248.1	N.2.6
MN479652.1	N.2.6
FJ947866.1	N.2.6
KT695045.1	N.2.6
KM026613.1	N.2.6
MT855332.1	N.2.6
MN479728.1	N.2.6
MN479723.1	N.2.6
MN479746.1	N.2.6
KT694957.1	N.2.6
HQ343374.1	N.2.6
MN479741.1	N.2.6
KT694946.1	N.2.6
KU861386.1	N.2.6
KC579899.1	N.2.6
MN479720.1	N.2.6
KC579538.1	N.2.6
KC580293.1	N.2.6
MN479670.1	N.2.6
MN479718.1	N.2.6
MT854386.1	N.2.6
MT854463.1	N.2.6
MN479722.1	N.2.6
KM026612.1	N.2.6
MN479673.1	N.2.6
FJ423142.1	N.2.6
MN479716.1	N.2.6
MN479711.1	N.2.6
KT694968.1	N.2.6
MN479692.1	N.2.6
LC173604.1	N.2.7
KJ918906.1	N.2.7
MZ955400.1	N.2.7
KT988247.1	N.2.7
KJ918952.1	N.2.7
EU984099.1	N.2.7
KJ918907.1	N.2.7
KJ918902.1	N.2.7
MN223995.1	N.2.7
JF521468.1	N.2.7
KM026631.1	N.2.7
KJ559049.1	N.2.7
KJ918919.1	N.2.7
LC173601.1	N.2.7
KJ918875.1	N.2.7
KC020031.1	N.2.7
KJ918892.1	N.2.7
LC173593.1	N.2.7
JN651836.1	N.2.7
MZ955398.1	N.2.7
MZ095328.1	N.2.7
KJ918941.1	N.2.7
AF506014.1	N.2.7
OP255985.1	N.2.7
KC155675.1	N.2.7
KJ918908.1	N.2.7
KF680472.1	N.2.7
MW280876.1	N.2.7
KJ918939.1	N.2.7
LC173605.1	N.2.7
KJ918972.1	N.2.7
KY497547.1	N.2.7
KY657926.1	N.2.7
KJ918901.1	N.2.7
KJ918924.1	N.2.7
MZ095317.1	N.2.7
HQ392061.1	N.2.7
KJ918885.1	N.2.7
MN577184.1	N.2.7
KJ559093.1	N.2.7
KJ918878.1	N.2.7
MN223999.1	N.2.7
KJ559025.1	N.2.7
MN746035.1	N.2.7
KJ918903.1	N.2.7
KJ918897.1	N.2.7
KJ918876.1	N.2.7
KJ918935.1	N.2.7
KC195765.1	N.2.7
KJ918929.1	N.2.7
MN746101.1	N.2.7
KJ918888.1	N.2.7
LC173588.1	N.2.7
KJ918912.1	N.2.7
JQ069368.1	N.2.7
MK953570.1	N.2.7
KJ918880.1	N.2.7
JX682999.1	N.2.7
JN258387.1	N.2.7
KY657925.1	N.2.7
KY657928.1	N.2.7
KJ918964.1	N.2.7
MN746046.1	N.2.7
KJ918957.1	N.2.7
KJ559082.1	N.2.7
HQ392036.1	N.2.7
MK953579.1	N.2.7
KJ918893.1	N.2.7
KJ918896.1	N.2.7
KT223438.1	N.2.7
JF521479.1	N.2.7
KJ559211.1	N.2.7
MZ093936.1	N.2.7
KJ918943.1	N.2.7
KJ918958.1	N.2.7
JQ069323.1	N.2.7
KY657924.1	N.2.7
KJ918945.1	N.2.7
OP950165.1	N.2.7
KJ918938.1	N.2.7
KJ918882.1	N.2.7
KJ918960.1	N.2.7
LC173597.1	N.2.7
LC173599.1	N.2.7
KJ918916.1	N.2.7
KJ918969.1	N.2.7
MZ095308.1	N.2.7
KJ918874.1	N.2.7
MZ095077.1	N.2.7
KT988236.1	N.2.7
KJ918965.1	N.2.7
OP850400.1	N.2.7
JN258343.1	N.2.7
KY657927.1	N.2.7
JQ863316.1	N.2.7
KJ918930.1	N.2.7
KJ918894.1	N.2.7
HQ609568.1	N.2.7
KJ918890.1	N.2.7
JQ069363.1	N.2.7
MN746090.1	N.2.7
JX195070.1	N.2.7
MK953598.1	N.2.7
KY657929.1	N.2.7
JN258913.1	N.2.7
JQ069364.1	N.2.7
KC155676.1	N.2.7
LC173602.1	N.2.7
MK953588.1	N.2.7
KJ918959.1	N.2.7
MH301208.1	N.2.7
KJ559172.1	N.2.7
HQ343362.1	N.2.7
JX682998.1	N.2.7
KJ918940.1	N.2.7
KJ918950.1	N.2.7
KJ918973.1	N.2.7
KJ918956.1	N.2.7
LC173587.1	N.2.7
KJ918937.1	N.2.7
KJ918910.1	N.2.7
KJ918871.1	N.2.7
KJ918975.1	N.2.7
KJ559158.1	N.2.7
KC020022.1	N.2.7
KC175144.1	N.2.8
KC175177.1	N.2.8
KC175122.1	N.2.8
KC175188.1	N.2.8
KC174895.1	N.2.8
KC175221.1	N.2.8
KC175243.1	N.2.8
KC175210.1	N.2.8
KC175090.1	N.2.8
KC174939.1	N.2.8
KC174992.1	N.2.8
KC174950.1	N.2.8
KC175133.1	N.2.8
KC175254.1	N.2.8
KC174928.1	N.2.8
KC174873.1	N.2.8
KC175101.1	N.2.8
MF184813.1	N.2.8
KC175276.1	N.2.8
KC175024.1	N.2.8
KC175155.1	N.2.8
MN066761.1	N.2.8
KC175068.1	N.2.8
KC174981.1	N.2.8
EU200800.1	N.2.8
KC174971.1	N.2.8
KC174906.1	N.2.8
KC174862.1	N.2.8
KC175166.1	N.2.8
KC175035.1	N.2.8
KC175002.1	N.2.8
KC175111.1	N.2.8
KC174917.1	N.2.8
KC174884.1	N.2.8
KC175265.1	N.2.8
KC175232.1	N.2.8
KC175057.1	N.2.8
KC175079.1	N.2.8
KC175013.1	N.2.8
KC174961.1	N.2.8
KC175199.1	N.2.8
KC175046.1	N.2.8
KC412035.1	N.2.9
KJ627055.1	N.2.10
HQ343361.1	N.2.10
KJ626758.1	N.2.10
HM773784.1	N.2.10
KM026644.1	N.2.10
KJ626611.1	N.2.10
KC769422.1	N.2.10
KM026646.1	N.2.10
KC847042.1	N.2.10
HM773806.1	N.2.10
KC822937.1	N.2.10
KM026654.1	N.2.10
JQ069302.1	N.2.10
JN651782.1	N.2.10
MN206124.1	N.2.10
MN223985.1	N.2.10
KC155685.1	N.2.10
HQ392047.1	N.2.10
KC155683.1	N.2.10
HQ343380.1	N.2.10
HM773773.1	N.2.10
JX027803.1	N.2.10
KM026662.1	N.2.10
MN223993.1	N.2.10
KM026622.1	N.2.10
HQ343363.1	N.2.10
MN223991.1	N.2.10
HQ343348.1	N.2.10
JX027748.1	N.2.10
HM467966.1	N.2.10
KF680470.2	N.2.10
JN651847.1	N.2.10
KJ626781.1	N.2.10
KJ918923.1	N.2.10
HQ392246.1	N.2.10
JX027769.1	N.2.10
KM026655.1	N.2.10
JF490117.1	N.2.10
JF490150.1	N.2.10
JX027698.1	N.2.10
JQ069303.1	N.2.10
JF490832.1	N.2.10
JN258376.1	N.2.10
JF490106.1	N.2.10
KM026656.1	N.2.10
KC769312.1	N.2.10
KC155678.1	N.2.10
KM026651.1	N.2.10
KJ918936.1	N.2.10
JN258782.1	N.2.10
JF490590.1	N.2.10
JN651760.1	N.2.10
MN223992.1	N.2.10
JQ069348.1	N.2.10
KJ626498.1	N.2.10
JF490403.1	N.2.10
JQ069345.1	N.2.10
X57944.1	N.2.10
JN651749.1	N.2.10
KJ626736.1	N.2.10
KJ626972.1	N.2.10
JF490942.1	N.2.10
JQ069344.1	N.2.10
KC769411.1	N.2.10
KJ626837.1	N.2.10
KM026652.1	N.2.10
JN258873.1	N.2.10
JF490656.1	N.2.10
KJ627096.1	N.2.10
JF490667.1	N.2.10
KC769301.1	N.2.10
JX027737.1	N.2.10
JF490865.1	N.2.10
KJ626689.1	N.2.10
JQ069320.1	N.2.10
HM773828.1	N.2.10
KF680471.2	N.2.10
HM773817.1	N.2.10
KJ627074.1	N.2.10
JF490524.1	N.2.10
MN479731.1	N.2.10
JX027781.1	N.2.10
KM026645.1	N.2.10
JX509931.1	N.2.10
HQ392279.1	N.2.10
KJ918895.1	N.2.10
JF490876.1	N.2.10
KM026658.1	N.2.10
JQ069333.1	N.2.10
KM026648.1	N.2.10
JF490843.1	N.2.10
KJ626531.1	N.2.10
JQ069347.1	N.2.10
JF490710.1	N.2.10
KM026628.1	N.2.10
JN651793.1	N.2.10
KJ626589.1	N.2.10
KJ559036.1	N.2.10
HQ392201.1	N.2.10
HM773795.1	N.2.10
KM026653.1	N.2.10
KJ626555.1	N.2.10
JQ069342.1	N.2.10
KC769400.1	N.2.10
KJ918928.1	N.2.10
KC847041.1	N.2.10
HM467965.1	N.2.10
KJ752854.1	N.2.10
MN551967.1	N.2.10
JN651814.1	N.2.10
MN551932.1	N.2.10
JQ069319.1	N.2.10
HQ343342.1	N.2.10
JQ069312.1	N.2.10
KM230943.1	N.2.10
JF490898.1	N.2.10
KJ626520.1	N.2.10
JF490853.1	N.2.10
KM026627.1	N.2.10
KM026657.1	N.2.10
JX027665.1	N.2.10
JF490128.1	N.2.10
KJ626923.1	N.2.10
JQ069321.1	N.2.10
KC822933.1	N.2.10
LC569898.1	N.2.11
AB779638.1	N.2.11
KX363374.1	N.2.11
MG781048.1	N.2.11
MG781059.1	N.2.11
KX363339.1	N.2.11
AB779639.1	N.2.11
MG407652.1	N.2.11
KX363417.1	N.2.11
JN258860.1	N.2.12
KC769433.1	N.2.12
JF490447.1	N.2.12
JF490494.1	N.2.12
HQ392070.1	N.2.12
JF490480.1	N.2.12
JX027654.1	N.2.12
JF490370.1	N.2.12
KC769367.1	N.2.12
JX027671.1	N.2.12
JX027640.1	N.2.12
HQ392147.1	N.2.12
JX027792.1	N.2.12
JX027715.1	N.2.12
KM026663.1	N.2.12
JF490502.1	N.2.12
JF490458.1	N.2.12
JF490469.1	N.2.12
KM026664.1	N.2.12
JF490392.1	N.2.12
KC769323.1	N.2.12
JF490381.1	N.2.12
HQ343350.1	N.2.12
HQ392367.1	N.2.12
HQ343353.1	N.2.12
KC769455.1	N.2.12
KC769466.1	N.2.12
JX027725.1	N.2.12
KC769389.1	N.2.12
JX027759.1	N.2.12
HQ343351.1	N.2.12
JN258891.1	N.2.12
KY053215.1	N.2.13
KY053150.1	N.2.13
KC580116.1	N.2.14
MT025876.1	N.2.14
FJ947457.1	N.2.14
KC580585.1	N.2.14
FJ947402.1	N.2.14
KC579863.1	N.2.14
FJ947446.1	N.2.14
FJ947512.1	N.2.14
FJ947501.1	N.2.14
KC580104.1	N.2.14
FJ947303.1	N.2.14
KC579922.1	N.2.14
FJ947369.1	N.2.14
OP903154.1	N.2.14
FJ947336.1	N.2.14
FJ947479.1	N.2.14
FJ947910.1	N.2.14
FJ947490.1	N.2.14
FJ947523.1	N.2.14
KC580419.1	N.2.14
HM773861.1	N.2.14
HM773894.1	N.2.14
FJ947811.1	N.2.14
KC580487.1	N.2.14
FJ947767.1	N.2.14
FJ947745.1	N.2.14
FJ947347.1	N.2.14
FJ947844.1	N.2.14
FJ947943.1	N.2.14
FJ947899.1	N.2.14
KC580630.1	N.2.14
KC580051.1	N.2.14
JX416208.1	N.2.14
FJ947204.1	N.2.14
KJ659482.1	N.2.14
KC579626.1	N.2.14
FJ947756.1	N.2.14
KC580545.1	N.2.14
FJ947435.1	N.2.14
FJ947921.1	N.2.14
KC579941.1	N.2.14
LC438929.1	N.2.14
FJ947193.1	N.2.14
FJ947822.1	N.2.14
KC579833.1	N.2.14
FJ947778.1	N.2.14
HM773905.1	N.2.14
KC579864.1	N.2.14
MT025877.1	N.2.14
FJ947380.1	N.2.14
KJ659471.1	N.2.14
FJ947789.1	N.2.14
FJ947468.1	N.2.14
FJ947800.1	N.2.14
KC580070.1	N.2.14
KC580217.1	N.2.14
KC580522.1	N.2.14
FJ947281.1	N.2.14
FJ947932.1	N.2.14
KC579731.1	N.2.14
KC580274.1	N.2.14
KC579494.1	N.2.14
LC485138.1	N.2.14
EF672622.1	N.2.14
FJ947259.1	N.2.14
OM982708.1	N.2.15
OM982720.1	N.2.15
OM982742.1	N.2.15
OM982731.1	N.2.15
KX363322.1	N.2.16
ON092401.1	N.2.16
ON092399.1	N.2.16
ON092402.1	N.2.16
ON092398.1	N.2.16
KX363311.1	N.2.16
ON092397.1	N.2.16
JX416223.1	N.2.17
FJ998277.1	N.2.17
KP752953.1	N.2.18
KP752918.1	N.2.18
KJ752477.1	N.2.18
FJ947171.1	N.2.19
AB771759.1	N.2.19
AB771763.1	N.2.19
AB771771.1	N.2.19
AB771757.1	N.2.19
AB762776.1	N.2.19
AB771768.1	N.2.19
ON792170.1	N.2.19
AB771752.1	N.2.19
AB771760.1	N.2.19
AB771761.1	N.2.19
AB771767.1	N.2.19
ON792149.1	N.2.19
AB771756.1	N.2.19
AB771765.1	N.2.19
ON792159.1	N.2.19
JX629047.1	N.2.19
KM820670.1	N.2.20
JQ993325.1	N.2.21
JN128994.1	N.2.22
JN128990.1	N.2.22
JN128992.1	N.2.22
JN128988.1	N.2.22
JN128999.1	N.2.22
JN128993.1	N.2.22
JN128997.1	N.2.22
JN128989.1	N.2.22
JN128995.1	N.2.22
OQ440203.1	N.2.23
KJ482278.1	N.2.24
KJ482299.1	N.2.24
KJ627134.1	N.2.25
KJ626912.1	N.2.25
KJ454637.1	N.2.25
KJ412751.1	N.2.25
KJ412651.1	N.2.25
KJ454643.1	N.2.25
KJ626578.1	N.2.25
LC095884.1	N.2.25
KJ626803.1	N.2.25
KJ626678.1	N.2.25
KJ412605.1	N.2.25
HQ392333.1	N.2.25
KJ454636.1	N.2.25
EF990710.1	N.2.25
KJ412662.1	N.2.25
KJ626947.1	N.2.25
KJ412582.1	N.2.25
KJ412826.1	N.2.25
KJ412782.1	N.2.25
KJ626634.1	N.2.25
KJ412760.1	N.2.25
KJ454644.1	N.2.25
KJ627085.1	N.2.25
KJ626792.1	N.2.25
KJ412549.1	N.2.25
KJ412627.1	N.2.25
KJ626645.1	N.2.25
KJ412516.1	N.2.25
LC095939.1	N.2.25
KJ626867.1	N.2.25
KJ454635.1	N.2.25
KJ626509.1	N.2.25
KF035103.1	N.2.26
MT066208.1	N.2.27
KR052753.1	N.2.27
KJ450850.1	N.2.27
MT025921.1	N.2.27
MT025920.1	N.2.27
KR052763.1	N.2.27
KU739953.1	N.2.28
KU739908.1	N.2.28
KU739913.1	N.2.28
KU739963.1	N.2.28
MN066878.1	N.2.29
MN066807.1	N.2.29
MN102372.1	N.2.30
LC095906.1	N.2.31
KY937199.1	N.2.31
HG513052.1	N.2.31
KX363439.1	N.2.31
LC095895.1	N.2.31
KX363285.1	N.2.31
KY634810.1	N.2.31
KX362696.1	N.2.31
OM982783.1	N.2.32
JN258945.1	N.2.33
JN651858.1	N.2.33
JN635550.1	N.2.33
KC686924.1	N.2.33
MT163186.1	N.2.34
OR192584.1	N.2.35
OR192595.1	N.2.35
MH624169.1	N.2.36
MH238104.1	N.2.37
MH238103.1	N.2.37
AB770159.1	N.2.38
KJ482290.1	N.2.39
KJ482291.1	N.2.39
KC117141.1	N.2.39
KC117140.1	N.2.39
MH898994.1	N.2.40
ON092395.1	N.2.41
LC569887.1	N.2.42
KF041436.1	N.2.43
KF447846.1	N.2.43
KF447857.1	N.2.43
KF447868.1	N.2.43
KY055423.1	N.2.44
KY077647.1	N.2.44
KJ870907.1	N.2.45
MK936381.1	N.2.46
KJ752245.1	N.2.47
KP752841.1	N.2.47
JN605444.1	N.2.47
MT025898.1	N.2.48
KJ659438.1	N.2.48
KR052742.1	N.2.48
MT025899.1	N.2.48
GU199489.1	N.2.48
HQ343365.1	N.2.49
KX988271.1	N.2.50
KX988282.1	N.2.50
KM820673.1	N.2.51
KM820667.1	N.2.52
KX363406.1	N.2.53
LC095950.1	N.2.53
LC095917.1	N.2.53
OM982801.1	N.2.54
OM982765.1	N.2.54
MH700489.1	N.2.55
KF835949.1	N.2.56
KJ482277.1	N.2.57
KJ482275.1	N.2.57
KJ482274.1	N.2.57
KJ482280.1	N.2.57
KF726062.1	N.2.58
KF726073.1	N.2.58
MH238110.1	N.2.59
GU296412.1	N.2.60
MH308726.1	N.2.61
KP753001.1	N.2.62
KP753186.1	N.2.62
KM820669.1	N.2.63
KJ753657.1	N.2.64
KJ482281.1	N.2.65
KC117145.1	N.2.65
KC117146.1	N.2.65
JQ898159.1	N.2.66
JX683627.1	N.2.67
MT784846.1	N.2.68
JQ423898.1	N.2.69
OM105043.1	N.2.70
KF835948.1	N.2.71
KU739933.1	N.2.72
KU739943.1	N.2.72
KU740003.1	N.2.72
GU199517.1	N.2.73
KP752852.1	N.2.74
KP752761.1	N.2.74
KJ753680.1	N.2.74
JN258882.1	N.2.75
OP971571.1	N.2.76
KF835952.1	N.2.77
MT784841.1	N.2.78
MT784839.1	N.2.78
MT784843.1	N.2.78
MT784844.1	N.2.78
MT784842.1	N.2.78
MT784845.1	N.2.78
MT784840.1	N.2.78
LC061631.1	N.2.79
AB924113.1	N.2.80
KF726040.1	N.2.81
JN104624.1	N.2.82
KM026642.1	N.2.83
MF184783.1	N.2.84
KC149935.1	N.2.85
JN104616.1	N.2.86
MH238122.1	N.2.87
LC190493.1	N.2.88
ON092400.1	N.2.89
ON092403.1	N.2.89
MT854947.1	N.2.90
KJ753688.1	N.2.90
MH697642.1	N.2.91
MH697631.1	N.2.91
MH697653.1	N.2.91
JX290173.1	N.2.91
MH697620.1	N.2.91
KC113255.1	N.2.91
OR127195.1	N.2.92
MK410290.1	N.2.93
KJ412560.1	N.2.94
KJ753136.1	N.2.95
ON676176.1	N.2.96
MW575224.1	N.2.96
HM348723.1	N.2.97
MK272887.1	N.2.98
MK272886.1	N.2.98
KU740015.1	N.2.99
KX363385.1	N.2.100
KX363363.1	N.2.100
JF796708.1	N.2.101
JF796719.1	N.2.101
MF161855.1	N.2.102
KF371726.1	N.2.103
KJ583137.1	N.2.103
KJ583148.1	N.2.103
KF371901.1	N.2.103
KC412036.1	N.2.104
KC580138.1	N.2.105
KC579910.1	N.2.105
KC579527.1	N.2.105
KC580184.1	N.2.105
MH238120.1	N.2.106
JF781165.1	N.2.107
KP753057.1	N.2.108
KC686922.1	N.2.109
KM026620.1	N.2.110
KU739923.1	N.2.111
KC610696.1	N.2.112
KC579676.1	N.2.113
HQ343343.1	N.2.113
KC579799.1	N.2.113
KC580304.1	N.2.113
KF835950.1	N.2.114
EU753970.1	N.2.115
KC686934.1	N.2.116
EF990696.1	N.2.117
HM348721.1	N.2.118
MH137273.1	N.2.119
FJ361208.1	N.2.120
MK272885.1	N.2.121
KC149928.1	N.2.122
KC139786.1	N.2.123
LC600816.1	N.2.124
MG781038.1	N.2.125
AB779641.1	N.2.126
KJ126815.1	N.2.127
EF672615.1	N.2.128
KM026619.1	N.2.129
KM026608.1	N.2.130
GQ149101.1	N.2.131
AF506293.1	N.2.132
KM820672.1	N.2.133
KJ626542.1	N.2.134
EF990692.1	N.2.135
EF990688.1	N.2.135
KR052731.1	N.2.136
AB924102.1	N.2.137
KC686933.1	N.2.138
OQ333053.1	N.2.139
KM026643.1	N.2.140
KU363135.1	N.2.141
JQ713649.1	N.2.142
MH267279.1	N.2.143
KC442888.1	N.2.144
MF462317.1	N.2.145
LC389881.1	N.2.146
KU363136.1	N.2.147
KM026629.1	N.2.148
KU714440.1	N.2.149
KM393174.1	N.2.150
OM982782.1	N.2.151
MN556673.1	N.2.152
AB779640.1	N.2.153
JQ715663.1	N.2.154
OR192604.1	N.2.155
OL989013.1	N.2.156
LC095961.1	N.3.1
MF940673.1	N.3.2
MF940677.1	N.3.2
FJ206108.1	N.3.2
FJ206116.1	N.3.2
MF940676.1	N.3.2
MF940675.1	N.3.2
MF940674.1	N.3.2
FJ206138.1	N.3.2
JX402797.1	N.3.3
FJ347129.1	N.3.4
LC133565.1	N.3.5
LC727732.1	N.3.5
AB853897.1	N.3.5
AB573075.1	N.3.6
LC727983.1	N.3.7
OP680463.1	N.3.8
HQ343355.1	N.3.9
AB573084.1	N.4.1
MW292236.1	N.4.2
MW552945.1	N.5.1
LC173732.1	N.5.1
AB753244.1	N.5.1
MG981280.1	N.5.1
OQ133030.1	N.5.1
OP850395.1	N.5.1
DQ490541.1	N.5.1
LC406826.1	N.5.1
KX362663.1	N.5.1
JN706602.1	N.5.1
KU248379.1	N.5.1
LC002076.1	N.5.1
MW552208.1	N.5.1
KU360985.1	N.5.1
KP941133.1	N.5.1
LC542378.1	N.5.1
LC514532.1	N.5.1
KM660130.1	N.5.1
OQ133027.1	N.5.1
LC542367.1	N.5.1
KJ870896.1	N.5.1
KJ753353.1	N.5.1
KF716408.1	N.5.1
MF469131.1	N.5.1
AB975855.1	N.5.1
KP753141.1	N.5.1
MZ407461.1	N.5.1
LC105159.1	N.5.1
KJ751797.1	N.5.1
KX274526.1	N.5.1
LC002072.1	N.5.1
KM660132.1	N.5.1
JQ069337.1	N.5.1
MW552384.1	N.5.1
OQ133038.1	N.5.1
JF460830.1	N.5.1
MZ096933.1	N.5.1
KJ626889.1	N.5.1
OP677723.1	N.5.1
ON792065.1	N.5.1
KU550304.1	N.5.1
LC173631.1	N.5.1
KC443262.1	N.5.1
LC227892.1	N.5.1
KJ721764.1	N.5.1
KX363227.1	N.5.1
MG573359.1	N.5.1
JX307619.1	N.5.1
LC173669.1	N.5.1
LC542198.1	N.5.1
MZ066110.1	N.5.1
MG181575.1	N.5.1
LC541989.1	N.5.1
MZ094061.1	N.5.1
LC542110.1	N.5.1
MW552956.1	N.5.1
MG926721.1	N.5.1
MG670743.1	N.5.1
MF997042.2	N.5.1
KJ752124.1	N.5.1
LC477585.1	N.5.1
LC173655.1	N.5.1
OQ133028.1	N.5.1
KX274511.1	N.5.1
OQ201507.1	N.5.1
KP882677.1	N.5.1
OQ847442.1	N.5.1
KX171469.1	N.5.1
LC173772.1	N.5.1
MG892000.1	N.5.1
OQ133036.1	N.5.1
KJ753310.1	N.5.1
MZ094398.1	N.5.1
MZ546119.1	N.5.1
LC173718.1	N.5.1
LC569332.1	N.5.1
MG181619.1	N.5.1
MN479681.1	N.5.1
KY634682.1	N.5.1
KX880421.1	N.5.1
KC443704.1	N.5.1
KU248390.1	N.5.1
KC443693.1	N.5.1
KJ918970.1	N.5.1
LC542022.1	N.5.1
LC105181.1	N.5.1
LC173764.1	N.5.1
LC173673.1	N.5.1
JQ837885.1	N.5.1
LC541945.1	N.5.1
MW552747.1	N.5.1
KJ753783.1	N.5.1
LC542165.1	N.5.1
KM660125.1	N.5.1
MH520728.1	N.5.1
KF716397.1	N.5.1
LC465824.1	N.5.1
KX536642.1	N.5.1
KJ752504.1	N.5.1
LC173636.1	N.5.1
MZ093642.1	N.5.1
MW552395.1	N.5.1
KC155682.1	N.5.1
LC173611.1	N.5.1
MN067016.1	N.5.1
KX171464.1	N.5.1
JX307621.1	N.5.1
KJ751940.1	N.5.1
OQ847424.1	N.5.1
LC469519.1	N.5.1
MZ097248.1	N.5.1
MG926743.1	N.5.1
MZ093832.1	N.5.1
LC455772.1	N.5.1
LC173734.1	N.5.1
MG670739.1	N.5.1
MZ096911.1	N.5.1
KR705318.1	N.5.1
KJ752135.1	N.5.1
LC173616.1	N.5.1
AB763969.1	N.5.1
ON227296.1	N.5.1
MG181663.1	N.5.1
MG670757.1	N.5.1
MH520730.1	N.5.1
MZ096471.1	N.5.1
MG892011.1	N.5.1
OQ201503.1	N.5.1
JX416215.1	N.5.1
KJ721772.1	N.5.1
MW551999.1	N.5.1
LC542258.1	N.5.1
MW552274.1	N.5.1
LC173731.1	N.5.1
MW552934.1	N.5.1
LC173662.1	N.5.1
KJ626961.1	N.5.1
LC173672.1	N.5.1
MH301216.1	N.5.1
KC443418.1	N.5.1
MW551966.1	N.5.1
OQ847432.1	N.5.1
KJ752570.1	N.5.1
HQ657167.1	N.5.1
KU248401.1	N.5.1
LC406815.1	N.5.1
LC173620.1	N.5.1
MZ094122.1	N.5.1
KY657958.1	N.5.1
JX891386.1	N.5.1
MZ065670.1	N.5.1
KU356636.1	N.5.1
MG181883.1	N.5.1
KJ753712.1	N.5.1
KX362729.1	N.5.1
KX363131.1	N.5.1
KC571498.1	N.5.1
LC086721.1	N.5.1
ON792021.1	N.5.1
KJ753001.1	N.5.1
MZ094313.1	N.5.1
MZ095153.1	N.5.1
MW280874.1	N.5.1
MZ096118.1	N.5.1
MW552626.1	N.5.1
LC086809.1	N.5.1
LC542345.1	N.5.1
MZ095165.1	N.5.1
MG670746.1	N.5.1
LC173608.1	N.5.1
KU356658.1	N.5.1
LC542721.1	N.5.1
ON791883.1	N.5.1
KU248435.1	N.5.1
JQ069325.1	N.5.1
KP170845.1	N.5.1
KP882083.1	N.5.1
OQ133049.1	N.5.1
MF167961.1	N.5.1
KR705219.1	N.5.1
MW552538.1	N.5.1
KM660123.1	N.5.1
KC443352.1	N.5.1
KT918838.1	N.5.1
KP882611.1	N.5.1
KJ752091.1	N.5.1
KX778499.1	N.5.1
LC173747.1	N.5.1
MW552648.1	N.5.1
MF184763.1	N.5.1
KJ721767.1	N.5.1
AB975862.1	N.5.1
MF044127.1	N.5.1
KM660124.1	N.5.1
KX655524.1	N.5.1
MG573362.1	N.5.1
LC462861.1	N.5.1
LC066165.1	N.5.1
KC834693.1	N.5.1
KJ753807.1	N.5.1
MW715613.1	N.5.1
KJ626769.1	N.5.1
AB849004.1	N.5.1
MG891934.1	N.5.1
MZ094000.1	N.5.1
MZ094105.1	N.5.1
MW552087.1	N.5.1
KC822946.2	N.5.1
KR705417.1	N.5.1
OQ133023.1	N.5.1
LC514499.1	N.5.1
OK349196.1	N.5.1
MN223989.1	N.5.1
MW552560.1	N.5.1
ON745826.1	N.5.1
JF460841.1	N.5.1
LC086798.1	N.5.1
MN066779.1	N.5.1
LC477575.1	N.5.1
AB975831.1	N.5.1
KY634638.1	N.5.1
MZ094010.1	N.5.1
MZ407395.1	N.5.1
AB753243.1	N.5.1
MG670745.1	N.5.1
OQ133039.1	N.5.1
AB975867.1	N.5.1
KP882413.1	N.5.1
ON792131.1	N.5.1
KR705373.1	N.5.1
KM660134.1	N.5.1
KX171468.1	N.5.1
AB975863.1	N.5.1
LC260291.1	N.5.1
AB753224.1	N.5.1
LC173612.1	N.5.1
KP882314.1	N.5.1
KC443770.1	N.5.1
KX362641.1	N.5.1
LC173622.1	N.5.1
AB753237.1	N.5.1
AB753225.1	N.5.1
KP882369.1	N.5.1
KY657956.1	N.5.1
ON792109.1	N.5.1
KX536641.1	N.5.1
AB975837.1	N.5.1
MG670750.1	N.5.1
MW552604.1	N.5.1
LC173690.1	N.5.1
LC227895.1	N.5.1
OQ847434.1	N.5.1
OQ847440.1	N.5.1
KX171470.1	N.5.1
KU243423.1	N.5.1
KJ918922.1	N.5.1
KU360986.1	N.5.1
LC227890.1	N.5.1
KU059773.1	N.5.1
KC443163.1	N.5.1
LC260288.1	N.5.1
MN479648.1	N.5.1
LC173624.1	N.5.1
KF716398.1	N.5.1
KY634745.1	N.5.1
MW552769.1	N.5.1
KY657959.1	N.5.1
KC443025.1	N.5.1
LC469524.1	N.5.1
LC542209.1	N.5.1
KP752967.1	N.5.1
KP882281.1	N.5.1
KJ918918.1	N.5.1
MW552912.1	N.5.1
LC173615.1	N.5.1
MZ065890.1	N.5.1
KJ918913.1	N.5.1
KP882468.1	N.5.1
KC020030.2	N.5.1
LC477576.1	N.5.1
AB975853.1	N.5.1
OP677570.1	N.5.1
LC406837.1	N.5.1
ON792087.1	N.5.1
AB975859.1	N.5.1
OQ201508.1	N.5.1
MG181608.1	N.5.1
AB975846.1	N.5.1
MF044116.1	N.5.1
LC173677.1	N.5.1
MN479600.1	N.5.1
AB975829.1	N.5.1
OQ201495.1	N.5.1
KR705329.1	N.5.1
LC173618.1	N.5.1
MF044171.1	N.5.1
LC066657.1	N.5.1
ON092392.1	N.5.1
OQ133025.1	N.5.1
OQ201511.1	N.5.1
LC173719.1	N.5.1
LC173670.1	N.5.1
MZ097207.1	N.5.1
MW552978.1	N.5.1
LC173661.1	N.5.1
AB975869.1	N.5.1
OQ133044.1	N.5.1
KJ751643.1	N.5.1
OQ133041.1	N.5.1
KX274524.1	N.5.1
LC173725.1	N.5.1
LC173675.1	N.5.1
LC173728.1	N.5.1
LC173757.1	N.5.1
LC105084.1	N.5.1
LC173720.1	N.5.1
AB975850.1	N.5.1
MN479657.1	N.5.1
KX171467.1	N.5.1
MW551988.1	N.5.1
MG670758.1	N.5.1
KP753174.1	N.5.1
KJ918974.1	N.5.1
LC173647.1	N.5.1
LC542400.1	N.5.1
OQ201509.1	N.5.1
LC105288.1	N.5.1
KJ639030.1	N.5.1
MW552692.1	N.5.1
MH169414.1	N.5.1
OQ847427.1	N.5.1
OP677591.1	N.5.1
MZ096922.1	N.5.1
KY634694.1	N.5.1
OP677712.1	N.5.1
MN479598.1	N.5.1
KC178732.1	N.5.1
MZ066341.1	N.5.1
MN479663.1	N.5.1
KJ752401.1	N.5.1
LC173656.1	N.5.1
LC542532.1	N.5.1
KX655469.1	N.5.1
KC443649.1	N.5.1
KJ639019.1	N.5.1
KX274513.1	N.5.1
LC569337.1	N.5.1
LC173641.1	N.5.1
OQ266311.1	N.5.1
AB975843.1	N.5.1
MN479665.1	N.5.1
MT163263.1	N.5.1
KY657945.1	N.5.1
KU360983.1	N.5.1
KY657954.1	N.5.1
LC173640.1	N.5.1
JN706605.1	N.5.1
KC834695.1	N.5.1
KJ751885.1	N.5.1
KY634799.1	N.5.1
MW552571.1	N.5.1
KJ753397.1	N.5.1
KU870414.1	N.5.1
MZ097164.1	N.5.1
KY634769.1	N.5.1
LC173600.1	N.5.1
KY657940.1	N.5.1
KR705362.1	N.5.1
MZ096140.1	N.5.1
MZ094072.1	N.5.1
LC173723.1	N.5.1
OQ201492.1	N.5.1
LC260289.1	N.5.1
KX632261.1	N.5.1
LC542033.1	N.5.1
OQ847441.1	N.5.1
LC569322.1	N.5.1
MZ095997.1	N.5.1
LC173652.1	N.5.1
KF716402.1	N.5.1
MZ066297.1	N.5.1
LC173727.1	N.5.1
KY634840.1	N.5.1
LC491447.1	N.5.1
KC443196.1	N.5.1
LC542499.1	N.5.1
LC477561.1	N.5.1
KC443273.1	N.5.1
KC443748.1	N.5.1
LC228311.1	N.5.1
LC173590.1	N.5.1
LC002073.1	N.5.1
AB753229.1	N.5.1
LC542044.1	N.5.1
LC569338.1	N.5.1
OQ133029.1	N.5.1
KX274522.1	N.5.1
MN479662.1	N.5.1
KF716404.1	N.5.1
AB975832.1	N.5.1
KP881929.1	N.5.1
MZ095187.1	N.5.1
MW552142.1	N.5.1
KJ626948.1	N.5.1
AB975826.1	N.5.1
KX362839.1	N.5.1
MZ094366.1	N.5.1
KP752700.1	N.5.1
MF044160.1	N.5.1
AB975824.1	N.5.1
MZ097197.1	N.5.1
KJ753486.1	N.5.1
MG573360.1	N.5.1
OP677701.1	N.5.1
KC442866.1	N.5.1
MN479603.1	N.5.1
KX171472.1	N.5.1
MZ093957.1	N.5.1
KC443759.1	N.5.1
KC443671.1	N.5.1
KJ752201.1	N.5.1
AB975844.1	N.5.1
KC178731.1	N.5.1
MZ094253.1	N.5.1
KP007177.1	N.5.1
MZ094280.1	N.5.1
JQ069338.1	N.5.1
KJ752843.1	N.5.1
KF716406.1	N.5.1
JN116542.1	N.5.1
KJ721769.1	N.5.1
LC173623.1	N.5.1
KJ752435.1	N.5.1
LC542543.1	N.5.1
OP850391.1	N.5.1
MN552047.1	N.5.1
JX307622.1	N.5.1
KY497536.1	N.5.1
LC173755.1	N.5.1
KC443715.1	N.5.1
OQ133022.1	N.5.1
LC105073.1	N.5.1
LC173644.1	N.5.1
MZ094377.1	N.5.1
MZ094706.1	N.5.1
KC443295.1	N.5.1
JX965150.1	N.5.1
LC105117.1	N.5.1
DQ005107.1	N.5.1
MG670753.1	N.5.1
MG181894.1	N.5.1
MW552813.1	N.5.1
MZ066352.1	N.5.1
KC443003.1	N.5.1
MN029122.1	N.5.1
OQ266308.1	N.5.1
LC173649.1	N.5.1
MW552065.1	N.5.1
KC443561.1	N.5.1
LC066154.1	N.5.1
MW552263.1	N.5.1
KY616892.1	N.5.1
MN066789.1	N.5.1
LC514521.1	N.5.1
KC443506.1	N.5.1
KP753102.1	N.5.1
MZ095143.1	N.5.1
OQ201498.1	N.5.1
ON092391.1	N.5.1
MW552098.1	N.5.1
MW552318.1	N.5.1
MW552582.1	N.5.1
KY634823.1	N.5.1
KM660135.1	N.5.1
KU550308.1	N.5.1
MW552857.1	N.5.1
KF636241.1	N.5.1
MW553033.1	N.5.1
MZ096548.1	N.5.1
LC465281.1	N.5.1
LC469532.1	N.5.1
LC173659.1	N.5.1
KJ751720.1	N.5.1
KX274515.1	N.5.1
LC173646.1	N.5.1
KP882039.1	N.5.1
MG891978.1	N.5.1
KJ627157.1	N.5.1
OQ133035.1	N.5.1
MH182454.1	N.5.1
AB975856.1	N.5.1
AB975838.1	N.5.1
MZ066231.1	N.5.1
KT920602.1	N.5.1
MG670752.1	N.5.1
KP753078.1	N.5.1
LC469514.1	N.5.1
LC469531.1	N.5.1
LC173629.1	N.5.1
KJ753646.1	N.5.1
AB938289.1	N.5.1
DQ490558.1	N.5.1
LC173717.1	N.5.1
AB763968.1	N.5.1
KC443251.1	N.5.1
OQ201501.1	N.5.1
LC173607.1	N.5.1
MW553000.1	N.5.1
MZ094355.1	N.5.1
KX362751.1	N.5.1
LC173617.1	N.5.1
KJ918884.1	N.5.1
AB753239.1	N.5.1
LC173671.1	N.5.1
LC260287.1	N.5.1
MZ096096.1	N.5.1
LC542121.1	N.5.1
MW552406.1	N.5.1
KP882534.1	N.5.1
MZ094269.1	N.5.1
KC443207.1	N.5.1
KY657948.1	N.5.1
KJ753317.1	N.5.1
KJ721766.1	N.5.1
LC260286.1	N.5.1
MW552417.1	N.5.1
MK302411.1	N.5.1
AB975871.1	N.5.1
KX171462.1	N.5.1
LC542389.1	N.5.1
AB975849.1	N.5.1
MN206135.1	N.5.1
AB975845.1	N.5.1
LC173598.1	N.5.1
MZ097175.1	N.5.1
LC542231.1	N.5.1
KJ751654.1	N.5.1
LC105252.1	N.5.1
LC173759.1	N.5.1
LC541934.1	N.5.1
KJ918966.1	N.5.1
MZ093967.1	N.5.1
LC469518.1	N.5.1
MZ097186.1	N.5.1
MW552362.1	N.5.1
AB975834.1	N.5.1
MH094762.1	N.5.1
KP007197.1	N.5.1
LC469523.1	N.5.1
LC173771.1	N.5.1
OQ133048.1	N.5.1
LC173632.1	N.5.1
KU360981.1	N.5.1
KC443550.1	N.5.1
MZ094335.1	N.5.1
KU550305.1	N.5.1
KJ752113.1	N.5.1
OQ133031.1	N.5.1
LC173676.1	N.5.1
KC443319.1	N.5.1
MG670754.1	N.5.1
KJ751698.1	N.5.1
KC443152.1	N.5.1
KM660133.1	N.5.1
KX274514.1	N.5.1
LC173639.1	N.5.1
KR705307.1	N.5.1
MN577183.1	N.5.1
KJ752179.1	N.5.1
KJ721771.1	N.5.1
KC178730.1	N.5.1
KJ627005.1	N.5.1
KJ412771.1	N.5.1
LC173628.1	N.5.1
KC443363.1	N.5.1
LC227891.1	N.5.1
LC260294.1	N.5.1
JX965148.1	N.5.1
LC514477.1	N.5.1
LC173683.1	N.5.1
KJ753699.1	N.5.1
KR705208.1	N.5.1
MG181697.1	N.5.1
MW552879.1	N.5.1
MW552186.1	N.5.1
KJ752212.1	N.5.1
KJ753601.1	N.5.1
KJ626855.1	N.5.1
MN029133.1	N.5.1
OM301628.1	N.5.1
MG981269.1	N.5.1
KU360979.1	N.5.1
LC542291.1	N.5.1
KX171473.1	N.5.1
KJ753037.1	N.5.1
AB753236.1	N.5.1
KR705186.1	N.5.1
LC546084.1	N.5.1
LC173667.1	N.5.1
KU550309.1	N.5.1
MW552802.1	N.5.1
KP752467.1	N.5.1
KR705340.1	N.5.1
AB975848.1	N.5.1
KP882094.1	N.5.1
LC173769.1	N.5.1
LC406793.1	N.5.1
KP170848.1	N.5.1
OQ266309.1	N.5.1
KU243409.1	N.5.1
MG181762.1	N.5.1
KC443605.1	N.5.1
MW552373.1	N.5.1
HQ343378.1	N.5.1
MG181652.1	N.5.1
LC542710.1	N.5.1
KJ721763.1	N.5.1
MH301215.1	N.5.1
LC542176.1	N.5.1
KC155686.1	N.5.1
KU870392.1	N.5.1
LC477566.1	N.5.1
MZ093925.1	N.5.1
KP188826.1	N.5.1
LC463288.1	N.5.1
KM660131.1	N.5.1
LC465292.1	N.5.1
AB975864.1	N.5.1
KC178735.1	N.5.1
KF636307.1	N.5.1
KU356603.1	N.5.1
OP850397.1	N.5.1
MF044105.1	N.5.1
OQ847435.1	N.5.1
KJ870885.1	N.5.1
MZ096955.1	N.5.1
KX362652.1	N.5.1
MW552120.1	N.5.1
KC020020.1	N.5.1
AB753234.1	N.5.1
KU248423.1	N.5.1
MN479650.1	N.5.1
LC105430.1	N.5.1
OP677657.1	N.5.1
KF716403.1	N.5.1
KC443374.1	N.5.1
MW552164.1	N.5.1
KR705175.1	N.5.1
KP752775.1	N.5.1
OQ847429.1	N.5.1
KJ721762.1	N.5.1
MZ093989.1	N.5.1
MZ094210.1	N.5.1
LC173770.1	N.5.1
JQ069318.1	N.5.1
FJ183361.1	N.5.1
KP752689.1	N.5.1
MZ066275.1	N.5.1
KX632283.1	N.5.1
KJ626747.1	N.5.1
MW551977.1	N.5.1
MZ066077.1	N.5.1
AB975840.1	N.5.1
HM348722.1	N.5.1
MZ093631.1	N.5.1
MZ066286.1	N.5.1
KC178727.1	N.5.1
KF716401.1	N.5.1
KP007188.1	N.5.1
LC542466.1	N.5.1
KJ918948.1	N.5.1
OP677679.1	N.5.1
MZ094221.1	N.5.1
LC228344.1	N.5.1
MZ094083.1	N.5.1
LC477571.1	N.5.1
LC542455.1	N.5.1
LC491458.1	N.5.1
AB975827.1	N.5.1
LC173713.1	N.5.1
KJ626994.1	N.5.1
KP882457.1	N.5.1
KP882380.1	N.5.1
KC443737.1	N.5.1
MW552340.1	N.5.1
HM467968.1	N.5.1
LC173637.1	N.5.1
JQ069371.1	N.5.1
OP677602.1	N.5.1
MN066989.1	N.5.1
KY634788.1	N.5.1
KM660122.1	N.5.1
LC455761.1	N.5.1
MW552054.1	N.5.1
MN479664.1	N.5.1
KX274516.1	N.5.1
KJ626600.1	N.5.1
LC469526.1	N.5.1
LC173657.1	N.5.1
MN223994.1	N.5.1
AB975836.1	N.5.1
KP753230.1	N.5.1
MH520731.1	N.5.1
KY634671.1	N.5.1
MZ065780.1	N.5.1
MG181872.1	N.5.1
LC386083.1	N.5.1
MW552505.1	N.5.1
MG181905.1	N.5.1
KC443174.1	N.5.1
MW552637.1	N.5.1
LC542000.1	N.5.1
KP007166.1	N.5.1
MZ094302.1	N.5.1
KX362707.1	N.5.1
MH301218.1	N.5.1
KC443495.1	N.5.1
MW552890.1	N.5.1
LC469535.1	N.5.1
KY657946.1	N.5.1
LC469533.1	N.5.1
LC542422.1	N.5.1
LC173592.1	N.5.1
MW553022.1	N.5.1
MT163241.1	N.5.1
KU925780.1	N.5.1
KR705263.1	N.5.1
KU360977.1	N.5.1
JQ069354.1	N.5.1
MG181916.1	N.5.1
MZ094519.1	N.5.1
OP677624.1	N.5.1
MG181828.1	N.5.1
HQ343352.1	N.5.1
EF554089.1	N.5.1
KU059784.1	N.5.1
MW552615.1	N.5.1
MN066998.1	N.5.1
MN067169.1	N.5.1
HM467969.1	N.5.1
AB975861.1	N.5.1
MN479749.1	N.5.1
LC542132.1	N.5.1
MN479597.1	N.5.1
LC173679.1	N.5.1
LC215269.1	N.5.1
MW552296.1	N.5.1
LC228355.1	N.5.1
KJ752044.1	N.5.1
KP882226.1	N.5.1
MN577186.1	N.5.1
LC105573.1	N.5.1
OP850396.1	N.5.1
LC173614.1	N.5.1
LC066668.1	N.5.1
DQ005118.1	N.5.1
KC443660.1	N.5.1
MN551952.1	N.5.1
KJ626825.1	N.5.1
LC173645.1	N.5.1
MZ407472.1	N.5.1
LC541967.1	N.5.1
MZ096966.1	N.5.1
LC173722.1	N.5.1
MG181741.1	N.5.1
KU199277.1	N.5.1
KJ751609.1	N.5.1
LC569320.1	N.5.1
KR705395.1	N.5.1
AB975860.1	N.5.1
KP752478.1	N.5.1
KY657947.1	N.5.1
MZ096129.1	N.5.1
MZ093789.1	N.5.1
MZ066363.1	N.5.1
LC105397.1	N.5.1
HM467967.1	N.5.1
KP752808.1	N.5.1
KC442877.1	N.5.1
MZ097259.1	N.5.1
LC542587.1	N.5.1
LC105029.1	N.5.1
MZ094242.1	N.5.1
MZ093886.1	N.5.1
LC469530.1	N.5.1
MZ065681.1	N.5.1
KC442992.1	N.5.1
KJ721768.1	N.5.1
KU360987.1	N.5.1
ON791980.1	N.5.1
MN552019.1	N.5.1
LC173610.1	N.5.1
MH301221.1	N.5.1
MW552659.1	N.5.1
KX171465.1	N.5.1
MW552219.1	N.5.1
MZ094155.1	N.5.1
AB975839.1	N.5.1
MG181784.1	N.5.1
MF168159.1	N.5.1
MZ407450.1	N.5.1
KC443130.1	N.5.1
AB938286.1	N.5.1
OQ201506.1	N.5.1
OP850390.1	N.5.1
MF044149.1	N.5.1
MW552516.1	N.5.1
MG181707.1	N.5.1
MN479655.1	N.5.1
MN066903.1	N.5.1
MW552483.1	N.5.1
KR705406.1	N.5.1
LC173621.1	N.5.1
AB975872.1	N.5.1
LC173666.1	N.5.1
KR705164.1	N.5.1
MG181839.1	N.5.1
KY657938.1	N.5.1
KY657955.1	N.5.1
MF044083.1	N.5.1
JX891385.1	N.5.1
KX362619.1	N.5.1
KJ751631.1	N.5.1
AB848011.1	N.5.1
LC465303.1	N.5.1
LC173678.1	N.5.1
KJ752987.1	N.5.1
OP850389.1	N.5.1
KJ918968.1	N.5.1
LC173595.1	N.5.1
LC542280.1	N.5.1
MZ066066.1	N.5.1
MF184860.1	N.5.1
MZ094387.1	N.5.1
KX362828.1	N.5.1
MZ096151.1	N.5.1
LC469516.1	N.5.1
ON792098.1	N.5.1
OQ133043.1	N.5.1
MW552593.1	N.5.1
KU360980.1	N.5.1
MG181927.1	N.5.1
KR705384.1	N.5.1
MZ094409.1	N.5.1
LC542510.1	N.5.1
MN479659.1	N.5.1
KX274525.1	N.5.1
LC477562.1	N.5.1
KU356647.1	N.5.1
LC173762.1	N.5.1
LC569313.1	N.5.1
MW553011.1	N.5.1
MK780101.1	N.5.1
KJ752368.1	N.5.1
KX362576.1	N.5.1
KP752797.1	N.5.1
AB975854.1	N.5.1
LC569652.1	N.5.1
MZ027430.1	N.5.1
MN479707.1	N.5.1
MN066969.1	N.5.1
KF716407.1	N.5.1
LC260293.1	N.5.1
KC443726.1	N.5.1
LC542433.1	N.5.1
KJ753101.1	N.5.1
KJ753266.1	N.5.1
KC443218.1	N.5.1
MG181674.1	N.5.1
MZ066308.1	N.5.1
KX362857.1	N.5.1
KY634734.1	N.5.1
MT163252.1	N.5.1
KP882358.1	N.5.1
MZ094020.1	N.5.1
LC542576.1	N.5.1
KX363258.1	N.5.1
MG181685.1	N.5.1
KP882303.1	N.5.1
MW552989.1	N.5.1
KJ751808.1	N.5.1
OQ133026.1	N.5.1
MZ065692.1	N.5.1
OQ133034.1	N.5.1
ON792000.1	N.5.1
KJ918954.1	N.5.1
LC542356.1	N.5.1
KX362784.1	N.5.1
MF044138.1	N.5.1
KP882490.1	N.5.1
MZ094144.1	N.5.1
MZ094199.1	N.5.1
OP677734.1	N.5.1
KX655502.1	N.5.1
AB753227.1	N.5.1
LC491469.1	N.5.1
KC442981.1	N.5.1
KX655480.1	N.5.1
HQ641360.1	N.5.1
LC173711.1	N.5.1
LC086787.1	N.5.1
LC026110.1	N.5.1
MG891989.1	N.5.1
HQ641369.1	N.5.1
LC468242.1	N.5.1
LC542323.1	N.5.1
KF636341.1	N.5.1
KC443638.1	N.5.1
OQ847437.1	N.5.1
OP677668.1	N.5.1
MF044094.1	N.5.1
LC542247.1	N.5.1
MW552076.1	N.5.1
LC173763.1	N.5.1
KR705439.1	N.5.1
KJ918949.1	N.5.1
LC105232.1	N.5.1
MZ093778.1	N.5.1
MW552835.1	N.5.1
JN706601.1	N.5.1
KJ751665.1	N.5.1
KC178733.1	N.5.1
LC173613.1	N.5.1
KJ751841.1	N.5.1
MW280873.1	N.5.1
KX362795.1	N.5.1
OQ133024.1	N.5.1
MF184794.1	N.5.1
KF636353.1	N.5.1
AB975830.1	N.5.1
MT339201.1	N.5.1
OQ847447.1	N.5.1
KC443473.1	N.5.1
KY634712.1	N.5.1
LC169991.1	N.5.1
AB975847.1	N.5.1
KJ918944.1	N.5.1
MW552021.1	N.5.1
AB975858.1	N.5.1
ON792054.1	N.5.1
KU059795.1	N.5.1
OQ133042.1	N.5.1
KX880432.1	N.5.1
MZ094094.1	N.5.1
MN058742.1	N.5.1
MW552329.1	N.5.1
KJ918946.1	N.5.1
MN066929.1	N.5.1
KJ918926.1	N.5.1
MG670736.1	N.5.1
KU360984.1	N.5.1
OQ133050.1	N.5.1
KR705230.1	N.5.1
LC173643.1	N.5.1
MW552032.1	N.5.1
MG181861.1	N.5.1
KJ752680.1	N.5.1
KJ626566.1	N.5.1
MZ094420.1	N.5.1
KP752716.1	N.5.1
KC155671.1	N.5.1
AB938288.1	N.5.1
AB753238.1	N.5.1
KY657949.1	N.5.1
MH520732.1	N.5.1
KJ918951.1	N.5.1
OQ201502.1	N.5.1
MN479661.1	N.5.1
LC173760.1	N.5.1
OP677635.1	N.5.1
MW552461.1	N.5.1
LC542143.1	N.5.1
KR705428.1	N.5.1
AB975868.1	N.5.1
KU199288.1	N.5.1
MZ096581.1	N.5.1
LC542154.1	N.5.1
KJ753543.1	N.5.1
KX362740.1	N.5.1
OQ847431.1	N.5.1
LC542444.1	N.5.1
MZ407373.1	N.5.1
LC105148.1	N.5.1
KP882600.1	N.5.1
OQ201494.1	N.5.1
KY657942.1	N.5.1
OQ201500.1	N.5.1
LC541956.1	N.5.1
LC173668.1	N.5.1
LC477570.1	N.5.1
ON792043.1	N.5.1
FJ386451.1	N.5.1
OQ847423.1	N.5.1
MG181718.1	N.5.1
KU356669.1	N.5.1
HQ343379.1	N.5.1
KJ918962.1	N.5.1
KP882391.1	N.5.1
OQ847438.1	N.5.1
KY634851.1	N.5.1
LC066176.1	N.5.1
OQ847422.1	N.5.1
MH520729.1	N.5.1
AB753226.1	N.5.1
LC542312.1	N.5.1
MZ096041.1	N.5.1
OQ133045.1	N.5.1
LC542477.1	N.5.1
LC325467.1	N.5.1
LC173591.1	N.5.1
JX965149.1	N.5.1
MT767400.1	N.5.1
KC442899.1	N.5.1
LC542565.1	N.5.1
AB975835.1	N.5.1
KJ751564.1	N.5.1
KP007208.1	N.5.1
KC443185.1	N.5.1
LC002074.1	N.5.1
KP170846.1	N.5.1
KC822939.1	N.5.1
MZ094346.1	N.5.1
KC443780.1	N.5.1
KP752728.1	N.5.1
MN479646.1	N.5.1
LC105584.1	N.5.1
LC169980.1	N.5.1
OQ847430.1	N.5.1
AB753242.1	N.5.1
AB975866.1	N.5.1
KC442936.1	N.5.1
KC443141.1	N.5.1
MG670755.1	N.5.1
KP753067.1	N.5.1
KM660141.1	N.5.1
KC152928.1	N.5.1
KJ752658.1	N.5.1
MZ066176.1	N.5.1
MF184803.1	N.5.1
OQ133047.1	N.5.1
OQ133046.1	N.5.1
KC443407.1	N.5.1
KJ721765.1	N.5.1
MZ407263.1	N.5.1
JQ069307.1	N.5.1
KC443341.1	N.5.1
KF716405.1	N.5.1
KR705351.1	N.5.1
MW552714.1	N.5.1
LC542334.1	N.5.1
OQ847433.1	N.5.1
LC215258.1	N.5.1
MT163197.1	N.5.1
KX274528.1	N.5.1
MN552142.1	N.5.1
MN479656.1	N.5.1
KY657943.1	N.5.1
MZ097218.1	N.5.1
LC542077.1	N.5.1
KJ721770.1	N.5.1
KU248412.1	N.5.1
MG181751.1	N.5.1
OQ201504.1	N.5.1
LC465270.1	N.5.1
MN479660.1	N.5.1
KJ753821.1	N.5.1
KP882336.1	N.5.1
MZ066187.1	N.5.1
LC260296.1	N.5.1
DQ492653.1	N.5.1
AB975823.1	N.5.1
KU356581.1	N.5.1
MZ094291.1	N.5.1
MW552351.1	N.5.1
AB975828.1	N.5.1
MW552010.1	N.5.1
KJ753519.1	N.5.1
MG981258.1	N.5.1
LC542011.1	N.5.1
LC173626.1	N.5.1
KX362587.1	N.5.1
OP677690.1	N.5.1
OQ847439.1	N.5.1
LC542301.1	N.5.1
LC477569.1	N.5.1
LC463266.1	N.5.1
LC173674.1	N.5.1
KP752501.1	N.5.1
KC847044.1	N.5.1
KC443539.1	N.5.1
MG181729.1	N.5.1
LC469520.1	N.5.1
MG181586.1	N.5.1
KJ918889.1	N.5.1
LC173658.1	N.5.1
KC443451.1	N.5.1
KC443429.1	N.5.1
OQ133032.1	N.5.1
MZ096019.1	N.5.1
OQ847443.1	N.5.1
OP850392.1	N.5.1
AB753233.1	N.5.1
LC477580.1	N.5.1
KP882424.1	N.5.1
LC469534.1	N.5.1
MW552549.1	N.5.1
KY657936.1	N.5.1
MN067161.1	N.5.1
LC542269.1	N.5.1
LC469529.1	N.5.1
KP882193.1	N.5.1
KJ918955.1	N.5.1
JF460819.1	N.5.1
KP882589.1	N.5.1
LC173664.1	N.5.1
KC178729.1	N.5.1
KJ918947.1	N.5.1
KC443440.1	N.5.1
KF716400.1	N.5.1
LC173619.1	N.5.1
LC173758.1	N.5.1
LC569292.1	N.5.1
LC477568.1	N.5.1
KY657944.1	N.5.1
KX274529.1	N.5.1
LC173730.1	N.5.1
MW552307.1	N.5.1
OQ201496.1	N.5.1
MW552736.1	N.5.1
MW552780.1	N.5.1
KJ752102.1	N.5.1
KJ752157.1	N.5.1
KP188815.1	N.5.1
OP677745.1	N.5.1
KC442970.1	N.5.1
LC542488.1	N.5.1
OQ847446.1	N.5.1
AB975857.1	N.5.1
MG181597.1	N.5.1
LC173686.1	N.5.1
MH704734.1	N.5.1
KJ753820.1	N.5.1
MH301219.1	N.5.1
OQ201505.1	N.5.1
MW552131.1	N.5.1
MN479654.1	N.5.1
KJ752988.1	N.5.1
KC443627.1	N.5.1
LC173700.1	N.5.1
MZ094029.1	N.5.1
MZ407340.1	N.5.1
MZ094133.1	N.5.1
LC542066.1	N.5.1
MW552703.1	N.5.1
HQ343377.1	N.5.1
LC173642.1	N.5.1
LC174970.1	N.5.1
KX171471.1	N.5.1
MZ096074.1	N.5.1
MG181641.1	N.5.1
KP882446.1	N.5.1
KR705274.1	N.5.1
KC443014.1	N.5.1
MW275275.1	N.5.1
LC173648.1	N.5.1
KY634619.1	N.5.1
MN479709.1	N.5.1
KP882402.1	N.5.1
MG891945.1	N.5.1
MG181773.1	N.5.1
MZ065711.1	N.5.1
KJ412538.1	N.5.1
LC173663.1	N.5.1
MG670749.1	N.5.1
MZ096460.1	N.5.1
MW552439.1	N.5.1
MZ955399.1	N.5.1
KC782515.2	N.5.1
MN552070.1	N.5.1
LC086732.1	N.5.1
MW552494.1	N.5.1
LC086776.1	N.5.1
KC443462.1	N.5.1
LC463209.1	N.5.1
ON745828.1	N.5.1
MG670741.1	N.5.1
KY657937.1	N.5.1
KC443284.1	N.5.1
KU870403.1	N.5.1
LC173651.1	N.5.1
JN706600.1	N.5.1
KP882204.1	N.5.1
MZ094231.1	N.5.1
MW552791.1	N.5.1
OP677613.1	N.5.1
MW552109.1	N.5.1
LC173756.1	N.5.1
MZ093767.1	N.5.1
MZ096063.1	N.5.1
KX171466.1	N.5.1
KY657941.1	N.5.1
LC105170.1	N.5.1
KF716399.1	N.5.1
LC228366.1	N.5.1
KJ918961.1	N.5.1
MN067186.1	N.5.1
MZ097239.1	N.5.1
ON792120.1	N.5.1
LC514488.1	N.5.1
MW552252.1	N.5.1
ON791989.1	N.5.1
LC173653.1	N.5.1
AB975842.1	N.5.1
LC542521.1	N.5.1
LC105595.1	N.5.1
KX274523.1	N.5.1
KX655447.1	N.5.1
OQ847428.1	N.5.1
LC260295.1	N.5.1
MZ094166.1	N.5.1
KY657939.1	N.5.1
LC463277.1	N.5.1
LC173710.1	N.5.1
KC443616.1	N.5.1
KJ626722.1	N.5.1
LC173627.1	N.5.1
MG670756.1	N.5.1
MW552725.1	N.5.1
KJ751598.1	N.5.1
LC105551.1	N.5.1
LC173634.1	N.5.1
MW552923.1	N.5.1
KJ751907.1	N.5.1
MN551971.1	N.5.1
KC443517.1	N.5.1
OP677580.1	N.5.1
MZ066330.1	N.5.1
MZ094177.1	N.5.1
JN706604.1	N.5.1
MW552241.1	N.5.1
MZ065967.1	N.5.1
AB753230.1	N.5.1
KC834694.1	N.5.1
MZ094188.1	N.5.1
KT006915.1	N.5.1
KC443240.1	N.5.1
MG181630.1	N.5.1
MW552967.1	N.5.1
KJ918953.1	N.5.1
LC173735.1	N.5.1
MH520727.1	N.5.1
LC463299.1	N.5.1
MW558499.1	N.5.1
OQ847445.1	N.5.1
LC173630.1	N.5.1
OQ133033.1	N.5.1
AB975825.1	N.5.1
LC465259.1	N.5.1
KC870023.1	N.5.1
MW552153.1	N.5.1
MG573361.1	N.5.1
LC228322.1	N.5.1
ON792076.1	N.5.1
MT232624.1	N.5.1
KJ751620.1	N.5.1
MH182456.1	N.5.1
KJ626711.1	N.5.1
MW275253.1	N.5.1
MZ065879.1	N.5.1
LC542099.1	N.5.1
MG181806.1	N.5.1
LC542055.1	N.5.1
MW552868.1	N.5.1
KX274527.1	N.5.1
KC442959.1	N.5.1
OQ201499.1	N.5.1
OP850393.1	N.5.1
KP752567.1	N.5.1
LC173660.1	N.5.1
MW552472.1	N.5.1
LC260290.1	N.5.1
OP850394.1	N.5.1
MG670747.1	N.5.1
MN552054.1	N.5.1
LC469517.1	N.5.1
KJ751852.1	N.5.1
LC173609.1	N.5.1
KP752489.1	N.5.1
LC173638.1	N.5.1
KU356614.1	N.5.1
MG181850.1	N.5.1
ON792011.1	N.5.1
KC020021.1	N.5.1
KP188804.1	N.5.1
KJ753386.1	N.5.1
KR705153.1	N.5.1
LC477586.1	N.5.1
AB975841.1	N.5.1
OQ201510.1	N.5.1
KJ751956.1	N.5.1
LC173635.1	N.5.1
KU360978.1	N.5.1
MH301217.1	N.5.1
MZ096944.1	N.5.1
LC173625.1	N.5.1
KU360982.1	N.5.1
LC002075.1	N.5.1
MZ093905.1	N.5.1
MN479602.1	N.5.1
KJ918971.1	N.5.1
KC443396.1	N.5.1
MZ407417.1	N.5.1
KM660139.1	N.5.1
MZ027452.1	N.5.1
KC443330.1	N.5.1
KC443528.1	N.5.1
OQ596312.1	N.5.1
LC173596.1	N.5.1
MG181795.1	N.5.1
MN479739.1	N.5.1
KC442947.1	N.5.1
LC469521.1	N.5.1
MN479649.1	N.5.1
JQ069294.1	N.5.1
MG181817.1	N.5.1
KC822941.1	N.5.1
HQ657134.1	N.5.1
MZ094051.1	N.5.1
KP752556.1	N.5.1
KP170850.1	N.5.1
MZ027419.1	N.5.1
OQ847436.1	N.5.1
ON792032.1	N.5.1
KX274512.1	N.5.1
KR705252.1	N.5.1
KJ583181.1	N.5.1
KP007155.1	N.5.1
MW280872.1	N.5.1
KC443385.1	N.5.1
LC542220.1	N.5.1
MW552824.1	N.5.1
KJ626983.1	N.5.1
KF636318.1	N.5.1
KC152912.1	N.5.1
LC173650.1	N.5.1
LC542554.1	N.5.1
MW552846.1	N.5.1
MG181322.1	N.5.1
KU356592.1	N.5.1
LC228333.1	N.5.1
AB753232.1	N.5.1
LC406804.1	N.5.1
KR705197.1	N.5.1
LC469522.1	N.5.1
KX655513.1	N.5.1
OQ847426.1	N.5.1
LC469515.1	N.5.1
MZ955401.1	N.5.1
MN401295.1	N.5.1
MZ096085.1	N.5.1
MW552901.1	N.5.1
LC469513.1	N.5.1
AB975833.1	N.5.1
AB930198.1	N.5.1
OQ133037.1	N.5.1
KJ752454.1	N.5.1
MN066840.1	N.5.1
LC173715.1	N.5.1
MW552285.1	N.5.1
MW552428.1	N.5.1
KR705142.1	N.5.1
KM660129.1	N.5.1
KP882347.1	N.5.1
MH301220.1	N.5.1
ON092394.1	N.5.1
LC105106.1	N.5.1
MZ407406.1	N.5.1
KU356625.1	N.5.1
MW552758.1	N.5.1
KJ752346.1	N.5.1
MN067179.1	N.5.1
KR705241.1	N.5.1
MN067096.1	N.5.1
MZ096107.1	N.5.1
JX307620.1	N.5.1
KU550306.1	N.5.1
LC465248.1	N.5.1
LC569657.1	N.5.1
ON791852.1	N.5.1
KY634660.1	N.5.1
JN706603.1	N.5.1
KC443682.1	N.5.1
AB975870.1	N.5.1
OK349185.1	N.5.1
LC228377.1	N.5.1
MW552197.1	N.5.1
AB753246.1	N.5.1
LC173654.1	N.5.1
AB753228.1	N.5.1
LC260292.1	N.5.1
LC541978.1	N.5.1
MF168268.1	N.5.1
AB975865.1	N.5.1
LC066187.1	N.5.1
KX362718.1	N.5.1
KC443306.1	N.5.1
LC066646.1	N.5.1
LC105007.1	N.5.1
KU243410.1	N.5.1
KX536640.1	N.5.1
OQ133040.1	N.5.1
MG670748.1	N.5.1
KC178734.1	N.5.1
ON745830.1	N.5.1
MG891956.1	N.5.1
MZ066374.1	N.5.1
MZ093978.1	N.5.1
LC542088.1	N.5.1
KX362674.1	N.5.1
ON092393.1	N.5.1
KC443229.1	N.5.1
OP677646.1	N.5.1
MW552450.1	N.5.1
LC173714.1	N.5.1
LC477567.1	N.5.1
MZ094324.1	N.5.1
LC105137.1	N.5.1
MW552175.1	N.5.1
OQ266310.1	N.5.1
KP752655.1	N.5.1
MN479658.1	N.5.1
LC173684.1	N.5.1
MH704735.1	N.5.1
MZ066319.1	N.5.1
KT918442.1	N.5.1
KJ583192.1	N.5.1
KJ918917.1	N.5.1
AF506018.1	N.5.1
KP753036.1	N.5.1
LC173589.1	N.5.1
KY634723.1	N.5.1
KP752456.1	N.5.1
KJ626934.1	N.5.1
KX171463.1	N.5.1
MW552230.1	N.5.1
OQ201497.1	N.5.1
MW552527.1	N.5.1
OQ201512.1	N.5.1
KU550307.1	N.5.1
JX891387.1	N.5.1
MH169413.1	N.5.1
AB753235.1	N.5.1
MG926732.1	N.5.1
KY657957.1	N.5.1
KJ918891.1	N.5.1
LC514510.1	N.5.1
MW275264.1	N.5.1
KT936622.1	N.5.1
KX632338.1	N.5.1
LC542187.1	N.5.1
LC105540.1	N.5.1
LC105562.1	N.5.1
MN551975.1	N.5.1
MS907257.1	N.5.1
KP753024.1	N.5.1
KP882523.1	N.5.1
KY657952.1	N.5.2
KY657950.1	N.5.2
KY657953.1	N.5.2
KY657951.1	N.5.2
AB753248.1	N.5.3
MG926764.1	N.5.3
AB753241.1	N.5.3
KU714451.1	N.5.3
MW771158.1	N.5.3
AB753247.1	N.5.3
AB753249.1	N.5.3
KX655458.1	N.5.3
AB753245.1	N.5.3
AB753223.1	N.5.4
AB753231.1	N.5.4
MT501459.1	N.5.5
KU292526.1	N.5.5
JX442795.1	N.5.6
MK638877.1	N.5.7
LC055554.1	N.5.7
LC367321.1	N.5.7
MK250431.1	N.5.7
JX040428.1	N.5.8
JF304922.1	N.5.9
LC133521.1	N.5.10
LC133532.1	N.5.10
MT163208.1	N.5.11
GU937884.1	N.5.12
KP882479.1	N.6.1
KP198632.1	N.6.1
MH182453.1	N.6.1
JX442771.1	N.6.1
MZ065648.1	N.6.1
KU292537.1	N.6.1
MZ065813.1	N.6.1
JF831950.1	N.6.1
JN013978.1	N.6.2
MT232613.1	N.6.3
GQ414547.1	N.6.3
KC870007.1	N.6.3
ON745823.1	N.6.3
MT232602.1	N.6.3
KC870015.1	N.6.3
MT232591.1	N.6.3
MT232580.1	N.6.3
ON745825.1	N.6.3
KJ752614.1	N.6.4
KP883183.1	N.6.4
KP883139.1	N.6.4
JN013976.1	N.6.4
KP882930.1	N.6.4
KP883029.1	N.6.4
HM113521.1	N.6.5
EF554155.1	N.6.6
FN665683.1	N.6.6
EF554122.1	N.6.6
KJ940158.1	N.6.6
KP198643.1	N.6.6
MG214333.1	N.6.6
MN066952.1	N.6.7
KX265686.1	N.6.8
KU317462.1	N.6.8
KY055434.1	N.6.9
JX968468.1	N.6.10
KX212884.1	N.6.11
KX212883.1	N.6.11
KP752895.1	N.6.12
MN067440.1	N.6.13
KC257087.1	N.6.14
EF554111.1	N.6.15
KU508376.1	N.6.16
KJ482287.1	N.7.1
KJ482297.1	N.7.1
KJ482296.1	N.7.1
KJ482288.1	N.7.1
KJ482292.1	N.7.1
KJ482285.1	N.7.1
KJ482293.1	N.7.1
KJ482283.1	N.7.1
KJ482282.1	N.7.1
KJ482295.1	N.7.1
KJ482298.1	N.7.1
KJ482284.1	N.7.1
KJ482294.1	N.7.1
KP753117.1	N.7.2
KJ482289.1	N.7.3
KC117142.1	N.7.3
KJ820887.1	N.7.4
MK272884.1	N.7.4
EF672587.1	N.7.4
KM026605.1	N.7.4
KM026610.1	N.7.4
KM026609.1	N.7.4
KM026617.1	N.7.4
KM026607.1	N.7.4
KM026606.1	N.7.4
KJ820876.1	N.7.4
KM026615.1	N.7.4
KM026618.1	N.7.4
KC117144.1	N.7.5
KJ482279.1	N.7.5
KJ482276.1	N.7.5
KC117143.1	N.7.5
KC155672.1	N.7.6
ON092396.1	N.7.7
OP886869.1	N.7.8
MK026442.1	N.7.8
MH910070.1	N.7.8
OM362100.1	N.7.9
MH238116.1	N.7.10
MH238106.1	N.7.10
MH238108.1	N.7.10
MH238102.1	N.7.10
MH238105.1	N.7.10
MH238115.1	N.7.10
MK936377.1	N.7.10
MH238111.1	N.7.10
MH238121.1	N.7.10
MH238118.1	N.7.10
MK936378.1	N.7.10
MH238101.1	N.7.10
MH238112.1	N.7.10
MH238117.1	N.7.10
KC155681.1	N.7.11
JQ309142.1	N.7.12
KP752760.1	N.7.13
KP753185.1	N.7.14
KP752954.1	N.7.14
MH910081.1	N.7.15
AB741656.1	N.7.16
OM982784.1	N.7.17
OM982753.1	N.7.17
KJ482286.1	N.7.18
KC610685.1	N.7.19
MT271032.1	N.7.20
AB924091.1	N.7.21
JF796697.1	N.7.22
JF796730.1	N.7.22
OQ743753.1	N.7.23
MH238119.1	N.7.24
KJ752478.1	N.7.25
OQ440192.1	N.7.26
MH238107.1	N.7.27
FJ816614.1	N.7.28
OP718297.1	N.7.29
MN223998.1	N.7.30
KM820668.1	N.7.31
KM820671.1	N.7.32
KR052721.1	N.7.33
KC610707.1	N.7.34
MK379530.1	N.7.35
KC020033.1	N.7.36
MK936380.1	N.7.37
KF835945.1	N.7.38
KU243412.1	N.8
KU243406.1	N.8
KU243411.1	N.8
KU243430.1	N.8
JF693204.1	N.9.1
GQ225815.1	N.9.1
KC215493.1	N.9.1
GQ496275.1	N.9.1
GQ496258.1	N.9.1
GQ225818.1	N.9.1
JF693065.1	N.9.1
GQ225814.1	N.9.1
GQ225817.1	N.9.1
JF990823.1	N.9.1
JF693208.1	N.9.1
OL988977.1	N.9.1
GQ225813.1	N.9.1
GQ496292.1	N.9.1
HQ844011.1	N.9.1
JF693175.1	N.9.1
JF693216.1	N.9.1
JF693120.1	N.9.1
HQ844022.1	N.9.1
JF693153.1	N.9.1
JF990811.1	N.9.1
OL988953.1	N.9.1
JF693054.1	N.9.1
GQ496199.1	N.9.1
JF693164.1	N.9.1
JF693224.1	N.9.1
J02420.1	N.9.1
JF693220.1	N.9.1
JF693212.1	N.9.1
JF693142.1	N.9.1
JF693197.1	N.9.1
JF693109.1	N.9.1
GQ225816.1	N.9.1
JF693087.1	N.9.1
JN831205.1	N.9.1
JF990834.1	N.9.1
JF693131.1	N.9.1
JF693076.1	N.9.1
GQ496241.1	N.9.1
GQ496224.1	N.9.1
KC215536.1	N.9.1
GQ496210.1	N.9.1
JF693098.1	N.9.1
JF693186.1	N.9.1
JN831227.1	N.9.1
OL988989.1	N.9.2
LC133576.1	N.9.3
LC133543.1	N.9.3
LC460228.1	N.10.1
LC467907.1	N.10.1
AB908930.1	N.10.1
KM454510.1	N.10.1
LC467929.1	N.10.1
LC467940.1	N.10.1
LC467863.1	N.10.1
LC467918.1	N.10.1
KM454499.1	N.10.1
LC467830.1	N.10.1
LC467841.1	N.10.1
LC467852.1	N.10.1
JN903514.2	N.10.1
LC460239.1	N.10.1
AB908908.1	N.10.1
KC815676.1	N.10.1
LC467885.1	N.10.1
KM454488.1	N.10.1
LC467874.1	N.10.1
LC460250.1	N.10.1
AB908952.1	N.10.1
LC467819.1	N.10.1
LC467896.1	N.10.1
AB908941.1	N.10.1
AB908919.1	N.10.1
LC460217.1	N.10.1
LC467808.1	N.10.1
JN903513.2	N.10.2
JF712573.1	N.10.3
JF712584.1	N.10.3
JN872872.1	N.10.3
MK227394.1	N.11.1
GU189556.1	N.11.2
LC433781.1	N.11.3
MK597978.1	N.11.4
MK597989.1	N.11.4
MK606446.1	N.11.4
MK597967.1	N.11.4
KX363338.1	N.11.5
LC095928.1	N.11.6
ON989009.1	N.11.7
GU199195.1	N.11.8
MT364831.1	N.12.1
HQ661130.1	N.12.1
MT364875.1	N.12.1
HQ661141.1	N.12.1
HQ661119.1	N.12.1
MT364842.1	N.12.1
LC340028.1	N.12.1
ON377044.1	N.12.1
LC158123.1	N.12.1
OL388437.1	N.12.1
MT364853.1	N.12.1
MT364864.1	N.12.1
KJ875798.1	N.12.1
OM450985.1	N.12.1
LC169969.1	N.12.2
LC102891.1	N.12.2
LC569645.1	N.12.2
MH060095.1	N.12.2
OP487394.1	N.12.2
OP487504.1	N.12.2
LC102957.1	N.12.2
MT410469.1	N.12.2
LC102902.1	N.12.2
LC169892.1	N.12.2
LC169881.1	N.12.2
LC477579.1	N.12.2
MG996115.1	N.12.2
MT723913.1	N.12.2
OP487383.1	N.12.2
LC074738.1	N.12.2
OP487449.1	N.12.2
OP487482.1	N.12.2
LC569647.1	N.12.2
MG996120.1	N.12.2
LC386072.1	N.12.2
LC569653.1	N.12.2
LC477574.1	N.12.2
OP487471.1	N.12.2
OP487339.1	N.12.2
LC169947.1	N.12.2
OP487306.1	N.12.2
LC433673.1	N.12.2
LC103001.1	N.12.2
LC102935.1	N.12.2
OP487361.1	N.12.2
OP487350.1	N.12.2
LC102990.1	N.12.2
LC169870.1	N.12.2
LC569649.1	N.12.2
LC102946.1	N.12.2
LC569289.1	N.12.2
MH060115.1	N.12.2
MG996116.1	N.12.2
LC103045.1	N.12.2
LC102924.1	N.12.2
LC169958.1	N.12.2
MT723902.1	N.12.2
MH060105.1	N.12.2
OP487317.1	N.12.2
MT410480.1	N.12.2
LC169925.1	N.12.2
LC477563.1	N.12.2
OP487460.1	N.12.2
LC103012.1	N.12.2
MH060085.1	N.12.2
OP487405.1	N.12.2
OP487438.1	N.12.2
LC169859.1	N.12.2
LC169903.1	N.12.2
MH060125.1	N.12.2
OP487427.1	N.12.2
MG996114.1	N.12.2
MT732494.1	N.12.2
LC169914.1	N.12.2
MN058731.1	N.12.2
MT732505.1	N.12.2
LC433684.1	N.12.2
MT410491.1	N.12.2
OP487416.1	N.12.2
LC569650.1	N.12.2
LC102913.1	N.12.2
MG996113.1	N.12.2
MT670278.1	N.12.2
OP487328.1	N.12.2
MG996118.1	N.12.2
MG996117.1	N.12.2
MN058753.1	N.12.2
LC169936.1	N.12.2
LC102979.1	N.12.2
LC102968.1	N.12.2
LC169848.1	N.12.2
OP487372.1	N.12.2
LC103023.1	N.12.2
LC477572.1	N.12.2
LC086743.1	N.12.2
LC103034.1	N.12.2
OP487493.1	N.12.2
OP487515.1	N.12.2
LC569324.1	N.12.2
MN649752.1	N.12.3
MN649754.1	N.12.3
ON206967.1	N.12.4
MF167984.1	N.12.4
MF168367.1	N.12.4
LC384337.1	N.12.4
MF168099.1	N.12.4
JN128987.1	N.12.4
EF990700.1	N.12.4
JN128991.1	N.12.4
KC443594.1	N.12.4
MN479633.1	N.12.4
GU565059.1	N.12.4
MN632910.1	N.12.4
MF168220.1	N.12.4
MN479635.1	N.12.4
MN479715.1	N.12.4
KT919443.1	N.12.4
OR125131.1	N.12.4
MN479671.1	N.12.4
MT163230.1	N.12.4
ON206952.1	N.12.4
MF469337.1	N.12.4
MN479647.1	N.12.4
GU565048.1	N.12.4
MN479748.1	N.12.4
KR701625.1	N.12.4
GU565092.1	N.12.4
MN479636.1	N.12.4
GU565070.1	N.12.4
GU565081.1	N.12.4
MT163219.1	N.12.4
MN479685.1	N.12.4
KC020026.2	N.12.5
KJ187595.1	N.12.5
ON191603.1	N.12.5
KX880443.1	N.12.5
JF421982.1	N.12.5
KC020028.1	N.12.5
KC020023.2	N.12.5
OM450951.1	N.12.6
OM416836.1	N.12.6
OL988929.1	N.12.7
HQ846850.1	N.12.7
MT226641.1	N.12.7
KU962135.1	N.12.7
MW771136.1	N.12.7
MW924305.1	N.12.7
GU933624.1	N.12.7
HQ846861.1	N.12.7
MT226652.1	N.12.7
LC553602.1	N.12.7
LC553635.1	N.12.7
HQ846883.1	N.12.7
GU384196.1	N.12.7
LC438930.1	N.12.7
MW771147.1	N.12.7
FJ422139.1	N.12.7
OL989025.1	N.12.7
MT226619.1	N.12.7
MT796861.1	N.12.7
MT226630.1	N.12.7
LC553591.1	N.12.7
LC553624.1	N.12.7
HQ846872.1	N.12.7
LC336595.1	N.12.7
EU636931.1	N.12.7
OL988917.1	N.12.7
KP883150.1	N.12.8
KP882897.1	N.12.8
KP883128.1	N.12.8
KP882996.1	N.12.8
KP882908.1	N.12.8
KP883084.1	N.12.8
KP752444.1	N.12.8
KP882853.1	N.12.8
KP883106.1	N.12.8
KP882435.1	N.12.8
KP883062.1	N.12.8
KP883073.1	N.12.8
KJ752390.1	N.12.8
KP882842.1	N.12.8
KP883095.1	N.12.8
KP752906.1	N.12.9
HQ714486.1	N.12.9
KF636252.1	N.12.9
MN067451.1	N.12.9
MW771180.1	N.12.9
KJ753328.1	N.12.9
MT234366.1	N.12.9
KP752873.1	N.12.9
MW771169.1	N.12.9
JN831216.1	N.12.9
KJ752056.1	N.12.9
KC488892.1	N.12.9
MW771191.1	N.12.9
KR705285.1	N.12.9
LC553613.1	N.12.9
KJ751918.1	N.12.9
MT234347.1	N.12.9
MW771125.1	N.12.9
KR705296.1	N.12.9
MW771202.1	N.12.9
MZ848152.1	N.12.10
MZ848151.1	N.12.10
MZ848153.1	N.12.10
KP258405.1	N.12.11
AY740734.1	N.12.11
MK751429.1	N.12.11
KP231501.1	N.12.12
KP231502.1	N.12.12
MZ848154.1	N.12.13
KJ803831.1	N.12.14
KT281127.1	N.12.15
JF693032.1	N.12.16
AB748593.1	N.12.16
AB748595.1	N.12.16
KF729665.1	N.12.16
AB748596.1	N.12.16
KF729667.1	N.12.16
KF729694.1	N.12.16
OK651106.1	N.12.16
Z21640.1	N.12.16
KF729668.1	N.12.16
OM643795.1	N.12.16
KF729666.1	N.12.16
AB748592.1	N.12.16
MH769730.1	N.12.16
AB748594.1	N.12.16
OK651107.1	N.12.16
KU128899.1	N.12.17
MN649758.1	N.12.18
MN649759.1	N.12.18
MN649761.1	N.12.19
MN649753.1	N.12.20
KF577845.1	N.12.21
KF500515.1	N.12.22
KC822934.1	N.12.22
JF805006.1	N.12.22
GU296413.1	N.12.22
MN649756.1	N.12.23
MN649760.1	N.12.23
EF990704.1	N.12.24
KJ918920.1	N.12.25
LC340017.1	N.12.26
KU956013.1	N.12.27
FJ347118.1	N.12.28
MW752845.1	N.12.29
KY426804.1	N.12.30
KT887527.1	N.12.31
DQ205227.1	N.12.32
LC133554.1	N.12.33
KP006513.1	N.12.34
KJ411439.1	N.12.35
MN649757.1	N.12.36
KC580001.1	N.13
KC579560.1	N.13
KC579687.1	N.13
EF672573.1	N.13
KC579549.1	N.13
MN479705.1	N.14.1
KC580161.1	N.14.1
KX954621.1	N.14.1
HQ392411.1	N.14.1
KC579639.1	N.14.1
KC580206.1	N.14.1
OP924562.1	N.14.1
JX683628.1	N.14.1
JX943605.2	N.14.1
KC579505.1	N.14.1
KM026668.1	N.14.1
JX683624.1	N.14.1
JQ926541.1	N.14.1
KC580316.1	N.14.1
KY616906.1	N.14.1
MN479727.1	N.14.1
MN479729.1	N.14.1
MG571802.1	N.14.1
KY616898.1	N.14.1
MF469216.1	N.14.1
MT854925.1	N.14.1
OR187579.1	N.14.1
OR187599.1	N.14.1
KC580034.1	N.14.1
LC028937.1	N.14.1
KC580608.1	N.14.1
KM026614.1	N.14.1
KC579482.1	N.14.1
OQ440218.1	N.14.2
OQ440231.1	N.14.2
MN223997.1	N.14.3
OQ440178.1	N.14.4
KF835946.1	N.14.5
KC822940.1	N.14.6
MN223984.1	N.14.7
OQ440166.1	N.14.8
KR086414.1	N.15
JF712562.1	N.15
MH238114.1	N.16.1
MH238113.1	N.16.1
MH238109.1	N.16.2
MH238099.1	N.16.2
MH238100.1	N.16.3
KC140594.1	N.17
JX040429.1	N.17
LC433792.1	N.17
KJ501689.1	N.17
GU199499.1	N.17
LC433803.1	N.17
JX946164.1	N.18.1
LC328250.1	N.18.1
KJ412878.1	N.18.1
JN706599.1	N.18.1
KJ412673.1	N.18.1
LC328251.1	N.18.1
JX946175.1	N.18.1
KF729029.1	N.18.1
KJ412793.1	N.18.1
LC569294.1	N.18.1
KJ412815.1	N.18.1
MZ097270.1	N.18.1
KJ412848.1	N.18.1
KJ412616.1	N.18.1
KJ412902.1	N.18.1
KR262156.1	N.18.1
MW331509.1	N.18.1
KU243417.1	N.18.2
MN539291.1	N.19.1
MN433624.1	N.19.1
JX036372.1	N.19.1
KU243421.1	N.19.2
KU243414.1	N.19.2
KU243415.1	N.19.2
KU243413.1	N.19.2
KF907256.1	N.20.1
DQ146703.1	N.20.1
KJ412861.1	N.20.1
KJ412804.1	N.20.1
KJ412837.1	N.20.1
KJ412717.1	N.20.1
KJ412527.1	N.20.1
MK272881.1	N.20.1
MK272883.1	N.20.1
MK272882.1	N.20.1
KF907257.1	N.20.1
KJ626946.1	N.20.1
KJ412594.1	N.20.1
KJ412571.1	N.20.1
LC326513.1	N.20.2
LC328249.1	N.20.3
MK936379.1	N.21
MN479717.1	N.22.1
MN479732.1	N.22.1
MN479714.1	N.22.1
HQ650123.1	N.22.1
KC443583.1	N.22.1
LC684241.1	N.22.1
MN479743.1	N.22.1
EF672580.1	N.22.1
JQ715660.1	N.22.2
KJ820843.1	N.22.2
AY787648.1	N.22.2
JQ715662.1	N.22.2
JQ715661.1	N.22.2
AB771770.1	N.22.2
AB771764.1	N.22.2
AB771753.1	N.22.2
LC438397.1	N.22.3
AB733137.2	N.22.3
KX024674.1	N.23.1
KX024685.1	N.23.1
MN626417.1	N.23.2
OL989001.1	N.23.3
HM627549.1	N.23.4
OL988941.1	N.23.5
FJ495134.1	N.23.6
KP198654.1	N.23.7
EF554144.1	N.23.7
GQ428137.1	N.23.8
EF672559.1	N.23.9
KU708263.1	N.23.10
AB972863.1	N.23.10
OL988965.1	N.23.11
JX567765.1	N.23.12
EF672566.1	N.23.13
OK651109.1	N.24.1
OK651108.1	N.24.2
KR632627.1	N.25
MW280875.1	N.26
KC020034.2	N.26
MN029111.1	N.26
KC020032.1	N.26
GU827413.1	N.26
JQ715664.1	N.26
JX271008.1	N.26
KC020027.1	N.26
MN649755.1	N.27
LC576615.1	N.28
LC277162.1	N.29
KC020024.2	N.30.1
KF680474.2	N.30.2
KU243431.1	N.31.1
KU243432.1	N.31.1
KU243428.1	N.31.2
KX398370.1	N.32
EF554100.1	N.33.1
KF690132.1	N.33.2
KX420945.1	N.34
KX268783.1	N.34
MH769717.1	N.35
LC333809.1	N.35
DQ838612.1	N.35
DQ838615.2	N.35
DQ838614.1	N.35
KJ450838.1	N.35
DQ838611.1	N.35
NC_011502.2	N.35
MH769743.1	N.35
LC178571.1	N.35
JQ688680.1	N.35
DQ838613.1	N.35
JF791802.1	N.35
MN567269.1	N.36.1
KX268794.1	N.36.1
KX268750.1	N.36.2
KX268761.1	N.36.2
KX548930.1	N.37
DQ838597.1	N.37
JN827252.1	N.37
JF693044.1	N.37
J02353.1	N.37
JF896472.1	N.37
MK376888.1	N.38
HM363561.1	N.38
KJ820854.1	N.39
KJ820865.1	N.39
KJ820832.1	N.39
DQ490534.1	N.39
LC328197.1	N.39
KJ820910.1	N.39
LC328196.1	N.39
FJ347107.1	N.40
MN066871.1	N.41
JQ358771.1	N.42
JF804985.1	N.43.1
LC328247.1	N.43.2
EU708919.1	N.43.2
EU708941.1	N.43.2
LC328248.1	N.43.2
EU708908.1	N.43.2
EU708897.1	N.43.2
EU708930.1	N.43.2
LC328246.1	N.43.3
HM627560.1	N.44
KU360991.1	N.45
KU360988.1	N.45
KU360993.1	N.45
KU360990.1	N.45
KX618241.1	N.45
KF185100.1	N.45
KU360992.1	N.45
KU360989.1	N.45
LC704649.1	N.46.1
LC704660.1	N.46.1
LC704671.1	N.46.2
JF804996.1	N.47
KC815665.1	N.48
KC815687.1	N.49
KC815699.1	N.49
HQ834203.1	N.50.1
KY113327.1	N.50.1
FJ031020.1	N.50.1
OQ603395.1	N.50.1
JQ004977.1	N.50.1
JQ031147.1	N.50.1
KY113343.1	N.50.1
OM212046.1	N.50.2
OQ807046.1	N.50.2
LC065024.1	N.50.3
ON012981.1	N.50.4
ON012970.1	N.50.4
LC060821.1	N.50.5
LC060810.1	N.50.5
EF554133.1	N.51
EF672608.1	N.52
MT276810.1	N.52
KT878999.1	N.53
KT935482.1	N.53
MW720863.1	N.54.1
MW720874.1	N.54.1
KX814960.1	N.54.2
KC960626.1	N.54.3
KX814949.1	N.54.4
KX814928.1	N.54.5
MN528082.1	N.55
MN528109.1	N.55
KT887538.1	N.56
KF835947.1	N.57.1
KF835951.1	N.57.2
LC000540.1	N.58
LC061630.1	N.58
KX814938.1	N.59
MH785414.1	N.60
MH785416.1	N.60
MH785417.1	N.60
MH785422.1	N.60
MH785425.1	N.60
MH785411.1	N.60
MH785424.1	N.60
MH785412.1	N.60
MH785420.1	N.60
MH785415.1	N.60
MH785418.1	N.60
MH785419.1	N.60
MH785413.1	N.60
MH785421.1	N.60
MH785423.1	N.60
JX204818.1	N.61.1
KU587861.1	N.61.2
ON059887.1	N.62
ON059885.1	N.62
ON059886.1	N.62
ON059888.1	N.62
ON059889.1	N.62
ON059884.1	N.62
KU597751.1	N.63
KJ725024.1	N.64
LC460422.1	N.65.1
KJ748483.1	N.65.1
KJ748472.1	N.65.1
LC119100.1	N.65.2
LC119111.1	N.65.2
MH933789.1	N.66
MK167199.1	N.67
FJ169860.1	N.68.1
MN365930.1	N.68.1
MN365919.1	N.68.1
MN365908.1	N.68.1
MN365941.1	N.68.2
LC088134.1	N.68.3
OP947215.1	N.69
MK227405.1	N.70
OP963643.1	N.71
FN665694.1	N.72
LC528248.1	N.73
OP963654.1	N.74
OP963665.1	N.75
ON191757.1	N.76
ON191759.1	N.76
KJ879455.1	N.77
JX070053.1	N.78
ON711391.1	N.79
OR192609.1	N.80
