LC105197.1	M.1.1
MT855110.1	M.1.1
KT918690.1	M.1.1
MG181240.1	M.1.1
ON855192.1	M.1.1
MG181306.1	M.1.1
MN479402.1	M.1.1
KJ559128.1	M.1.1
FJ947740.1	M.1.1
MT854901.1	M.1.1
HQ392078.1	M.1.1
KJ752914.1	M.1.1
JX406749.1	M.1.1
MN479285.1	M.1.1
KJ559043.1	M.1.1
JF490984.1	M.1.1
ON855196.1	M.1.1
LC105208.1	M.1.1
JN129082.1	M.1.1
KT694985.1	M.1.1
KC443578.1	M.1.1
MT601187.1	M.1.1
KC580299.1	M.1.1
MN479371.1	M.1.1
MG181339.1	M.1.1
MT854560.1	M.1.1
MT855330.1	M.1.1
FJ947364.1	M.1.1
KT919549.1	M.1.1
KJ752543.1	M.1.1
MN479337.1	M.1.1
HQ392108.1	M.1.1
MN479428.1	M.1.1
MT601153.1	M.1.1
MG670677.1	M.1.1
KU861403.1	M.1.1
JF490510.1	M.1.1
KJ753095.1	M.1.1
MT601201.1	M.1.1
MT855044.1	M.1.1
MT601167.1	M.1.1
KC580212.1	M.1.1
HQ392330.1	M.1.1
KJ753767.1	M.1.1
MH169491.1	M.1.1
MT025867.1	M.1.1
MT854923.1	M.1.1
KJ559113.1	M.1.1
JX027646.1	M.1.1
MH169487.1	M.1.1
KP752825.1	M.1.1
JF490597.1	M.1.1
KT919108.1	M.1.1
ON855188.1	M.1.1
KU048575.1	M.1.1
ON855179.1	M.1.1
KJ559195.1	M.1.1
KC580133.1	M.1.1
KF636225.1	M.1.1
KP752428.1	M.1.1
KJ919538.1	M.1.1
JN129078.1	M.1.1
KC579894.1	M.1.1
MT601221.1	M.1.1
ON855189.1	M.1.1
KT919747.1	M.1.1
MH171350.1	M.1.1
HQ392220.1	M.1.1
KJ626684.1	M.1.1
HQ392035.1	M.1.1
KC580076.1	M.1.1
KU861392.1	M.1.1
KJ583154.1	M.1.1
KJ919563.1	M.1.1
KC769461.1	M.1.1
JQ069779.1	M.1.1
KJ412633.1	M.1.1
JN129081.1	M.1.1
MG181427.1	M.1.1
KC580029.1	M.1.1
KC193614.2	M.1.1
KT918734.1	M.1.1
OM038003.1	M.1.1
KJ559336.1	M.1.1
HQ609560.1	M.1.1
MN479368.1	M.1.1
KC579737.1	M.1.1
KJ412788.1	M.1.1
JF490455.1	M.1.1
KP645313.1	M.1.1
MN479364.1	M.1.1
KT920895.1	M.1.1
MT854626.1	M.1.1
MG181273.1	M.1.1
KU048590.1	M.1.1
MT601173.1	M.1.1
MT601182.1	M.1.1
MT601224.1	M.1.1
KJ919592.1	M.1.1
MG181295.1	M.1.1
MN479403.1	M.1.1
JN258942.1	M.1.1
JF490488.1	M.1.1
MN479421.1	M.1.1
KJ559278.1	M.1.1
KJ753239.1	M.1.1
KJ626640.1	M.1.1
KT919174.1	M.1.1
JX027800.1	M.1.1
JN013991.1	M.1.1
AY267335.1	M.1.1
KJ753584.1	M.1.1
MT601165.1	M.1.1
ON855167.1	M.1.1
KJ919553.1	M.1.1
MT601145.1	M.1.1
LC477529.1	M.1.1
FJ947254.1	M.1.1
MH169488.1	M.1.1
KJ752903.1	M.1.1
HQ392090.1	M.1.1
MG181350.1	M.1.1
KJ919551.1	M.1.1
HQ392043.1	M.1.1
MT601148.1	M.1.1
JF490477.1	M.1.1
LC581258.1	M.1.1
MT601178.1	M.1.1
KC579511.1	M.1.1
KJ751682.1	M.1.1
AY277915.1	M.1.1
MH171348.1	M.1.1
MH169492.1	M.1.1
ON855178.1	M.1.1
JN258888.1	M.1.1
MG181438.1	M.1.1
MT601232.1	M.1.1
KP752744.1	M.1.1
JN129070.1	M.1.1
KJ626918.1	M.1.1
KJ412611.1	M.1.1
KX632267.1	M.1.1
MF168373.1	M.1.1
ON855175.1	M.1.1
ON855177.1	M.1.1
MN479336.1	M.1.1
JN129071.1	M.1.1
MG181559.1	M.1.1
MT601162.1	M.1.1
KC579651.1	M.1.1
FJ947839.1	M.1.1
KJ559303.1	M.1.1
KT918437.1	M.1.1
JQ069775.1	M.1.1
MN479418.1	M.1.1
JN129080.1	M.1.1
MN479383.1	M.1.1
KJ559217.1	M.1.1
KJ559262.1	M.1.1
KJ751792.1	M.1.1
KP752551.1	M.1.1
FJ947342.1	M.1.1
KC579726.1	M.1.1
MN479430.1	M.1.1
KJ752860.1	M.1.1
MT855066.1	M.1.1
KT918514.1	M.1.1
MT601194.1	M.1.1
KJ752330.1	M.1.1
KJ626798.1	M.1.1
MF469268.1	M.1.1
MT737462.1	M.1.1
MN479429.1	M.1.1
MN479318.1	M.1.1
KJ752565.1	M.1.1
MH169499.1	M.1.1
MN479400.1	M.1.1
MT601146.1	M.1.1
ON855174.1	M.1.1
KT918536.1	M.1.1
MH169500.1	M.1.1
JX509937.1	M.1.1
MN479426.1	M.1.1
LC581259.1	M.1.1
KT919945.1	M.1.1
MT601156.1	M.1.1
MK417779.1	M.1.1
MG181493.1	M.1.1
KJ752960.1	M.1.1
MT601190.1	M.1.1
KJ752028.1	M.1.1
MZ065943.1	M.1.1
KP645258.1	M.1.1
KT918888.1	M.1.1
MH169490.1	M.1.1
HQ392207.1	M.1.1
MN479413.1	M.1.1
KJ919511.1	M.1.1
JQ069738.1	M.1.1
KC579827.1	M.1.1
OM038047.1	M.1.1
MZ095728.1	M.1.1
MT601176.1	M.1.1
JX027734.1	M.1.1
KT920642.1	M.1.1
KX265704.1	M.1.1
KC580447.1	M.1.1
KT918910.1	M.1.1
MT601209.1	M.1.1
MT855000.1	M.1.1
KJ753778.1	M.1.1
KP645280.1	M.1.1
KJ752631.1	M.1.1
KC580310.1	M.1.1
MN479373.1	M.1.1
MN479397.1	M.1.1
MN479367.1	M.1.1
ON855168.1	M.1.1
KC579905.1	M.1.1
JN258955.1	M.1.1
KU048584.1	M.1.1
JQ069767.1	M.1.1
KT919659.1	M.1.1
KC580167.1	M.1.1
MT855198.1	M.1.1
FJ947298.1	M.1.1
KC579544.1	M.1.1
MT854516.1	M.1.1
MN479363.1	M.1.1
MT854615.1	M.1.1
KC580201.1	M.1.1
KJ412766.1	M.1.1
MT601188.1	M.1.1
FJ423137.1	M.1.1
MN479431.1	M.1.1
MN479378.1	M.1.1
ON206958.1	M.1.1
KJ412734.1	M.1.1
OM038036.1	M.1.1
MT796880.1	M.1.1
MT601150.1	M.1.1
JQ988901.1	M.1.1
MN479386.1	M.1.1
ON992262.1	M.1.1
JX027767.1	M.1.1
KJ753676.1	M.1.1
KC769439.2	M.1.1
HM773636.1	M.1.1
MN479395.1	M.1.1
MT737477.1	M.1.1
MT601214.1	M.1.1
LC477528.1	M.1.1
JF490400.1	M.1.1
MT854593.1	M.1.1
HQ392385.1	M.1.1
KU048579.1	M.1.1
MT601181.1	M.1.1
MH169496.1	M.1.1
MH094765.1	M.1.1
FJ423148.1	M.1.1
JF490158.1	M.1.1
MT601199.1	M.1.1
MT601160.1	M.1.1
KJ919555.1	M.1.1
ON992265.1	M.1.1
MG181383.1	M.1.1
ON855182.1	M.1.1
MT854637.1	M.1.1
MT601205.1	M.1.1
MN479424.1	M.1.1
MF469148.1	M.1.1
KU048588.1	M.1.1
MK417778.1	M.1.1
KJ559325.1	M.1.1
KJ752971.1	M.1.1
KJ627091.1	M.1.1
MT601151.1	M.1.1
MF168047.1	M.1.1
MN479351.1	M.1.1
MG571797.1	M.1.1
KJ559240.1	M.1.1
OR187574.1	M.1.1
KJ919530.1	M.1.1
JF491059.1	M.1.1
MT601233.1	M.1.1
HQ392156.1	M.1.1
MT601166.1	M.1.1
KJ919544.1	M.1.1
JN258351.1	M.1.1
MT601163.1	M.1.1
MN479370.1	M.1.1
MT601203.1	M.1.1
KT919813.1	M.1.1
MN479376.1	M.1.1
OM037827.1	M.1.1
MT855033.1	M.1.1
ON855186.1	M.1.1
KC579985.1	M.1.1
KJ559066.1	M.1.1
MT601184.1	M.1.1
LC028935.1	M.1.1
MT854571.1	M.1.1
ON855181.1	M.1.1
LC485133.1	M.1.1
MG181284.1	M.1.1
MN479396.1	M.1.1
MF469342.1	M.1.1
KU048577.1	M.1.1
MN479374.1	M.1.1
JX027679.1	M.1.1
MN479417.1	M.1.1
KT919383.1	M.1.1
MH169489.1	M.1.1
KJ753618.1	M.1.1
KJ919503.1	M.1.1
JN258876.1	M.1.1
MT601219.1	M.1.1
MN479387.1	M.1.1
KC580370.1	M.1.1
HM773823.1	M.1.1
KJ919562.1	M.1.1
MN479410.1	M.1.1
MG181933.1	M.1.1
MF469181.1	M.1.1
KJ412588.1	M.1.1
KJ752675.1	M.1.1
MT854439.1	M.1.1
KC580043.1	M.1.1
KJ919597.1	M.1.1
MT601200.1	M.1.1
MN479389.1	M.1.1
KU048586.1	M.1.1
FJ947861.1	M.1.1
JQ069783.1	M.1.1
MT855055.1	M.1.1
MN479361.1	M.1.1
KC580156.1	M.1.1
KU738594.1	M.1.1
MT601197.1	M.1.1
MT601159.1	M.1.1
JX416220.1	M.1.1
MT601196.1	M.1.1
MG181515.1	M.1.1
HQ392134.1	M.1.1
MT855099.1	M.1.1
MH169493.1	M.1.1
KF371983.1	M.1.1
MN479425.1	M.1.1
MZ066053.1	M.1.1
OP924557.1	M.1.1
KT695029.1	M.1.1
HM467939.1	M.1.1
MF168075.1	M.1.1
JX027790.1	M.1.1
JQ069787.1	M.1.1
KJ627116.1	M.1.1
MT601225.1	M.1.1
MT601223.1	M.1.1
FJ947872.1	M.1.1
KU048585.1	M.1.1
JN129074.1	M.1.1
KX674724.1	M.1.1
DQ870491.1	M.1.1
MG181405.1	M.1.1
HQ391998.1	M.1.1
MT854384.1	M.1.1
MH171352.1	M.1.1
ON855176.1	M.1.1
KJ752521.1	M.1.1
KP752639.1	M.1.1
MT854428.1	M.1.1
KJ659455.1	M.1.1
KC769472.1	M.1.1
MT601171.1	M.1.1
KU048591.1	M.1.1
MT601147.1	M.1.1
MN479385.1	M.1.1
MT601192.1	M.1.1
KC769329.1	M.1.1
MT854890.1	M.1.1
KT694952.1	M.1.1
HQ392307.1	M.1.1
HQ392064.1	M.1.1
KT695007.1	M.1.1
KJ659466.1	M.1.1
KT694963.1	M.1.1
FJ947309.1	M.1.1
KT919857.1	M.1.1
KJ627013.1	M.1.1
KJ919513.1	M.1.1
MT601185.1	M.1.1
KT694974.1	M.1.1
ON855185.1	M.1.1
MT601195.1	M.1.1
ON855183.1	M.1.1
MT855242.1	M.1.1
MT601139.1	M.1.1
MT601174.1	M.1.1
KJ919545.1	M.1.1
KJ583143.1	M.1.1
HQ392375.1	M.1.1
KT695018.1	M.1.1
KJ412756.1	M.1.1
MT854461.1	M.1.1
MW280931.1	M.1.1
KJ626584.1	M.1.1
FJ947243.1	M.1.1
MT601157.1	M.1.1
MT601170.1	M.1.1
MN479411.1	M.1.1
MZ095761.1	M.1.1
JF490884.1	M.1.1
JX185760.1	M.1.1
KJ919561.1	M.1.1
ON855195.1	M.1.1
MN479350.1	M.1.1
JN129072.1	M.1.1
KJ559044.1	M.1.1
JF490389.1	M.1.1
MN106147.1	M.1.1
MN479409.1	M.1.1
KJ559077.1	M.1.1
KT919394.1	M.1.1
KJ919564.1	M.1.1
KX954618.1	M.1.1
JN258922.1	M.1.1
MG181548.1	M.1.1
KJ753843.1	M.1.1
KJ752429.1	M.1.1
JF490492.1	M.1.1
JX027723.1	M.1.1
KJ626706.1	M.1.1
FJ947806.1	M.1.1
JN258336.1	M.1.1
KU861414.1	M.1.1
MT601172.1	M.1.1
KJ752805.1	M.1.1
DQ870503.1	M.1.1
KJ412657.1	M.1.1
MT854417.1	M.1.1
MT601179.1	M.1.1
ON855184.1	M.1.1
MT601189.1	M.1.1
MF469381.1	M.1.1
KC195760.1	M.1.1
KJ919528.1	M.1.1
MT855187.1	M.1.1
JN129079.1	M.1.1
KT918844.1	M.1.1
MN479390.1	M.1.1
MN206119.1	M.1.1
FJ423115.1	M.1.1
JN258856.1	M.1.1
ON855191.1	M.1.1
MT855011.1	M.1.1
KU048589.1	M.1.1
KT920994.1	M.1.1
KJ919507.1	M.1.1
KP752708.1	M.1.1
MN479422.1	M.1.1
KC579882.1	M.1.1
MN479407.1	M.1.1
KJ627152.1	M.1.1
ON992208.1	M.1.1
MH169495.1	M.1.1
KJ919535.1	M.1.1
KJ559369.1	M.1.1
KJ659487.1	M.1.1
KU861381.1	M.1.1
ON855169.1	M.1.1
MN479419.1	M.1.1
KJ753348.1	M.1.1
MH169498.1	M.1.1
MZ065932.1	M.1.1
HQ392418.1	M.1.1
JX027776.1	M.1.1
KT919295.1	M.1.1
MT601229.1	M.1.1
HQ392172.1	M.1.1
HQ392393.1	M.1.1
MZ095455.1	M.1.1
MT601152.1	M.1.1
KJ919516.1	M.1.1
KJ626848.1	M.1.1
MT601193.1	M.1.1
KT695040.1	M.1.1
MT025889.1	M.1.1
KJ659477.1	M.1.1
JN258899.1	M.1.1
MN479405.1	M.1.1
ON855170.1	M.1.1
OK872251.1	M.1.1
KC579962.1	M.1.1
KJ412701.1	M.1.1
MH171341.1	M.1.1
KJ559292.1	M.1.1
KT918921.1	M.1.1
MN479408.1	M.1.1
MT855022.1	M.1.1
KT919328.1	M.1.1
KJ559277.1	M.1.1
KJ559151.1	M.1.1
MT601212.1	M.1.1
MT854362.1	M.1.1
MH171353.1	M.1.1
MT601143.1	M.1.1
JQ069743.1	M.1.1
KC580614.1	M.1.1
KT694996.1	M.1.1
ON855171.1	M.1.1
FJ998272.1	M.1.1
KJ919534.1	M.1.1
MF469126.1	M.1.1
MT855275.1	M.1.1
MT854912.1	M.1.1
KC580267.1	M.1.1
KC193625.1	M.1.1
FJ947817.1	M.1.1
KC195771.1	M.1.1
MN479352.1	M.1.1
KP752628.1	M.1.1
FJ947276.1	M.1.1
MH169494.1	M.1.1
MF469222.1	M.1.1
KJ412555.1	M.1.1
MN479379.1	M.1.1
JN129075.1	M.1.1
LC581256.1	M.1.1
MZ095411.1	M.1.1
KT918470.1	M.1.1
MT601158.1	M.1.1
KU048581.1	M.1.1
MT601227.1	M.1.1
KU048587.1	M.1.1
JN129076.1	M.1.1
MT737457.1	M.1.1
MN479420.1	M.1.1
JQ069737.1	M.1.1
MT854549.1	M.1.1
MH171339.1	M.1.1
KC580326.1	M.1.1
MT855286.1	M.1.1
MT855231.1	M.1.1
MN479324.1	M.1.1
MT601155.1	M.1.1
HQ392450.1	M.1.1
KC579682.1	M.1.1
HQ392429.1	M.1.1
KJ752418.1	M.1.1
MT601191.1	M.1.1
MG181537.1	M.1.1
JN129077.1	M.1.1
ON855187.1	M.1.1
KJ412522.1	M.1.1
KJ752882.1	M.1.1
KJ559380.1	M.1.1
MT300314.1	M.1.1
ON855172.1	M.1.1
MT601177.1	M.1.1
KJ753250.1	M.1.1
KJ753503.1	M.1.1
MN479406.1	M.1.1
KT694941.1	M.1.1
KJ412668.1	M.1.1
KJ412645.1	M.1.1
KJ626651.1	M.1.1
MN479354.1	M.1.1
LC426757.1	M.1.1
MN479366.1	M.1.1
KC769395.1	M.1.1
KT919449.1	M.1.1
KT919483.1	M.1.1
GU565065.1	M.1.1
MN479359.1	M.1.1
KJ559139.1	M.1.1
KJ919596.1	M.1.1
KT919152.1	M.1.1
MF469403.1	M.1.1
MN479357.1	M.1.1
OR187594.1	M.1.1
JX027649.1	M.1.1
JN258910.1	M.1.1
HQ392276.1	M.1.1
MN479358.1	M.1.1
KJ454621.1	M.1.1
MN479377.1	M.1.1
OP255980.1	M.1.1
GU565054.1	M.1.1
KJ753481.1	M.1.1
KT920840.1	M.1.1
KT919141.1	M.1.1
MH169501.1	M.1.1
ON855194.1	M.1.1
JF490466.1	M.1.1
MN479384.1	M.1.1
ON855193.1	M.1.1
EF583023.1	M.1.1
KJ559358.1	M.1.1
MT601220.1	M.1.1
JQ069742.1	M.1.1
MT601164.1	M.1.1
MT601198.1	M.1.1
KJ559314.1	M.1.1
KJ919517.1	M.1.1
KU048578.1	M.1.1
KX778614.1	M.1.1
ON855173.1	M.1.1
MN479412.1	M.1.1
ON855180.1	M.1.1
MT855132.1	M.1.1
KU048576.1	M.1.1
MT601154.1	M.1.1
KC580381.1	M.1.1
MN479388.1	M.1.1
MT462095.1	M.1.1
KX632344.1	M.1.1
HQ392230.1	M.1.1
JQ863311.1	M.1.1
KJ753149.1	M.1.1
MG670678.1	M.1.1
KJ559391.1	M.1.1
FJ947188.1	M.1.1
JF490377.1	M.1.1
MT601180.1	M.1.1
MN479414.1	M.1.1
MN479353.1	M.1.1
HQ392141.1	M.1.1
MH169497.1	M.1.1
MT601234.1	M.1.1
KX655486.1	M.1.1
MT601183.1	M.1.1
MT855121.1	M.1.1
MT855209.1	M.1.1
JX943611.2	M.1.1
ON855190.1	M.1.1
MN479362.1	M.1.1
JN129073.1	M.1.1
FJ423126.1	M.1.1
KJ626515.1	M.1.1
KJ753514.1	M.1.1
KJ412646.1	M.1.1
MT601186.1	M.1.1
KT223464.1	M.1.1
MT025866.1	M.1.1
KJ919502.1	M.1.1
MT601169.1	M.1.1
MG181262.1	M.1.1
HQ392464.1	M.1.1
KT919405.1	M.1.1
KC769373.1	M.1.1
KJ919572.1	M.1.1
MN479360.1	M.1.1
KU048582.1	M.1.1
KJ919529.1	M.1.1
MN479382.1	M.1.1
LC722497.1	M.1.1
JF490907.1	M.1.1
KC579693.1	M.1.1
KJ626809.1	M.1.1
MN479356.1	M.1.1
MT601168.1	M.1.1
MT855363.1	M.1.1
MT601144.1	M.1.1
MG181394.1	M.1.1
MT025888.1	M.1.1
DQ146640.1	M.1.1
KJ753305.1	M.1.1
MT855143.1	M.1.1
KC580099.1	M.1.1
MT601149.1	M.1.1
KC580436.1	M.1.1
MT854802.1	M.1.1
KJ626526.1	M.1.1
KJ752871.1	M.1.1
MG181372.1	M.1.1
KJ752499.1	M.1.1
JN635556.1	M.1.1
KC579805.1	M.1.1
JN258863.1	M.1.1
KJ412832.1	M.1.1
MT601161.1	M.1.1
MT601208.1	M.1.1
MT601138.1	M.1.1
KY497488.1	M.1.1
MT601175.1	M.1.1
KJ559206.1	M.1.1
MN479404.1	M.1.1
KJ919540.1	M.1.1
MN479392.1	M.1.1
MT601206.1	M.1.1
KU048592.1	M.1.1
MH171351.1	M.1.1
ON992222.1	M.1.1
HQ392195.1	M.1.1
MH169502.1	M.1.1
KJ919509.1	M.1.1
MG181361.1	M.1.1
KJ626954.1	M.1.1
KJ752447.1	M.1.1
MT601210.1	M.1.1
JF490179.1	M.1.2
KP752606.1	M.1.2
KJ559055.1	M.1.2
DQ492671.1	M.1.2
MZ097060.1	M.1.2
KJ752938.1	M.1.2
MZ094668.1	M.1.2
KP882103.1	M.1.2
KP882257.1	M.1.2
MZ094995.1	M.1.2
KJ753084.1	M.1.2
KJ627117.1	M.1.2
MZ095083.1	M.1.2
MZ094918.1	M.1.2
KP882136.1	M.1.2
KP882697.1	M.1.2
MZ094940.1	M.1.2
KP882070.1	M.1.2
MZ094613.1	M.1.2
KJ751759.1	M.1.2
MZ093805.1	M.1.2
KP881993.1	M.1.2
KJ559031.1	M.1.2
KP882169.1	M.1.2
HQ392186.1	M.1.2
MZ094624.1	M.1.2
MZ094657.1	M.1.2
MT854703.1	M.1.2
KP882059.1	M.1.2
DQ146673.1	M.1.2
MZ094756.1	M.1.2
MZ095017.1	M.1.2
KP882213.1	M.1.2
MZ097234.1	M.1.2
MZ095237.1	M.1.2
HQ670634.1	M.1.2
HQ392320.1	M.1.2
MZ094580.1	M.1.2
MZ097049.1	M.1.2
MZ093900.1	M.1.2
KJ753640.1	M.1.2
KP882147.1	M.1.2
MZ094558.1	M.1.2
MZ095138.1	M.1.2
KP882180.1	M.1.2
MZ097016.1	M.1.2
JF490895.1	M.1.2
JF490202.1	M.1.2
KJ559179.1	M.1.2
MZ093870.1	M.1.2
MZ094591.1	M.1.2
MZ094536.1	M.1.2
MZ094569.1	M.1.2
KP881905.1	M.1.2
MZ094492.1	M.1.2
KP882708.1	M.1.2
MZ095006.1	M.1.2
MZ094547.1	M.1.2
MN632941.1	M.1.2
KJ559164.1	M.1.2
JF490103.2	M.1.2
KP753259.1	M.1.2
MZ095050.1	M.1.2
KP882026.1	M.1.2
KP752755.1	M.1.2
MZ094459.1	M.1.2
MZ095215.1	M.1.2
MZ097093.1	M.1.2
KP882048.1	M.1.2
MZ095248.1	M.1.2
MZ094635.1	M.1.2
MZ095400.1	M.1.2
MZ094973.1	M.1.2
MT854846.1	M.1.2
KP882730.1	M.1.2
KJ753032.1	M.1.2
JF490807.1	M.1.2
MZ095028.1	M.1.2
MZ094962.1	M.1.2
MZ094951.1	M.1.2
MZ095105.1	M.1.2
MZ094503.1	M.1.2
KJ559099.1	M.1.2
MZ094767.1	M.1.2
KP881971.1	M.1.2
MZ094481.1	M.1.2
MZ094820.1	M.1.2
KP882114.1	M.1.2
KP752617.1	M.1.2
MZ094514.1	M.1.2
MZ095204.1	M.1.2
MZ094745.1	M.1.2
MZ095061.1	M.1.2
MZ093816.1	M.1.2
MZ094875.1	M.1.2
KP881949.1	M.1.2
MZ095323.1	M.1.2
KJ559088.1	M.1.2
MZ095292.1	M.1.2
MH291335.1	M.1.2
MZ094907.1	M.1.2
MZ094679.1	M.1.2
MT854857.1	M.1.2
MZ093952.1	M.1.2
JF490961.1	M.1.2
HQ670641.1	M.1.2
KP881894.1	M.1.2
MZ095259.1	M.1.2
AY277919.1	M.1.2
KJ753131.1	M.1.2
MZ094734.1	M.1.2
KP881982.1	M.1.2
JQ069754.1	M.1.2
MZ094690.1	M.1.2
MZ094470.1	M.1.2
KP882004.1	M.1.2
MZ097038.1	M.1.2
MZ095334.1	M.1.2
KP882158.1	M.1.2
KJ752609.1	M.1.2
MZ097005.1	M.1.2
JN258822.1	M.1.2
MZ095182.1	M.1.2
KC769362.1	M.1.2
MZ094777.1	M.1.2
JN605450.1	M.1.2
KP882290.1	M.1.2
EF583047.1	M.1.2
MZ094885.1	M.1.2
KJ919557.1	M.1.2
MH291339.1	M.1.2
JF490092.1	M.1.2
KP882125.1	M.1.2
KP882741.1	M.1.2
MZ095281.1	M.1.2
MZ094602.1	M.1.2
MZ095345.1	M.1.2
JN258834.1	M.1.2
MZ094701.1	M.1.2
MZ095116.1	M.1.2
MZ094809.1	M.1.2
MZ097071.1	M.1.2
MZ095072.1	M.1.2
KP881960.1	M.1.2
MZ094984.1	M.1.2
MZ095127.1	M.1.2
KJ559251.1	M.1.2
MZ094788.1	M.1.2
MZ094646.1	M.1.2
MZ097027.1	M.1.2
MZ095303.1	M.1.2
MZ096906.1	M.1.2
MZ095270.1	M.1.2
KP882268.1	M.1.2
HQ392241.1	M.1.2
MZ094799.1	M.1.2
KJ753370.1	M.1.2
MH291340.1	M.1.2
MZ094896.1	M.1.2
KP882015.1	M.1.2
MZ094448.1	M.1.2
KP752984.1	M.1.2
MZ094929.1	M.1.2
KC579916.1	M.1.3
KC579533.1	M.1.3
KC580190.1	M.1.3
KC580144.1	M.1.3
FJ947784.1	M.1.4
FJ947199.1	M.1.4
FJ947938.1	M.1.4
FJ947430.1	M.1.4
KC579871.1	M.1.4
KC579566.1	M.1.4
KC580592.1	M.1.4
KC580493.1	M.1.4
FJ947485.1	M.1.4
JX416206.1	M.1.4
HM773955.1	M.1.4
KC580007.1	M.1.4
HM773900.1	M.1.4
KC580636.1	M.1.4
FJ947452.1	M.1.4
KC579950.1	M.1.4
FJ947441.1	M.1.4
FJ947916.1	M.1.4
FJ947474.1	M.1.4
FJ947463.1	M.1.4
KC580528.1	M.1.4
FJ947894.1	M.1.4
KC579934.1	M.1.4
AY277920.1	M.1.4
AY277918.1	M.1.4
FJ947375.1	M.1.4
KC579669.1	M.1.4
KC580337.1	M.1.4
FJ947773.1	M.1.4
FJ947927.1	M.1.4
FJ947762.1	M.1.4
KC579632.1	M.1.4
KC580425.1	M.1.4
KC580062.1	M.1.4
KC580556.1	M.1.4
KC579844.1	M.1.4
HM773856.1	M.1.4
AY277917.1	M.1.4
FJ947507.1	M.1.4
HM773889.1	M.1.4
KC580122.1	M.1.4
FJ947397.1	M.1.4
KC580223.1	M.1.4
FJ947331.1	M.1.4
FJ947496.1	M.1.4
KC580111.1	M.1.4
KC580285.1	M.1.4
FJ947905.1	M.1.4
EF583051.1	M.1.4
FJ947518.1	M.1.4
JF521474.1	M.1.5
JF521463.1	M.1.5
EF583031.1	M.1.6
MK953574.1	M.1.7
MK953583.1	M.1.7
MK953604.1	M.1.7
MK953565.1	M.1.7
KC443313.1	M.1.8
JN013992.1	M.1.9
KJ753665.1	M.1.10
AB022767.1	M.1.11
KX814958.1	M.1.12
KY055418.1	M.2
MN479349.1	M.3.1
KC443290.1	M.3.1
LC169865.1	M.3.1
KJ919599.1	M.3.1
MW552613.1	M.3.1
LC477503.1	M.3.1
MW552184.1	M.3.1
AB930196.1	M.3.1
LC173334.1	M.3.1
MZ065646.1	M.3.1
KJ752827.1	M.3.1
MZ094205.1	M.3.1
MW552844.1	M.3.1
MZ094128.1	M.3.1
LC173300.1	M.3.1
KU356576.1	M.3.1
LC173248.1	M.3.1
LC465298.1	M.3.1
LC173277.1	M.3.1
KM660316.1	M.3.1
MZ094265.1	M.3.1
KX362636.1	M.3.1
LC465819.1	M.3.1
JQ069785.1	M.3.1
MT232578.1	M.3.1
KC443347.1	M.3.1
LC477510.1	M.3.1
MG181845.1	M.3.1
MF184865.1	M.3.1
KJ752849.1	M.3.1
KJ626967.1	M.3.1
LC386067.1	M.3.1
LC477508.1	M.3.1
MW552030.1	M.3.1
KC442872.1	M.3.1
MW551997.1	M.3.1
MN479348.1	M.3.1
MZ066328.1	M.3.1
KX362779.1	M.3.1
MW552404.1	M.3.1
MG181790.1	M.3.1
KJ919556.1	M.3.1
KX362823.1	M.3.1
KX171534.1	M.3.1
KX362735.1	M.3.1
KU550276.1	M.3.1
KX362923.1	M.3.1
LC173220.1	M.3.1
LC542289.1	M.3.1
MZ094712.1	M.3.1
MN058748.1	M.3.1
AB751561.1	M.3.1
AB751558.1	M.3.1
LC173276.1	M.3.1
KP753084.1	M.3.1
MH569758.1	M.3.1
MZ096080.1	M.3.1
MW552228.1	M.3.1
OP487304.1	M.3.1
HM467934.1	M.3.1
MW552745.1	M.3.1
LC103010.1	M.3.1
OQ133203.1	M.3.1
KJ919523.1	M.3.1
LC569574.1	M.3.1
MW552338.1	M.3.1
MF184769.1	M.3.1
LC169931.1	M.3.1
AB975762.1	M.3.1
KJ721714.1	M.3.1
MF997037.2	M.3.1
MZ096124.1	M.3.1
HQ657173.1	M.3.1
KJ919600.1	M.3.1
KX632333.1	M.3.1
KX880419.1	M.3.1
LC026108.1	M.3.1
LC173354.1	M.3.1
MG181625.1	M.3.1
MG670687.1	M.3.1
LC469445.1	M.3.1
MN479344.1	M.3.1
KX363248.1	M.3.1
AB975730.1	M.3.1
KR705247.1	M.3.1
LC105250.1	M.3.1
AB975759.1	M.3.1
LC173346.1	M.3.1
KP007195.1	M.3.1
LC469449.1	M.3.1
MN479339.1	M.3.1
KJ751604.1	M.3.1
MZ093795.1	M.3.1
KC442998.1	M.3.1
LC174968.1	M.3.1
LC542442.1	M.3.1
KJ752119.1	M.3.1
AB975760.1	M.3.1
LC173266.1	M.3.1
KX362746.1	M.3.1
KU243587.1	M.3.1
MZ094024.1	M.3.1
MZ094319.1	M.3.1
OQ201470.1	M.3.1
LC477512.1	M.3.1
MZ094111.1	M.3.1
MZ094297.1	M.3.1
LC060808.1	M.3.1
LC086782.1	M.3.1
LC173253.1	M.3.1
KP882433.1	M.3.1
LC173335.1	M.3.1
AB975766.1	M.3.1
KX362647.1	M.3.1
MN479393.1	M.3.1
MG181878.1	M.3.1
KJ752163.1	M.3.1
KX362669.1	M.3.1
MZ096466.1	M.3.1
OQ266334.1	M.3.1
MZ096587.1	M.3.1
KJ626753.1	M.3.1
KX363121.1	M.3.1
MW552415.1	M.3.1
LC173290.1	M.3.1
KJ721710.1	M.3.1
LC542267.1	M.3.1
LC173355.1	M.3.1
LC001993.1	M.3.1
KJ919578.1	M.3.1
LC169953.1	M.3.1
MN479332.1	M.3.1
MW552118.1	M.3.1
KJ753525.1	M.3.1
MN479347.1	M.3.1
KR705291.1	M.3.1
KC443786.1	M.3.1
MW551964.1	M.3.1
MG670679.1	M.3.1
OK349180.1	M.3.1
KJ752664.1	M.3.1
KJ919583.1	M.3.1
LC173259.1	M.3.1
AB751574.1	M.3.1
KJ753813.1	M.3.1
LC468237.1	M.3.1
KC178788.1	M.3.1
LC477501.1	M.3.1
AB751554.1	M.3.1
LC173246.1	M.3.1
LC173233.1	M.3.1
MZ096102.1	M.3.1
LC260264.1	M.3.1
OP082217.1	M.3.1
MW552008.1	M.3.1
MZ094259.1	M.3.1
LC102922.1	M.3.1
LC542310.1	M.3.1
MW552712.1	M.3.1
MW552899.1	M.3.1
LC173258.1	M.3.1
KJ751582.1	M.3.1
MG181856.1	M.3.1
MN479333.1	M.3.1
MW552910.1	M.3.1
KX632256.1	M.3.1
AB751552.1	M.3.1
MH291352.1	M.3.1
LC569172.1	M.3.1
MG181680.1	M.3.1
KJ752460.1	M.3.1
MG670695.1	M.3.1
MZ094006.1	M.3.1
LC169964.1	M.3.1
KF716377.1	M.3.1
MH569756.1	M.3.1
AB848009.1	M.3.1
GQ414542.1	M.3.1
KM660327.1	M.3.1
KJ751803.1	M.3.1
AB975758.1	M.3.1
KJ752141.1	M.3.1
KC443611.1	M.3.1
MT601235.1	M.3.1
MW552514.1	M.3.1
KC178787.1	M.3.1
LC541987.1	M.3.1
LC173298.1	M.3.1
MZ096069.1	M.3.1
KY616887.1	M.3.1
KC443213.1	M.3.1
KU870387.1	M.3.1
KJ753652.1	M.3.1
OP487425.1	M.3.1
KX362847.1	M.3.1
MZ094525.1	M.3.1
AB751550.1	M.3.1
OP677718.1	M.3.1
KU550279.1	M.3.1
MW552547.1	M.3.1
KC443380.1	M.3.1
LC542053.1	M.3.1
MZ093973.1	M.3.1
LC569570.1	M.3.1
KY634857.1	M.3.1
MG181317.1	M.3.1
LC433682.1	M.3.1
LC463294.1	M.3.1
LC173384.1	M.3.1
MZ094194.1	M.3.1
LC066641.1	M.3.1
JQ069752.1	M.3.1
LC542563.1	M.3.1
MG181724.1	M.3.1
LC173284.1	M.3.1
OQ133215.1	M.3.1
OP850475.1	M.3.1
MT232600.1	M.3.1
MS907252.1	M.3.1
AB975728.1	M.3.1
MW552437.1	M.3.1
LC228372.1	M.3.1
MZ094248.1	M.3.1
KJ752352.1	M.3.1
OP677597.1	M.3.1
LC173282.1	M.3.1
KP752450.1	M.3.1
HM467938.1	M.3.1
LC569566.1	M.3.1
LC477519.1	M.3.1
AB975746.1	M.3.1
KC178786.1	M.3.1
KU059779.1	M.3.1
KC443655.1	M.3.1
LC105549.1	M.3.1
MZ096113.1	M.3.1
KC443677.1	M.3.1
MN479343.1	M.3.1
LC542486.1	M.3.1
MG181669.1	M.3.1
OQ201466.1	M.3.1
LC469450.1	M.3.1
LC001991.1	M.3.1
KP883104.1	M.3.1
MW552866.1	M.3.1
KC443523.1	M.3.1
KJ919595.1	M.3.1
OP487436.1	M.3.1
LC477509.1	M.3.1
MN058737.1	M.3.1
LC173310.1	M.3.1
OP487370.1	M.3.1
LC074736.1	M.3.1
MG891984.1	M.3.1
MZ094100.1	M.3.1
LC105428.1	M.3.1
KJ919519.1	M.3.1
LC260274.1	M.3.1
MG181834.1	M.3.1
JQ069708.1	M.3.1
JQ069739.1	M.3.1
KF716379.1	M.3.1
KJ753323.1	M.3.1
LC406810.1	M.3.1
AB975729.1	M.3.1
JF460814.1	M.3.1
KJ721715.1	M.3.1
LC260268.1	M.3.1
LC215256.1	M.3.1
KP882312.1	M.3.1
KJ626606.1	M.3.1
KF636247.1	M.3.1
KC443622.1	M.3.1
MG181603.1	M.3.1
AB975761.1	M.3.1
KC443545.1	M.3.1
KJ626776.1	M.3.1
OP082218.1	M.3.1
OP487458.1	M.3.1
LC569562.1	M.3.1
OQ133216.1	M.3.1
KC443369.1	M.3.1
OP677586.1	M.3.1
KJ721708.1	M.3.1
LC173294.1	M.3.1
KC443424.1	M.3.1
MZ094275.1	M.3.1
MT732500.1	M.3.1
OQ201454.1	M.3.1
LC542042.1	M.3.1
KC443732.1	M.3.1
KC834705.1	M.3.1
LC469465.1	M.3.1
LC469466.1	M.3.1
LC173302.1	M.3.1
LC105560.1	M.3.1
AB975736.1	M.3.1
KP882301.1	M.3.1
LC173285.1	M.3.1
MZ094426.1	M.3.1
LC102889.1	M.3.1
MG181735.1	M.3.1
MZ097254.1	M.3.1
LC173254.1	M.3.1
KC442883.1	M.3.1
LC173351.1	M.3.1
LC173371.1	M.3.1
MN479341.1	M.3.1
MZ094853.1	M.3.1
KM660314.1	M.3.1
KP882444.1	M.3.1
LC542097.1	M.3.1
LC173324.1	M.3.1
KJ753359.1	M.3.1
MG670697.1	M.3.1
KX655440.1	M.3.1
AB975735.1	M.3.1
MZ094067.1	M.3.1
MG670689.1	M.3.1
LC173219.1	M.3.1
KJ721716.1	M.3.1
KC443358.1	M.3.1
MF044078.1	M.3.1
MZ093931.1	M.3.1
MG181911.1	M.3.1
MZ094172.1	M.3.1
KF716374.1	M.3.1
KF716378.1	M.3.1
KU925786.1	M.3.1
OQ266333.1	M.3.1
LC102955.1	M.3.1
KP752462.1	M.3.1
LC105126.1	M.3.1
KC443699.1	M.3.1
LC173292.1	M.3.1
LC105538.1	M.3.1
MH291348.1	M.3.1
KJ751814.1	M.3.1
KR705379.1	M.3.1
KJ583187.1	M.3.1
MH291346.1	M.3.1
KR705390.1	M.3.1
OQ201465.1	M.3.1
KP882521.1	M.3.1
MT410486.1	M.3.1
MT163261.1	M.3.1
LC228361.1	M.3.1
KR705258.1	M.3.1
MT339199.1	M.3.1
MG670684.1	M.3.1
MZ093891.1	M.3.1
KM660317.1	M.3.1
OP677663.1	M.3.1
MZ407379.1	M.3.1
LC173293.1	M.3.1
LC228306.1	M.3.1
LC173270.1	M.3.1
MG670693.1	M.3.1
LC173297.1	M.3.1
KX880430.1	M.3.1
AB975727.1	M.3.1
KF716381.1	M.3.1
OQ133209.1	M.3.1
KP882334.1	M.3.1
KJ721713.1	M.3.1
OQ133217.1	M.3.1
OQ133204.1	M.3.1
OP850470.1	M.3.1
MG181867.1	M.3.1
LC103043.1	M.3.1
MW552272.1	M.3.1
KP882576.1	M.3.1
MF044100.1	M.3.1
MZ094045.1	M.3.1
MF184789.1	M.3.1
MG181614.1	M.3.1
KM660308.1	M.3.1
MH569755.1	M.3.1
MW552800.1	M.3.1
KP882906.1	M.3.1
LC173255.1	M.3.1
KJ752407.1	M.3.1
LC542245.1	M.3.1
KM660318.1	M.3.1
AB975743.1	M.3.1
OQ201452.1	M.3.1
LC173287.1	M.3.1
MF044166.1	M.3.1
MH704722.1	M.3.1
AB975741.1	M.3.1
MF044133.1	M.3.1
LC542530.1	M.3.1
MH291350.1	M.3.1
KC443534.1	M.3.1
DQ005112.1	M.3.1
LC169942.1	M.3.1
MW552723.1	M.3.1
LC173238.1	M.3.1
LC173247.1	M.3.1
LC102977.1	M.3.1
KF636347.1	M.3.1
KP882598.1	M.3.1
LC173314.1	M.3.1
LC469448.1	M.3.1
MG670683.1	M.3.1
KJ752576.1	M.3.1
AB975769.1	M.3.1
KC443743.1	M.3.1
KJ752396.1	M.3.1
LC102900.1	M.3.1
LC228317.1	M.3.1
KP752562.1	M.3.1
MZ096003.1	M.3.1
LC542185.1	M.3.1
MZ094226.1	M.3.1
LC066163.1	M.3.1
LC541976.1	M.3.1
KC443020.1	M.3.1
MW552371.1	M.3.1
MW552536.1	M.3.1
MZ094383.1	M.3.1
KC442942.1	M.3.1
OP487403.1	M.3.1
LC173216.1	M.3.1
MG996074.1	M.3.1
KR705302.1	M.3.1
MG181922.1	M.3.1
AB975749.1	M.3.1
KP752847.1	M.3.1
KJ626861.1	M.3.1
JN706503.1	M.3.1
MZ097213.1	M.3.1
LC463283.1	M.3.1
MH291351.1	M.3.1
MW552019.1	M.3.1
LC228339.1	M.3.1
MW552239.1	M.3.1
OP487381.1	M.3.1
OQ201453.1	M.3.1
KU059790.1	M.3.1
OQ133212.1	M.3.1
KY634644.1	M.3.1
MG892017.1	M.3.1
HQ641357.1	M.3.1
MT410475.1	M.3.1
LC465243.1	M.3.1
LC228350.1	M.3.1
LC173237.1	M.3.1
KC443413.1	M.3.1
MN479433.1	M.3.1
LC086793.1	M.3.1
MW552085.1	M.3.1
MG181570.1	M.3.1
MZ094330.1	M.3.1
LC173243.1	M.3.1
LC569564.1	M.3.1
KR705170.1	M.3.1
AB975747.1	M.3.1
MZ097224.1	M.3.1
LC569200.1	M.3.1
KC443721.1	M.3.1
LC542130.1	M.3.1
KF716380.1	M.3.1
MW552162.1	M.3.1
LC569193.1	M.3.1
LC469452.1	M.3.1
LC542387.1	M.3.1
OQ133222.1	M.3.1
LC260273.1	M.3.1
MG996076.1	M.3.1
MZ094161.1	M.3.1
KJ919548.1	M.3.1
KJ753403.1	M.3.1
OQ133220.1	M.3.1
MZ097244.1	M.3.1
KF636359.1	M.3.1
MG181713.1	M.3.1
KJ919552.1	M.3.1
OP677685.1	M.3.1
LC102911.1	M.3.1
OQ201464.1	M.3.1
KU550277.1	M.3.1
OP677696.1	M.3.1
JN013993.1	M.3.1
LC173343.1	M.3.1
KY634846.1	M.3.1
KR705401.1	M.3.1
OQ133214.1	M.3.1
KJ751649.1	M.3.1
LC469454.1	M.3.1
KX655464.1	M.3.1
KP882389.1	M.3.1
KJ626895.1	M.3.1
OQ133206.1	M.3.1
KJ752108.1	M.3.1
LC542196.1	M.3.1
KX655497.1	M.3.1
LC541965.1	M.3.1
MZ094035.1	M.3.1
KC442905.1	M.3.1
LC542152.1	M.3.1
LC173275.1	M.3.1
MG599524.1	M.3.1
MG181581.1	M.3.1
MZ066064.1	M.3.1
MZ097170.1	M.3.1
JN706505.1	M.3.1
LC173264.1	M.3.1
OQ133223.1	M.3.1
FJ183355.1	M.3.1
AB751559.1	M.3.1
KJ752510.1	M.3.1
KJ753043.1	M.3.1
LC542300.1	M.3.1
OP677652.1	M.3.1
MZ097202.1	M.3.1
KR705148.1	M.3.1
KR705236.1	M.3.1
LC103032.1	M.3.1
LC542075.1	M.3.1
OQ133208.1	M.3.1
AB751556.1	M.3.1
LC173358.1	M.3.1
MW552635.1	M.3.1
LC542475.1	M.3.1
MZ094139.1	M.3.1
OP677707.1	M.3.1
LC542256.1	M.3.1
JF460836.1	M.3.1
MN479287.1	M.3.1
KJ751626.1	M.3.1
MZ096477.1	M.3.1
MZ093637.1	M.3.1
LC542229.1	M.3.1
MT601244.1	M.3.1
LC491445.1	M.3.1
MN479340.1	M.3.1
KY634677.1	M.3.1
MZ407467.1	M.3.1
KU550278.1	M.3.1
MG670680.1	M.3.1
OP487513.1	M.3.1
AB751555.1	M.3.1
LC542064.1	M.3.1
LC173307.1	M.3.1
KJ751637.1	M.3.1
KJ752185.1	M.3.1
MW552833.1	M.3.1
LC477515.1	M.3.1
LC173269.1	M.3.1
MW552657.1	M.3.1
MG670685.1	M.3.1
LC173242.1	M.3.1
KP753073.1	M.3.1
MZ093984.1	M.3.1
AB975770.1	M.3.1
MW552052.1	M.3.1
MG599525.1	M.3.1
MF044089.1	M.3.1
AB975764.1	M.3.1
KC442976.1	M.3.1
LC173295.1	M.3.1
MZ066229.1	M.3.1
LC169887.1	M.3.1
MW275251.1	M.3.1
KM660326.1	M.3.1
MZ066185.1	M.3.1
KC178783.1	M.3.1
LC542108.1	M.3.1
KJ626730.1	M.3.1
LC469451.1	M.3.1
MW552140.1	M.3.1
KY634805.1	M.3.1
MZ094286.1	M.3.1
OK349191.1	M.3.1
KP882840.1	M.3.1
JQ069751.1	M.3.1
LC173232.1	M.3.1
KJ919591.1	M.3.1
AB975731.1	M.3.1
AB975733.1	M.3.1
KJ627163.1	M.3.1
MG181691.1	M.3.1
LC173288.1	M.3.1
KX362658.1	M.3.1
MW552822.1	M.3.1
LC469455.1	M.3.1
MH569759.1	M.3.1
LC542453.1	M.3.1
OP082216.1	M.3.1
KP752507.1	M.3.1
LC542552.1	M.3.1
KJ752207.1	M.3.1
MZ094183.1	M.3.1
MG670690.1	M.3.1
KP883148.1	M.3.1
LC542009.1	M.3.1
KC443009.1	M.3.1
MW552569.1	M.3.1
KP882609.1	M.3.1
KX632278.1	M.3.1
KP882895.1	M.3.1
KP882587.1	M.3.1
MZ096961.1	M.3.1
LC060819.1	M.3.1
OQ133218.1	M.3.1
LC325465.1	M.3.1
LC542464.1	M.3.1
MG996078.1	M.3.1
LC491456.1	M.3.1
MW552877.1	M.3.1
AB751560.1	M.3.1
KY634832.1	M.3.1
LC066152.1	M.3.1
KJ919521.1	M.3.1
MW552195.1	M.3.1
MG599526.1	M.3.1
KC443246.1	M.3.1
OQ133205.1	M.3.1
KX362724.1	M.3.1
MN479346.1	M.3.1
MW552767.1	M.3.1
KR705159.1	M.3.1
OQ596318.1	M.3.1
HM467936.1	M.3.1
MG181746.1	M.3.1
KJ721709.1	M.3.1
KX655475.1	M.3.1
JN706504.1	M.3.1
LC173240.1	M.3.1
LC477506.1	M.3.1
MN479284.1	M.3.1
MW552734.1	M.3.1
LC542431.1	M.3.1
LC455756.1	M.3.1
MG670698.1	M.3.1
AB975744.1	M.3.1
KJ753789.1	M.3.1
LC169876.1	M.3.1
KR705346.1	M.3.1
LC105005.1	M.3.1
MG670691.1	M.3.1
LC477520.1	M.3.1
LC173236.1	M.3.1
AB751562.1	M.3.1
KP752781.1	M.3.1
KP882356.1	M.3.1
KP752573.1	M.3.1
OP487315.1	M.3.1
AB975763.1	M.3.1
MT601241.1	M.3.1
MW552503.1	M.3.1
KJ626572.1	M.3.1
MW552261.1	M.3.1
LC086738.1	M.3.1
OQ133211.1	M.3.1
MZ096157.1	M.3.1
MG891940.1	M.3.1
LC173283.1	M.3.1
LC228328.1	M.3.1
KP883082.1	M.3.1
LC173339.1	M.3.1
KY634794.1	M.3.1
MG926727.1	M.3.1
LC173244.1	M.3.1
JF460825.1	M.3.1
LC569218.1	M.3.1
LC542207.1	M.3.1
LC469453.1	M.3.1
LC173279.1	M.3.1
JQ069721.1	M.3.1
KJ721712.1	M.3.1
LC542574.1	M.3.1
KR705280.1	M.3.1
LC173213.1	M.3.1
AB849002.1	M.3.1
MZ093784.1	M.3.1
LC173215.1	M.3.1
KP883126.1	M.3.1
MZ094393.1	M.3.1
OP677740.1	M.3.1
LC542585.1	M.3.1
LC105395.1	M.3.1
AB975755.1	M.3.1
LC469447.1	M.3.1
AB975734.1	M.3.1
MG181801.1	M.3.1
KJ751615.1	M.3.1
LC169920.1	M.3.1
LC469462.1	M.3.1
MZ094056.1	M.3.1
MZ094341.1	M.3.1
OP677751.1	M.3.1
LC569567.1	M.3.1
MZ096091.1	M.3.1
KJ752251.1	M.3.1
KJ919514.1	M.3.1
KP883060.1	M.3.1
KP882378.1	M.3.1
KC442894.1	M.3.1
AB975725.1	M.3.1
MZ065690.1	M.3.1
LC455767.1	M.3.1
LC260272.1	M.3.1
KX362571.1	M.3.1
LC541954.1	M.3.1
KX171535.1	M.3.1
DQ005123.1	M.3.1
OP487326.1	M.3.1
LC173245.1	M.3.1
MN479342.1	M.3.1
KJ751858.1	M.3.1
MZ546117.1	M.3.1
KR705203.1	M.3.1
OQ133221.1	M.3.1
LC173263.1	M.3.1
OP677641.1	M.3.1
LC173261.1	M.3.1
KF716376.1	M.3.1
MZ096146.1	M.3.1
OQ133199.1	M.3.1
KX362801.1	M.3.1
KJ752218.1	M.3.1
KP752734.1	M.3.1
KC443031.1	M.3.1
LC469457.1	M.3.1
LC173281.1	M.3.1
OQ133197.1	M.3.1
DQ490547.1	M.3.1
KF716373.1	M.3.1
AB751551.1	M.3.1
LC542321.1	M.3.1
LC465276.1	M.3.1
LC173274.1	M.3.1
KP882367.1	M.3.1
LC542343.1	M.3.1
KJ721717.1	M.3.1
KY634666.1	M.3.1
LC465254.1	M.3.1
MT601245.1	M.3.1
LC086771.1	M.3.1
MN401291.1	M.3.1
AB975737.1	M.3.1
KX362614.1	M.3.1
LC102944.1	M.3.1
LC215267.1	M.3.1
LC173308.1	M.3.1
LC542119.1	M.3.1
KC443402.1	M.3.1
LC463204.1	M.3.1
OQ201450.1	M.3.1
AB975740.1	M.3.1
LC173337.1	M.3.1
KJ751660.1	M.3.1
LC477514.1	M.3.1
KJ919542.1	M.3.1
AB975751.1	M.3.1
KY000551.1	M.3.1
LC173265.1	M.3.1
MZ096135.1	M.3.1
DQ490553.1	M.3.1
KX363196.1	M.3.1
LC173349.1	M.3.1
AB751553.1	M.3.1
LC469446.1	M.3.1
KC443147.1	M.3.1
LC173260.1	M.3.1
KJ753830.1	M.3.1
JN605439.1	M.3.1
MW552624.1	M.3.1
LC433671.1	M.3.1
KR705412.1	M.3.1
KP882851.1	M.3.1
OQ201462.1	M.3.1
JQ069732.1	M.3.1
AB975767.1	M.3.1
KJ751570.1	M.3.1
KR705368.1	M.3.1
KP752473.1	M.3.1
LC173301.1	M.3.1
KC442965.1	M.3.1
MZ093679.1	M.3.1
MZ096950.1	M.3.1
KP882345.1	M.3.1
KR701631.1	M.3.1
LC001995.1	M.3.1
LC542420.1	M.3.1
VP3::KU925786.1:49-2557	M.3.1
KJ751704.1	M.3.1
KJ919590.1	M.3.1
OP487337.1	M.3.1
MZ097192.1	M.3.1
LC066663.1	M.3.1
KY634688.1	M.3.1
KJ753718.1	M.3.1
LC542278.1	M.3.1
KJ919580.1	M.3.1
LC066652.1	M.3.1
MG181779.1	M.3.1
LC173231.1	M.3.1
MZ094078.1	M.3.1
AB975765.1	M.3.1
KJ751950.1	M.3.1
KM660319.1	M.3.1
MZ094015.1	M.3.1
LC173291.1	M.3.1
KJ919577.1	M.3.1
KU356587.1	M.3.1
LC469460.1	M.3.1
KJ752995.1	M.3.1
LC173344.1	M.3.1
MH569757.1	M.3.1
MZ096554.1	M.3.1
OQ133224.1	M.3.1
MG181823.1	M.3.1
OP487502.1	M.3.1
LC260271.1	M.3.1
KC443301.1	M.3.1
KJ626717.1	M.3.1
MZ094372.1	M.3.1
OP487447.1	M.3.1
KP882675.1	M.3.1
KP941131.1	M.3.1
MT410497.1	M.3.1
MZ096025.1	M.3.1
MT601243.1	M.3.1
MT732511.1	M.3.1
AB975768.1	M.3.1
MH704723.1	M.3.1
MZ093648.1	M.3.1
KP752814.1	M.3.1
KJ752374.1	M.3.1
KP882400.1	M.3.1
LC173299.1	M.3.1
AB975757.1	M.3.1
KP007206.1	M.3.1
MZ096047.1	M.3.1
LC173271.1	M.3.1
MN479345.1	M.3.1
OQ133196.1	M.3.1
MT232589.1	M.3.1
LC173235.1	M.3.1
KJ919605.1	M.3.1
KJ752996.1	M.3.1
KM660310.1	M.3.1
HQ657140.1	M.3.1
JN706502.1	M.3.1
MG670700.1	M.3.1
LC477516.1	M.3.1
LC173267.1	M.3.1
KJ751913.1	M.3.1
LC541943.1	M.3.1
MT163250.1	M.3.1
OP850467.1	M.3.1
OQ133219.1	M.3.1
KJ751962.1	M.3.1
LC465265.1	M.3.1
MT601236.1	M.3.1
LC169975.1	M.3.1
LC542541.1	M.3.1
MW275273.1	M.3.1
KM660315.1	M.3.1
KJ919584.1	M.3.1
AB975756.1	M.3.1
LC542398.1	M.3.1
MN067191.1	M.3.1
OQ133201.1	M.3.1
KJ870891.1	M.3.1
KJ919576.1	M.3.1
KJ626831.1	M.3.1
OP677674.1	M.3.1
LC542163.1	M.3.1
MG996079.1	M.3.1
KX171544.1	M.3.1
KC443556.1	M.3.1
LC103021.1	M.3.1
OQ266335.1	M.3.1
KJ753272.1	M.3.1
KC834706.1	M.3.1
AB975739.1	M.3.1
KJ870880.1	M.3.1
AB975726.1	M.3.1
LC542719.1	M.3.1
MG181812.1	M.3.1
LC542141.1	M.3.1
MN479338.1	M.3.1
KJ412544.1	M.3.1
LC169909.1	M.3.1
MT670284.1	M.3.1
KU550274.1	M.3.1
LC386078.1	M.3.1
MZ066174.1	M.3.1
LC173286.1	M.3.1
LC542174.1	M.3.1
OQ266332.1	M.3.1
LC173273.1	M.3.1
KC443666.1	M.3.1
LC542031.1	M.3.1
LC542497.1	M.3.1
LC102933.1	M.3.1
KJ412777.1	M.3.1
KX655508.1	M.3.1
LC260267.1	M.3.1
AB751573.1	M.3.1
LC542708.1	M.3.1
MZ094404.1	M.3.1
LC260269.1	M.3.1
MT601239.1	M.3.1
MT601237.1	M.3.1
KP752695.1	M.3.1
OQ133213.1	M.3.1
MZ094415.1	M.3.1
JN706506.1	M.3.1
LC102999.1	M.3.1
MW552206.1	M.3.1
LC469461.1	M.3.1
KU059768.1	M.3.1
LC514472.1	M.3.1
KP882422.1	M.3.1
AB751568.1	M.3.1
MT601240.1	M.3.1
KU243585.1	M.3.1
KF716383.1	M.3.1
OP487414.1	M.3.1
MW552811.1	M.3.1
LC173262.1	M.3.1
OP487348.1	M.3.1
KU550275.1	M.3.1
LC001992.1	M.3.1
LC173342.1	M.3.1
LC173379.1	M.3.1
AB975752.1	M.3.1
LC173250.1	M.3.1
OP487359.1	M.3.1
MG181658.1	M.3.1
KX536658.1	M.3.1
KF636313.1	M.3.1
AB975742.1	M.3.1
KP882719.1	M.3.1
LC173296.1	M.3.1
MG670694.1	M.3.1
MF044111.1	M.3.1
LC086716.1	M.3.1
KP753147.1	M.3.1
MZ407423.1	M.3.1
OP487491.1	M.3.1
MZ066108.1	M.3.1
MG181757.1	M.3.1
KJ752686.1	M.3.1
OQ133200.1	M.3.1
OP082219.1	M.3.1
MZ094361.1	M.3.1
MZ407456.1	M.3.1
KC443710.1	M.3.1
KJ627000.1	M.3.1
MW552888.1	M.3.1
OP850474.1	M.3.1
LC173241.1	M.3.1
MZ407401.1	M.3.1
MH291349.1	M.3.1
KP883071.1	M.3.1
KJ919604.1	M.3.1
OQ133202.1	M.3.1
LC173382.1	M.3.1
LC542332.1	M.3.1
MZ094237.1	M.3.1
AB975738.1	M.3.1
KC442987.1	M.3.1
MT723908.1	M.3.1
MG181702.1	M.3.1
LC465287.1	M.3.1
MW280932.1	M.3.1
KR705313.1	M.3.1
KP882466.1	M.3.1
MW552107.1	M.3.1
MZ096939.1	M.3.1
MW280934.1	M.3.1
KJ919547.1	M.3.1
LC406821.1	M.3.1
MW552778.1	M.3.1
MW552855.1	M.3.1
KJ752050.1	M.3.1
LC105571.1	M.3.1
KP752803.1	M.3.1
KJ919582.1	M.3.1
KJ753009.1	M.3.1
KJ919574.1	M.3.1
KC443191.1	M.3.1
MN058760.1	M.3.1
LC173268.1	M.3.1
LC173278.1	M.3.1
MZ065987.1	M.3.1
KC178785.1	M.3.1
KJ626989.1	M.3.1
MW552525.1	M.3.1
MT232611.1	M.3.1
MZ407478.1	M.3.1
MH569760.1	M.3.1
MZ094089.1	M.3.1
LC514483.1	M.3.1
MG181647.1	M.3.1
LC542218.1	M.3.1
KX363217.1	M.3.1
OP850473.1	M.3.1
LC542376.1	M.3.1
MH291347.1	M.3.1
KC443224.1	M.3.1
LC541998.1	M.3.1
KM660309.1	M.3.1
MZ096928.1	M.3.1
KJ751671.1	M.3.1
KM660320.1	M.3.1
MN479334.1	M.3.1
KX362834.1	M.3.1
KR705192.1	M.3.1
MZ094308.1	M.3.1
KP882488.1	M.3.1
LC066174.1	M.3.1
LC173356.1	M.3.1
KP752722.1	M.3.1
KF636324.1	M.3.1
MW551975.1	M.3.1
KX362702.1	M.3.1
MZ094150.1	M.3.1
LC542508.1	M.3.1
LC542020.1	M.3.1
MG670692.1	M.3.1
LC173252.1	M.3.1
KU870409.1	M.3.1
KJ626955.1	M.3.1
KY634751.1	M.3.1
LC102966.1	M.3.1
MZ065778.1	M.3.1
OP487480.1	M.3.1
LC173224.1	M.3.1
MW275262.1	M.3.1
KY634718.1	M.3.1
AB938275.1	M.3.1
KY634740.1	M.3.1
LC406832.1	M.3.1
MG599523.1	M.3.1
MZ066075.1	M.3.1
MZ097181.1	M.3.1
KJ753492.1	M.3.1
LC173222.1	M.3.1
MW552074.1	M.3.1
LC542519.1	M.3.1
MT723919.1	M.3.1
MF044144.1	M.3.1
KJ639025.1	M.3.1
KC443446.1	M.3.1
MG926738.1	M.3.1
KC443468.1	M.3.1
LC173256.1	M.3.1
KX362790.1	M.3.1
MZ407269.1	M.3.1
MW552096.1	M.3.1
LC477507.1	M.3.1
LC173383.1	M.3.1
KU870398.1	M.3.1
LC173341.1	M.3.1
KC443512.1	M.3.1
KF716382.1	M.3.1
KJ626940.1	M.3.1
KC443501.1	M.3.1
KJ639014.1	M.3.1
KX362713.1	M.3.1
MG996073.1	M.3.1
MW552756.1	M.3.1
LC169898.1	M.3.1
MZ094216.1	M.3.1
MG996077.1	M.3.1
OP850472.1	M.3.1
KC443169.1	M.3.1
KC443268.1	M.3.1
LC406788.1	M.3.1
KC443180.1	M.3.1
KC443776.1	M.3.1
LC569204.1	M.3.1
KX171540.1	M.3.1
KP883093.1	M.3.1
LC105082.1	M.3.1
KP882994.1	M.3.1
AB975745.1	M.3.1
MW552448.1	M.3.1
MW552063.1	M.3.1
KC443435.1	M.3.1
LC173272.1	M.3.1
AB751575.1	M.3.1
AB975753.1	M.3.1
AB975771.1	M.3.1
MW552426.1	M.3.1
MG181768.1	M.3.1
LC173234.1	M.3.1
MZ065998.1	M.3.1
LC173251.1	M.3.1
OQ201455.1	M.3.1
AB975748.1	M.3.1
MW280935.1	M.3.1
LC469463.1	M.3.1
MW552459.1	M.3.1
MZ027417.1	M.3.1
KR705225.1	M.3.1
OQ133210.1	M.3.1
LC260266.1	M.3.1
MG181889.1	M.3.1
LC469444.1	M.3.1
MT232622.1	M.3.1
LC463272.1	M.3.1
LC105286.1	M.3.1
MZ066295.1	M.3.1
MF044155.1	M.3.1
LC169986.1	M.3.1
LC102988.1	M.3.1
KR705357.1	M.3.1
KR705214.1	M.3.1
AB975750.1	M.3.1
MZ094350.1	M.3.1
MW552217.1	M.3.1
LC406799.1	M.3.1
LC469464.1	M.3.1
KP882829.1	M.3.1
LC462856.1	M.3.1
MZ093773.1	M.3.1
KM660324.1	M.3.1
KC443688.1	M.3.1
OQ133207.1	M.3.1
MZ097265.1	M.3.1
AB975732.1	M.3.1
MZ093838.1	M.3.1
LC173214.1	M.3.1
OP850471.1	M.3.1
LC173239.1	M.3.1
KC443391.1	M.3.1
KX362582.1	M.3.1
MT601238.1	M.3.1
MT601242.1	M.3.1
LC569217.1	M.3.1
KR705445.1	M.3.1
LC173303.1	M.3.1
AB975754.1	M.3.1
AB975723.1	M.3.1
LC260270.1	M.3.1
OP487469.1	M.3.1
OQ133198.1	M.3.1
MZ065921.1	M.3.1
LC260265.1	M.3.1
LC542086.1	M.3.1
OP850469.1	M.3.1
LC173249.1	M.3.1
KY634780.1	M.3.1
MG670702.1	M.3.1
AB975772.1	M.3.1
MG181636.1	M.3.1
DQ146684.1	M.3.1
OP677575.1	M.3.1
MG181900.1	M.3.1
KY634729.1	M.3.1
MZ407346.1	M.3.1
KP753237.1	M.3.1
KP752495.1	M.3.1
AB751572.1	M.3.1
LC463261.1	M.3.1
LC169854.1	M.3.1
MG891951.1	M.3.1
MZ096917.1	M.3.1
KP752662.1	M.3.1
JX965140.1	M.3.1
KP753030.1	M.3.1
KP882455.1	M.3.1
KF716375.1	M.3.1
KP882411.1	M.3.1
KJ583198.1	M.3.1
OP677729.1	M.3.1
KP753180.1	M.3.1
KJ751847.1	M.3.1
LC541932.1	M.3.1
LC542365.1	M.3.1
LC557821.1	M.3.1
KC443567.1	M.3.1
MZ093995.1	M.3.1
LC066185.1	M.3.1
JX965139.1	M.3.1
MW552305.1	M.3.1
MN479365.1	M.3.1
MF184808.1	M.3.1
KR705181.1	M.3.1
LC542354.1	M.3.1
LC169843.1	M.3.1
MW552789.1	M.3.1
LC173347.1	M.3.1
LC086804.1	M.3.1
LC569169.1	M.3.1
KP752973.1	M.3.1
AB975724.1	M.3.1
KJ753607.1	M.3.1
OP487392.1	M.3.1
KJ721707.1	M.3.1
KP882532.1	M.3.1
LC173359.1	M.3.1
LC173280.1	M.3.1
KX171537.1	M.3.1
MF044122.1	M.3.1
KY634541.1	M.3.1
KC178784.1	M.3.1
LC086727.1	M.3.1
MZ093733.1	M.3.1
KX655519.1	M.3.1
KC178789.1	M.3.2
LC105135.1	M.3.2
LC227955.1	M.3.2
KU356642.1	M.3.2
MH169503.1	M.3.2
MN479330.1	M.3.2
MW552668.1	M.3.2
KU199283.1	M.3.2
LC491467.1	M.3.2
MZ095193.1	M.3.2
LC514527.1	M.3.2
MH169504.1	M.3.2
KJ721711.1	M.3.2
MW552041.1	M.3.2
JX965141.1	M.3.2
KC443158.1	M.3.2
MZ095149.1	M.3.2
MW552283.1	M.3.2
LC514505.1	M.3.2
MZ066306.1	M.3.2
MW552360.1	M.3.2
MG670699.1	M.3.2
MZ065706.1	M.3.2
KP881927.1	M.3.2
MZ066262.1	M.3.2
LC477511.1	M.3.2
KC443644.1	M.3.2
LC173394.1	M.3.2
MW553009.1	M.3.2
ON792049.1	M.3.2
MW552932.1	M.3.2
MZ065877.1	M.3.2
ON792136.1	M.3.2
MG670701.1	M.3.2
KF716384.1	M.3.2
MW715608.1	M.3.2
ON792093.1	M.3.2
KU248418.1	M.3.2
KC443754.1	M.3.2
KJ753831.1	M.3.2
KP882191.1	M.3.2
MG892006.1	M.3.2
LC173386.1	M.3.2
OP677630.1	M.3.2
MZ096972.1	M.3.2
MW552965.1	M.3.2
MG670696.1	M.3.2
MZ066317.1	M.3.2
MZ066372.1	M.3.2
KC571495.1	M.3.2
KC443257.1	M.3.2
ON792115.1	M.3.2
MF469137.1	M.3.2
ON791985.1	M.3.2
MW552382.1	M.3.2
LC227959.1	M.3.2
KU243596.1	M.3.2
MZ065976.1	M.3.2
LC173387.1	M.3.2
KU356620.1	M.3.2
ON791995.1	M.3.2
KR705434.1	M.3.2
ON792027.1	M.3.2
KP882092.1	M.3.2
MZ066196.1	M.3.2
LC105179.1	M.3.2
MZ066361.1	M.3.2
OP850468.1	M.3.2
LC173395.1	M.3.2
MW552327.1	M.3.2
MW552349.1	M.3.2
ON792016.1	M.3.2
MW552943.1	M.3.2
MZ065888.1	M.3.2
LC105071.1	M.3.2
KP882037.1	M.3.2
MW552998.1	M.3.2
MW552701.1	M.3.2
MZ066284.1	M.3.2
OM301634.1	M.3.2
MW552646.1	M.3.2
ON792038.1	M.3.2
MT005289.1	M.3.2
MW552129.1	M.3.2
ON792071.1	M.3.2
MZ066240.1	M.3.2
KC443479.1	M.3.2
LC173396.1	M.3.2
MW552151.1	M.3.2
MN206130.1	M.3.2
LC569212.1	M.3.2
MN479391.1	M.3.2
LC105157.1	M.3.2
MW552921.1	M.3.2
MZ066339.1	M.3.2
KC443279.1	M.3.2
MW552954.1	M.3.2
ON792126.1	M.3.2
MZ066350.1	M.3.2
LC173393.1	M.3.2
MW552481.1	M.3.2
KX171541.1	M.3.2
LC173338.1	M.3.2
KU248396.1	M.3.2
KU356609.1	M.3.2
MH170021.1	M.3.2
KX171545.1	M.3.2
MH170019.1	M.3.2
MW552250.1	M.3.2
MG891995.1	M.3.2
MW552580.1	M.3.2
MW552679.1	M.3.2
MG926749.1	M.3.2
KC443235.1	M.3.2
KU248407.1	M.3.2
LC105027.1	M.3.2
LC173380.1	M.3.2
MW552558.1	M.3.2
MW552987.1	M.3.2
MW552492.1	M.3.2
KT918448.1	M.3.2
MZ065811.1	M.3.2
LC514516.1	M.3.2
KU356631.1	M.3.2
OP677619.1	M.3.2
KP882081.1	M.3.2
MG891962.1	M.3.2
OP677608.1	M.3.2
MZ095159.1	M.3.2
MW552602.1	M.3.2
MW552393.1	M.3.2
LC105582.1	M.3.2
LC173388.1	M.3.2
LC477502.1	M.3.2
MN479423.1	M.3.2
ON791889.1	M.3.2
LC514494.1	M.3.2
KP882224.1	M.3.2
LC227954.1	M.3.2
ON792006.1	M.3.2
KU356664.1	M.3.2
MZ095171.1	M.3.2
MW552690.1	M.3.2
KP007153.1	M.3.2
KU356598.1	M.3.2
ON227294.1	M.3.2
MW552294.1	M.3.2
KP882279.1	M.3.2
LC105593.1	M.3.2
LC227964.1	M.3.2
KU248385.1	M.3.2
KU243593.1	M.3.2
MH170018.1	M.3.2
MW552316.1	M.3.2
KU248374.1	M.3.2
ON792104.1	M.3.2
LC227957.1	M.3.2
MN479282.1	M.3.2
LC173381.1	M.3.2
LC227958.1	M.3.2
MZ066273.1	M.3.2
LC173352.1	M.3.2
LC105104.1	M.3.2
LC477526.1	M.3.2
GU937879.1	M.3.2
MW552173.1	M.3.2
KR705335.1	M.3.2
JQ069768.1	M.3.2
LC227960.1	M.3.2
LC105168.1	M.3.2
LC227962.1	M.3.2
LC105230.1	M.3.2
MZ066031.1	M.3.2
MW553020.1	M.3.2
MF168273.1	M.3.2
MZ065679.1	M.3.2
KU356653.1	M.3.2
LC477525.1	M.3.2
MZ065954.1	M.3.2
KX536659.1	M.3.2
MZ027439.1	M.3.2
ON792082.1	M.3.2
KR705423.1	M.3.2
JN706507.1	M.3.2
KP007175.1	M.3.2
LC227956.1	M.3.2
MN479281.1	M.3.2
KP882202.1	M.3.2
LC227961.1	M.3.2
MW552591.1	M.3.2
MZ066119.1	M.3.2
KX171538.1	M.3.2
MT005300.1	M.3.2
ON791857.1	M.3.2
MW551986.1	M.3.2
MW552976.1	M.3.2
KU199272.1	M.3.2
KX536660.1	M.3.2
LC569569.1	M.3.2
LC227963.1	M.3.2
MW553031.1	M.3.2
MW552470.1	M.3.2
KC782521.2	M.3.2
KC443136.1	M.3.2
LC105146.1	M.3.2
ON792060.1	M.3.2
HQ641366.1	M.3.2
MF167967.1	M.3.2
MZ065668.1	M.3.2
MZ065965.1	M.3.2
MN479398.1	M.3.3
HQ650118.1	M.3.3
KC443589.1	M.3.3
MN479427.1	M.3.3
MN479416.1	M.3.3
MN479401.1	M.3.3
AY277914.1	M.3.3
LC684236.1	M.3.3
EF583027.1	M.3.3
LC001977.1	M.3.3
LC065022.1	M.3.4
AB733135.2	M.3.4
LC001985.1	M.3.4
AB763960.1	M.3.4
LC438392.1	M.3.4
DQ870487.1	M.3.4
LC001990.1	M.3.4
LC001989.1	M.3.4
KJ820838.1	M.3.4
AB762774.1	M.3.4
AB971558.1	M.3.4
LC001987.1	M.3.4
LC001988.1	M.3.4
LC001984.1	M.3.4
AB971557.1	M.3.4
LC001982.1	M.3.4
LC001983.1	M.3.4
LC001981.1	M.3.4
AB763961.1	M.3.4
LC001986.1	M.3.4
LC001979.1	M.3.4
LC001980.1	M.3.4
AY787654.1	M.3.4
LC001978.1	M.3.4
KC443765.1	M.3.5
KY497553.1	M.3.5
MZ407412.1	M.3.5
KY497531.1	M.3.5
MT163239.1	M.3.5
MF184838.1	M.3.5
KC178781.1	M.3.5
KX171539.1	M.3.5
KR705269.1	M.3.5
KT936628.1	M.3.5
KC443633.1	M.3.5
KC443202.1	M.3.5
KC443457.1	M.3.5
KC443325.1	M.3.5
KC443336.1	M.3.5
KX171536.1	M.3.5
LC001994.1	M.3.5
KP198630.1	M.3.6
ON791975.1	M.3.6
MT501454.1	M.3.6
KY055429.1	M.3.6
ON791910.1	M.3.6
ON791943.1	M.3.6
MW771156.1	M.3.6
ON791878.1	M.3.6
MK376894.1	M.3.6
JX416213.1	M.3.7
KJ752620.1	M.3.8
KP883027.1	M.3.8
KP882928.1	M.3.8
KP883137.1	M.3.8
KP883181.1	M.3.8
KP882477.1	M.3.9
KU317468.1	M.3.10
KX265692.1	M.3.10
LC133527.1	M.3.11
LC133516.1	M.3.11
MN479286.1	M.3.12
MN479325.1	M.3.12
MN479280.1	M.3.12
AB751567.1	M.3.13
KU714446.1	M.3.13
KU714457.1	M.3.13
MG926768.1	M.3.13
AB751565.1	M.3.13
AB751566.1	M.3.13
AB751571.1	M.3.13
JF304928.1	M.3.14
EF583035.1	M.3.14
KX171542.1	M.3.15
KX171543.1	M.3.16
LC367316.1	M.3.17
KP007164.1	M.3.18
MN029139.1	M.3.19
MN029128.1	M.3.19
KJ753392.1	M.3.19
HM113527.1	M.3.20
MG181592.1	M.3.21
FN665690.1	M.3.22
KC178782.1	M.3.23
KY113335.1	M.4.1
KY113345.1	M.4.1
FJ031026.1	M.4.1
OQ603390.1	M.4.1
ON012976.1	M.4.1
JQ013504.1	M.4.1
ON012965.1	M.4.1
JQ004972.1	M.4.1
MK250426.1	M.4.1
MK638872.1	M.4.1
HQ834207.1	M.4.1
MK606441.1	M.4.1
OQ807042.1	M.4.2
EU708925.1	M.5.1
EU708914.1	M.5.1
EU708903.1	M.5.1
LC328235.1	M.5.2
LC328236.1	M.5.2
EU708892.1	M.5.2
ON377069.1	M.6.1
KC175117.1	M.6.1
KC175041.1	M.6.1
KC175019.1	M.6.1
KC174901.1	M.6.1
KC175008.1	M.6.1
KC175085.1	M.6.1
KC175227.1	M.6.1
KC175271.1	M.6.1
KC175150.1	M.6.1
KC175282.1	M.6.1
MF184819.1	M.6.1
EU200795.1	M.6.1
KC174890.1	M.6.1
KC174997.1	M.6.1
KC175194.1	M.6.1
KC174956.1	M.6.1
KC175063.1	M.6.1
KC175161.1	M.6.1
KC174934.1	M.6.1
KC175074.1	M.6.1
ON377070.1	M.6.1
KC174976.1	M.6.1
KC175030.1	M.6.1
KC174879.1	M.6.1
KC174868.1	M.6.1
KC175128.1	M.6.1
KC175216.1	M.6.1
KC175260.1	M.6.1
KC174923.1	M.6.1
KC175238.1	M.6.1
KC175106.1	M.6.1
KC174966.1	M.6.1
KC175172.1	M.6.1
KC175096.1	M.6.1
KC174912.1	M.6.1
KC175183.1	M.6.1
KC174987.1	M.6.1
KC175139.1	M.6.1
KC175052.1	M.6.1
KC174945.1	M.6.1
ON377068.1	M.6.1
KC175249.1	M.6.1
KC175205.1	M.6.1
KU128894.1	M.6.2
KF438030.1	M.6.2
OL988999.1	M.6.2
KP006508.1	M.6.3
MW752840.1	M.6.4
KC215521.1	M.6.5
JF693160.1	M.6.5
HQ844018.1	M.6.5
KC815660.1	M.6.5
KC215478.1	M.6.5
JF990830.1	M.6.5
JF693171.1	M.6.5
JX402793.1	M.6.5
GQ496206.1	M.6.5
KC215542.1	M.6.5
KC215531.1	M.6.5
KC215510.1	M.6.5
KC215553.1	M.6.5
JF693061.1	M.6.5
JF693193.1	M.6.5
GQ496271.1	M.6.5
JF693127.1	M.6.5
KC215488.1	M.6.5
JF693105.1	M.6.5
JF693182.1	M.6.5
GQ225819.1	M.6.5
GQ496288.1	M.6.5
KC215499.1	M.6.5
JF693094.1	M.6.5
KU956008.1	M.6.5
JF990819.1	M.6.5
GQ225823.1	M.6.5
FJ560906.1	M.6.5
JF990807.1	M.6.5
GQ496195.1	M.6.5
GQ496237.1	M.6.5
GQ496220.1	M.6.5
GQ225820.1	M.6.5
GQ225821.1	M.6.5
JF693138.1	M.6.5
GQ225822.1	M.6.5
GQ225824.1	M.6.5
GQ496254.1	M.6.5
HQ844007.1	M.6.5
JF693072.1	M.6.5
JF693116.1	M.6.5
JF693050.1	M.6.5
AY300923.1	M.6.5
JF693149.1	M.6.5
JF693083.1	M.6.5
EF560617.1	M.6.6
MN479317.1	M.6.6
OR125126.1	M.6.6
OQ201459.1	M.6.6
GU565087.1	M.6.6
MN479320.1	M.6.6
GU565076.1	M.6.6
OQ201468.1	M.6.6
OQ201467.1	M.6.6
MN632908.1	M.6.6
MN479319.1	M.6.6
OQ201469.1	M.6.6
OQ201463.1	M.6.6
MN479399.1	M.6.6
FJ347124.1	M.6.6
GU565043.1	M.6.6
OQ201457.1	M.6.6
OQ201456.1	M.6.6
OQ201458.1	M.6.6
MN479369.1	M.6.6
MN479355.1	M.6.6
KC443600.1	M.6.6
MN479331.1	M.6.6
MN479432.1	M.6.6
OQ201451.1	M.6.6
LC384332.1	M.6.6
OQ201461.1	M.6.6
OQ201460.1	M.6.6
KF729644.1	M.6.7
AB748582.1	M.6.7
OK651086.1	M.6.7
AB748583.1	M.6.7
MT276808.1	M.6.7
KF729647.1	M.6.7
OM643801.1	M.6.7
OK651087.1	M.6.7
KF729646.1	M.6.7
KF729689.1	M.6.7
JF693028.1	M.6.7
KF729645.1	M.6.7
AB748585.1	M.6.7
KF729643.1	M.6.7
AB748586.1	M.6.7
KJ584862.1	M.6.7
AB748584.1	M.6.7
DQ870495.1	M.6.7
MH769725.1	M.6.7
AY116592.1	M.6.7
EF560614.1	M.6.7
AB972858.1	M.6.8
LC553608.1	M.6.8
OL988975.1	M.6.8
OL988987.1	M.6.8
KC488887.1	M.6.8
KJ752063.1	M.6.8
MW771200.1	M.6.8
MW771167.1	M.6.8
FJ495128.1	M.6.8
KU708261.1	M.6.8
MT234353.1	M.6.8
OL988951.1	M.6.8
OL988927.1	M.6.8
OL988963.1	M.6.8
LC133571.1	M.6.8
MW771121.1	M.6.8
OL988915.1	M.6.8
MW771145.1	M.6.8
OL988939.1	M.6.8
KJ751924.1	M.6.8
KF500176.1	M.6.9
MF940706.1	M.6.9
MF940597.1	M.6.9
MF940707.1	M.6.9
MF940596.1	M.6.9
MF940703.1	M.6.9
MF940704.1	M.6.9
MF940593.1	M.6.9
MF940595.1	M.6.9
MF940594.1	M.6.9
MF940705.1	M.6.9
FJ422133.1	M.6.10
AB573072.1	M.6.10
KT887533.1	M.6.11
KF636258.1	M.6.12
MN067457.1	M.6.12
KP752912.1	M.6.12
MW771178.1	M.6.12
JX094030.1	M.6.12
KP752879.1	M.6.12
JN831233.1	M.6.12
MW771189.1	M.6.12
MW771134.1	M.6.12
JN831211.1	M.6.12
JN831222.1	M.6.12
KY426811.1	M.6.12
OL989023.1	M.6.12
AB374145.1	M.6.13
AB573081.1	M.6.14
MZ955430.1	M.6.14
MZ955429.1	M.6.14
KT281122.1	M.6.14
LC727727.1	M.6.14
AB853892.1	M.6.14
MZ955433.1	M.6.14
KJ411434.1	M.6.14
MZ955431.1	M.6.14
MZ955432.1	M.6.14
LC553619.1	M.6.15
LC340015.1	M.6.15
LC553597.1	M.6.15
KU962130.1	M.6.15
OM212041.1	M.6.16
ON711386.1	M.6.16
LC133549.1	M.6.17
LC133560.1	M.6.17
MW292231.1	M.6.18
LC055549.1	M.6.19
HM988962.1	M.6.20
HM988963.1	M.6.20
HM988964.1	M.6.20
MF940650.1	M.6.21
MF940648.1	M.6.21
MF940649.1	M.6.21
MF940651.1	M.6.21
MF940652.1	M.6.21
MW924300.1	M.6.22
EF583019.1	M.6.23
EF583015.1	M.6.23
AY277916.1	M.6.23
ON377074.1	M.6.24
ON377072.1	M.6.24
ON377073.1	M.6.24
LC553630.1	M.6.25
LC553586.1	M.6.25
LC095959.1	M.6.26
MZ848175.1	M.6.27
MZ848176.1	M.6.27
MT234357.1	M.6.28
MW771112.1	M.6.28
KY972330.1	M.6.29
LC727978.1	M.6.30
LC336593.1	M.6.31
LC133538.1	M.6.32
EF583043.1	M.6.33
OP680461.1	M.6.34
FJ347102.1	M.7
MH238249.1	M.8
MK936407.1	M.8
MH238250.1	M.8
MH238245.1	M.8
MK936408.1	M.8
JX036367.1	M.9.1
JQ423904.1	M.9.2
LC119106.1	M.10.1
EF554106.1	M.10.1
LC119095.1	M.10.1
KP198641.1	M.10.2
JF712568.1	M.11.1
JN872867.1	M.11.1
JF712579.1	M.11.1
AB908936.1	M.11.2
AB908903.1	M.11.2
AB908925.1	M.11.2
LC467938.1	M.11.2
KM454505.1	M.11.2
LC467894.1	M.11.2
LC467872.1	M.11.2
AB908914.1	M.11.2
LC467927.1	M.11.2
LC460237.1	M.11.2
LC467905.1	M.11.2
LC460248.1	M.11.2
LC467806.1	M.11.2
LC467828.1	M.11.2
LC467850.1	M.11.2
AB908950.1	M.11.2
LC467817.1	M.11.2
LC467883.1	M.11.2
LC460226.1	M.11.2
LC467839.1	M.11.2
KC815671.1	M.11.2
LC467916.1	M.11.2
LC467861.1	M.11.2
LC460215.1	M.11.2
KM454483.1	M.11.2
KC815682.1	M.11.3
KC815696.1	M.11.3
JN903523.1	M.11.3
KM454494.1	M.11.3
JN903524.2	M.11.3
MK936409.1	M.12.1
MH238263.1	M.12.2
MK936411.1	M.13
KF577840.1	M.14.1
FJ347113.1	M.14.2
MN433619.1	M.15.1
MN539286.1	M.15.1
KU243597.1	M.15.2
KU243602.1	M.15.2
LC569174.1	M.15.3
JX946170.1	M.15.3
JX946161.1	M.15.3
KR262151.1	M.15.3
MW331504.1	M.15.3
LC460428.1	M.16.1
KJ748478.1	M.16.2
KP882631.1	M.16.2
KJ748467.1	M.16.2
KP882686.1	M.16.2
KX268789.1	M.17
MT364826.1	M.18.1
HQ661114.1	M.18.1
HQ661125.1	M.18.1
LC328237.1	M.18.1
OL457191.1	M.18.1
MT364848.1	M.18.1
MT364870.1	M.18.1
MT364837.1	M.18.1
HQ661136.1	M.18.1
LC158121.1	M.18.1
KJ626548.1	M.18.2
MK272909.1	M.18.2
KJ412533.1	M.18.2
KJ412810.1	M.18.2
KJ412600.1	M.18.2
KJ412723.1	M.18.2
KF907288.1	M.18.2
KJ412843.1	M.18.2
DQ146701.1	M.18.2
MK272910.1	M.18.2
MK272911.1	M.18.2
KJ412577.1	M.18.2
KJ412884.1	M.18.3
KJ412908.1	M.18.3
JN706508.1	M.18.3
KJ412799.1	M.18.3
LC340026.1	M.18.3
KJ412821.1	M.18.3
OM450980.1	M.18.3
KJ412854.1	M.18.3
MT364859.1	M.18.3
KJ412622.1	M.18.3
AB741651.1	M.19
KJ820893.1	M.20.1
KJ820871.1	M.20.1
KJ820849.1	M.20.1
KJ820860.1	M.20.1
LC328193.1	M.20.1
DQ490537.1	M.20.1
LC328192.1	M.20.1
KJ820827.1	M.20.1
KJ820905.1	M.20.1
LC328239.1	M.20.2
LC328238.1	M.20.2
JQ713647.1	M.20.2
AB751570.1	M.21
AB751564.1	M.21
AB751557.1	M.21
AB751563.1	M.21
AB751549.1	M.21
AB751569.1	M.21
KY053210.1	M.22
MH267272.1	M.22
KR052727.1	M.22
KY053146.1	M.22
MT784799.1	M.23.1
KX363358.1	M.23.1
MT784800.1	M.23.1
OM105038.1	M.23.1
MT784801.1	M.23.1
KY634816.1	M.23.1
MT784804.1	M.23.1
MT784805.1	M.23.1
MT784802.1	M.23.1
MT784803.1	M.23.1
KX363369.1	M.23.1
MG781044.1	M.23.2
KU363148.1	M.23.2
LC433787.1	M.23.3
AB779630.1	M.23.4
MG781054.1	M.23.5
AB779633.1	M.23.6
AB779631.1	M.23.6
JN104621.1	M.23.7
JN104613.1	M.23.7
MH238260.1	M.24.1
MH238259.1	M.24.1
MH238261.1	M.24.1
MH238265.1	M.24.1
MH238262.1	M.24.1
MH238251.1	M.24.1
MH238246.1	M.24.1
MH238248.1	M.24.2
MH238258.1	M.24.2
MH238266.1	M.24.2
MH238257.1	M.24.2
MH238254.1	M.24.3
KM820711.1	M.24.4
KM820713.1	M.24.4
KC610691.1	M.24.5
MN556669.1	M.24.6
MH238244.1	M.24.7
MW720860.1	M.25
MW720869.1	M.25
KP752709.1	M.26.1
KP752484.1	M.26.1
KJ751726.1	M.26.1
KJ752130.1	M.26.1
KJ751891.1	M.26.1
KJ752097.1	M.26.1
JF304917.1	M.26.2
KC257093.1	M.26.3
KR052737.1	M.27
JF693039.1	M.28
GU827408.1	M.29.1
KJ187601.1	M.29.1
JF421977.1	M.29.1
EF554084.1	M.29.1
MW280933.1	M.29.1
KF500521.1	M.29.2
GU296424.1	M.29.3
ON191598.1	M.29.3
MN029117.1	M.29.4
JX271003.1	M.29.4
GU296425.1	M.29.5
EF554128.1	M.29.6
MT025910.1	M.30
KR052748.1	M.30
MT025911.1	M.30
KJ659444.1	M.30
GU199488.1	M.30
KJ412679.1	M.31
KC139783.1	M.32.1
KC113251.1	M.32.2
MH697615.1	M.32.2
MH697637.1	M.32.2
MH697626.1	M.32.2
JX290177.1	M.32.2
MH697648.1	M.32.2
MH137267.1	M.32.3
OP082221.1	M.32.4
HG513047.1	M.33.1
KX362691.1	M.33.2
KX363380.1	M.33.2
KR632625.1	M.34
OL989011.1	M.35
MW725573.1	M.36
LC095937.1	M.37
LC095915.1	M.37
LC178566.1	M.38
ON711282.1	M.38
DQ838645.2	M.38
X16387.1	M.38
DQ838642.1	M.38
DQ838643.1	M.38
X16062.1	M.38
ON710976.1	M.38
KJ450833.1	M.38
JQ688675.1	M.38
DQ838644.1	M.38
JF896467.1	M.38
DQ838641.1	M.38
DQ838600.1	M.38
JN827246.1	M.38
LC333804.1	M.38
ON710977.1	M.38
NC_011508.2	M.38
KX548934.1	M.38
KC960621.1	M.39.1
OP963638.1	M.39.1
KJ020893.1	M.39.2
JX567762.1	M.40
KP752769.1	M.41.1
KP753124.1	M.41.2
KX880441.1	M.42.1
MN067446.1	M.42.2
KF035109.1	M.43
KU508382.1	M.44
MT066202.1	M.45
JX971571.1	M.45
AY277921.1	M.45
KJ450844.1	M.45
AY740739.1	M.46
KP258400.1	M.46
GU384193.1	M.47
MN477238.1	M.48
MN551589.1	M.48
MN528089.1	M.48
MN528103.1	M.48
MN477227.1	M.48
MN528118.1	M.48
MN528077.1	M.48
LC000535.1	M.49
ON377049.1	M.50.1
OM416831.1	M.50.2
OM450957.1	M.50.2
OM982759.1	M.51
MN528088.1	M.52.1
OK651089.1	M.52.2
OK651088.1	M.52.2
JF796736.1	M.53
DQ205223.1	M.54
KF690127.1	M.55
KP752925.1	M.56.1
KP752961.1	M.56.1
KJ752486.1	M.56.2
LC576610.1	M.57.1
ON221573.1	M.57.2
EF554117.1	M.58.1
MN626421.1	M.58.1
MG214339.1	M.58.1
KP198652.1	M.58.1
EF554150.1	M.58.2
KC442953.1	M.59
HM627544.1	M.60
HM627555.1	M.61
KJ919550.1	M.62
EF554095.1	M.63
KX212872.1	M.64.1
KX212871.1	M.64.1
FN665679.1	M.64.2
EF554139.1	M.65
OQ333051.1	M.66
KF835908.1	M.67.1
OQ440201.1	M.67.2
OQ440176.1	M.67.3
KF835909.1	M.67.4
OQ440229.1	M.68
OQ440216.1	M.68
KU168341.1	M.69
KF835905.1	M.70
KM820709.1	M.71.1
KM820710.1	M.71.2
KX655453.1	M.72
KT887522.1	M.73
MT163184.1	M.74
OL401533.1	M.75
OL401531.1	M.75
OL401532.1	M.75
MT163206.1	M.76
KM820715.1	M.77
LC638700.2	M.78
LC704655.1	M.79
LC704644.1	M.79
AB924086.1	M.80
AB924108.1	M.81
MH717368.1	M.82
MH769712.1	M.83
MK302429.1	M.84
FV537166.1	M.85
FV537167.1	M.85
FV537169.1	M.86
FV537168.1	M.86
JN129083.1	M.87
