AB608789.1|1994	1I
GQ398257.1|1977	2I
JQ922550.1|1971	2I
JQ922552.1|1960	2I
JQ922553.1|1980	2I
JX966379.1|1994	2I
MW946575.1|1996	2I
AP001|1969-02-11	2II_A
AP002|1969	2II_A
EU179859.1|2006	2II_D
FJ882602.1|1996	2II_A
GQ398258.1|1975	2II_B
GQ398259.1|1976	2II_B
GQ398263.1|1975	2II
JF327392.1|2009	2II_F
JN851130.1|2005	2II_D.3
JQ922551.1|2005	2II_A
JX470186.1|2010	2II_D.2
KC762673.1|2008-03-11	2II_D.3
KC762675.1|2008-03-08	2II_D.3
KC762680.1|2010-04-05	2II_D.2
KF041236.1|2008	2II_A.1
KF744397.1|2001	2II_C
KF744398.1|2005	2II_C.2
KM279608.1|2010	2II_E.1
KP012546.1|2014	2II_D.1
KR779786.2|2013	2II_E.1
KU509276.1|2008	2II_C.1
KU509277.1|2010	2II_C.1
KU517845.1|2013-04-23	2II_E.2
KU517846.1|2014-05-07	2II_F.2.1
KX380810.1|2012	2II_F.2.2
KX380821.1|2012	2II_E.1
KX380822.1|2012	2II_F.2.2
KX380836.1|2013	2II_F.2.2
KX452015.1|2014-01	2II_E
KY427084.1|2010-09-01	2II_A.2.2
KY586700.1|2009	2II_E.1
KY794785.1|2010-05-11	2II_E.2
KY921904.1|2014-03	2II_F.2.2
KY937187.1|2015	2II_A.1
KY937189.1|2015	2II_A.1
LC436675.1|2017-12	2II_F.1.2
MF043956.1|2016	2II_D.2
MG560144.1|2014	2II_A.2.1
MG599592.1|2001	2II_C.2
MG599621.1|2002	2II_C.2
MG599628.1|2002	2II_C.2
MG599631.1|2002	2II_C.2
MH822949.1|2014-10-28	2II_A.2.2
MH827526.1|2017	2II_E.2
MK564478.1|2016-04-22	2II_D.1
MK564482.1|2017-08-07	2II_D.3
MK578532.1|2016-04-01	2II_F
MK783204.1|2018	2II_D.2
MK783205.1|2018	2II_C.1
MK783209.1|2018	2II_A.2.1
MN018349.1|2015-05-09	2II_D.3
MN018351.1|2015-05-17	2II_E.2
MN018352.1|2015-09-07	2II_D.3
MN018353.1|2016-06-15	2II_F.2.1
MN577553.1|2017-06	2II_A.2.2
MN577554.1|2017-06	2II_A.2.2
MN577557.1|2017-07	2II_A.2.2
MN577562.1|2013-05	2II_B
MN577564.1|2014-06	2II_B
MN923111.1|2019-08-24	2II_D
MT832057.1|2015	2II_C.1
MT921572.1|2000	2II
MT921573.1|2004	2II_E
MW512356.1|2009	2II_E.1
MW512377.1|2012	2II_F.2
MW512406.1|2013	2II_F.2.2
MW512409.1|2013	2II_C
MW512410.1|2014	2II_A.1
MW512414.1|2014	2II_E
MW512415.1|2014	2II_D.1
MW512430.1|2014	2II_F.2
MW512432.1|2014	2II_C.1
MW512463.1|2016	2II_F
MW512465.1|2016	2II_F.2.1
MW512467.1|2016	2II_C
MW730819.1|2017-07	2II_F.2.1
MW730830.1|2017-07	2II_F.2.1
MW730833.1|2017-07	2II_F
MW881533.1|2021-02-02	2II_C.1
MW946478.1|1974	2II_A
MZ857208.1|2013	2II_D.1
MZ857214.1|2014	2II_D.1
OK469352.1|1993	2II
OL414732.1|2020-08	2II_F.1.1
OL414749.1|2020-06	2II_F.1.1
OL414754.1|2020-08	2II_F.1.1
OL414755.1|2020-08	2II_F.1.1
OL414764.1|2020-08	2II_F.1.1
OL469512.1|2017-04-30	2II_B
OM317565.1|2020-06-24	2II_B
OM744110.1|2021-11-16	2II_A
OM744143.1|2021-11-29	2II_F.1.2
ON123649.1|2020	2II_A.2.1
ON634745.1|2022-03-14	2II_F.1.2
ON634755.1|2022-03-06	2II_F.1.2
ON890351.1|2017-08-07	2II_D.2
ON908229.1|2019-09-16	2II_F.2
OP310806.1|2018	2II_A.2.1
OP310807.1|2019	2II_A.2.1
OP684180.1|2018-07-02	2II_F.1
OP684196.1|2019-01-05	2II_F.1
OP684198.1|2019-01-20	2II_E.2
OP684201.1|2019-08-16	2II_F.1
OP684211.1|2019-10-19	2II_A.1
OP921000.1|2022-07-29	2II_F.1
OQ028230.1|2020-09-07	2II_F.2
OQ622206.1|2022-04-02	2II_F.1.2
DQ181801.1|1990	2III_A
EU482449.1|2006	2III_A.2
EU482635.1|2005	2III_D.1.3
EU482639.1|2006	2III_D.1.3
EU482721.1|2006	2III_B
EU482726.1|2006	2III_C
EU529706.1|2006	2III_B
EU596500.1|2007	2III_D.1.1
EU687212.1|1998	2III_C
EU726775.1|1996	2III_D
EU920828.1|1993-02	2III
EU920841.1|2005-10	2III_C
FJ639699.1|2002	2III_A
FJ882594.1|2007	2III_D.1.3
FJ898450.1|1990	2III_B
FJ906956.1|2005	2III_D.1.3
FM210202.1|2004	2III_A.2
FM210204.1|2003	2III_A.2
FM210217.1|1999	2III_A.1
FM210222.1|2004	2III_A.1
FM210227.1|2002	2III_A.2
FM210235.2|2005	2III_A.1
FM210236.2|2004	2III_A.1
FM210237.2|2003	2III_A.1
FM210241.2|2004	2III_A.2
GQ398269.1|1994	2III_B
GQ868558.1|2007	2III_D.2
GQ868603.1|1987	2III
GQ868604.1|2005	2III_D.1.1
HQ705624.1|2009	2III_D.1.3
KC294201.1|2009-02-13	2III_B
KF921931.1|2003	2III_A
KY474310.1|2014	2III_D.3
KY474316.1|2014	2III_D.3
KY670633.1|1995-09	2III_A.2
MH069499.1|2015-09-22	2III_D.2
MH781013.1|2012	2III_D.1
MK517773.1|2017-03-28	2III_C.1.1
MN462632.1|2015-10-04	2III_D.3
MN462633.1|2015-04-28	2III_D.3
MN462636.1|2015-05-27	2III_D.3
MN589880.1|1999-04-09	2III_B
MW946461.1|1988	2III_A
MZ008461.1|2013	2III_D.1.2
MZ773408.1|2019-09	2III_D.2
OK469346.1|1981	2III
OM505022.1|2021-09-21	2III_D.1.2
ON123621.1|2021-02-15	2III_C
ON510270.1|2021-05-10	2III_D.2
ON634720.1|2021-02-22	2III_C.1.1
ON634740.1|2022-03-28	2III_C.1.1
ON634741.1|2022-04-25	2III_C.1.1
ON634744.1|2022-03-11	2III_C.1.1
ON634752.1|2022-03-17	2III_C.1.1
ON714337.1|2015-01-29	2III_D.2
OQ445886.1|2022-08-17	2III_C.2
OQ445887.1|2022-08-16	2III_C.2
OQ445892.1|2022-09-27	2III_D.1.1
OQ445894.1|2022-10-27	2III_C.2
OQ740547.1|2022-03-31	2III_C.1.2
OQ740551.1|2022-04-08	2III_C.1.2
OQ740552.1|2022-04-13	2III_C.1.2
OQ740553.1|2022-05-11	2III_C.1.2
OQ821445.1|2019-11-13	2III_C.2
OQ821456.1|2022-06-20	2III_D.1.1
OQ821459.1|2022-06-28	2III_D.1.1
OQ821468.1|2022-08-18	2III_C.2
OQ821475.1|2015-10-28	2III_C.1.2
OQ821483.1|2019-08-19	2III_D.1.2
OQ821485.1|2022-07-06	2III_D.1.2
OQ821495.1|2014-02-09	2III_C.2
OQ821497.1|2019-08-29	2III_D.1.2
KF744399.1|1998	2IV
KF744400.1|2000	2IV
KF744402.1|2000	2IV
KF744407.1|1996	2IV
OK469347.1|1988	2IV
OK605760.1|1988	2IV
DQ181803.1|1985	2V
FJ639828.1|2001	2V_E
FJ687436.1|2001	2V_E
GQ868591.1|1964	2V
JN368476.1|2007	2V_A
KC964095.1|1998	2V_D
KY586595.1|2004	2V_A.3
KY586667.1|2001	2V_C
KY586675.1|1995	2V
KY586678.1|2002	2V_D
KY586686.1|2000	2V_D
KY586688.1|1998	2V_D
KY586690.1|1999	2V_B
KY586692.1|2001	2V_B
KY849765.1|2009-11-06	2V_A.3
KY849768.1|2010-08-13	2V_A.3
MN018366.1|2015-12-30	2V_A.1
MN448874.1|2011-09-20	2V_A.4
MN448883.1|2011-09-23	2V_A.4
MN448904.1|2010-09-15	2V_A.4
MN448920.1|2011	2V_A.3
MN923115.1|2019-05-31	2V_A.2
MN923122.1|2019-09-01	2V_A.2
MW946279.1|2001	2V_C
MW946284.1|1995	2V_D
MW946367.1|2010	2V_A.4
MW946369.1|1994	2V_C
MW946420.1|1996	2V_A
MW946422.1|1994	2V
MW946428.1|2001	2V_C
MW946449.1|2014	2V_E
MW946460.1|1997	2V_B
MW946473.1|1999	2V_B
MW946509.1|1998	2V_C
MW946510.1|2011	2V_A.3
MW946517.1|2005	2V_E
MW946551.1|1997	2V_B
MW946554.1|2011	2V_A.3
MW946590.1|1997	2V_C
MW946595.1|2005	2V_E
MW946602.1|2011	2V_A.4
MZ453007.1|2019	2V_A
OK469345.1|1985	2V
OL414734.1|2020-06	2V_A.2
OL414761.1|2019-08	2V_A.2
OP684188.1|2018-09-20	2V_A.2
OP684189.1|2018-09-30	2V_A.1
OQ028221.1|2019-11-13	2V_A.1
OQ028222.1|2019-06-25	2V_A.1
OQ028228.1|2019-06-26	2V_A.1
OQ028229.1|2017-08-03	2V_A
EF105379.1|1970	2VI
EF105385.1|1974	2VI
EF105386.1|1980	2VI
EF105388.1|1966	2VI
FJ467493.1|2008	2VI
JF260983.1|2009	2VI
