KU292540.1	𝞵.1.1
EF200579.1	𝞵.1.1
MH769733.1	𝞵.1.1
LC460425.1	𝞵.1.1
JX307632.1	𝞵.1.1
JX307631.1	𝞵.1.1
JX442773.1	𝞵.1.1
MN066874.1	𝞵.1.1
KF697087.1	𝞵.1.1
LC133535.1	𝞵.1.1
EF200581.1	𝞵.1.1
OR205761.1	𝞵.1.1
LC133524.1	𝞵.1.1
KU292529.1	𝞵.1.1
HM363564.1	𝞵.1.1
MN066955.1	𝞵.1.1
KF697089.1	𝞵.1.1
LC095964.1	𝞵.1.1
KP198635.1	𝞵.1.1
OR205760.1	𝞵.1.1
EU682404.1	𝞵.1.1
KF697088.1	𝞵.1.1
FN665698.1	𝞵.1.1
MK376891.1	𝞵.1.1
GU937887.1	𝞵.1.1
JX307633.1	𝞵.1.1
KC986972.1	𝞵.1.1
JX307634.1	𝞵.1.1
JX040434.1	𝞵.1.1
JF831951.1	𝞵.1.1
KU714454.1	𝞵.1.1
KY055437.1	𝞵.1.1
MT501462.1	𝞵.1.1
MN649782.1	𝞵.1.2
LC384340.1	𝞵.1.2
JF793921.1	𝞵.1.2
AB748611.1	𝞵.1.2
MN480145.1	𝞵.1.2
JF693036.1	𝞵.1.2
KY972327.1	𝞵.1.2
EF672569.1	𝞵.1.2
LC133546.1	𝞵.1.2
MF469340.1	𝞵.1.2
EU659854.1	𝞵.1.2
MN224005.1	𝞵.1.2
EU659853.1	𝞵.1.2
KU962138.1	𝞵.1.2
LC055557.1	𝞵.1.2
EF554158.1	𝞵.1.2
MN632913.1	𝞵.1.2
OQ082578.1	𝞵.1.2
MN649781.1	𝞵.1.2
LC340020.1	𝞵.1.2
JQ715680.1	𝞵.1.2
MW771183.1	𝞵.1.2
LC336598.1	𝞵.1.2
MN480121.1	𝞵.1.2
AB972866.1	𝞵.1.2
LC384341.1	𝞵.1.2
KX880446.1	𝞵.1.2
GU827416.1	𝞵.1.2
MN067454.1	𝞵.1.2
KP198657.1	𝞵.1.2
OL988968.1	𝞵.1.2
KP198646.1	𝞵.1.2
FJ206081.1	𝞵.1.2
JX008868.1	𝞵.1.2
KJ803834.1	𝞵.1.2
KU508379.1	𝞵.1.2
OL988920.1	𝞵.1.2
JX402800.1	𝞵.1.2
MN029114.1	𝞵.1.2
KU708266.1	𝞵.1.2
OL988944.1	𝞵.1.2
MN480109.1	𝞵.1.2
OK651118.1	𝞵.1.2
MW771139.1	𝞵.1.2
MK947098.1	𝞵.1.2
KT919446.1	𝞵.1.2
JF793922.1	𝞵.1.2
EF554103.1	𝞵.1.2
KF729685.1	𝞵.1.2
JF805009.1	𝞵.1.2
EU659852.1	𝞵.1.2
MN649783.1	𝞵.1.2
AB748610.1	𝞵.1.2
MT234358.1	𝞵.1.2
GU937876.1	𝞵.1.2
MT163233.1	𝞵.1.2
AB573078.1	𝞵.1.2
EF554125.1	𝞵.1.2
KU317465.1	𝞵.1.2
OM643798.1	𝞵.1.2
KU956016.1	𝞵.1.2
MW771150.1	𝞵.1.2
OL988992.1	𝞵.1.2
OR125134.1	𝞵.1.2
KP882636.1	𝞵.1.2
MN649787.1	𝞵.1.2
FN665687.1	𝞵.1.2
MW771128.1	𝞵.1.2
KJ748475.1	𝞵.1.2
LC158126.1	𝞵.1.2
AB748607.1	𝞵.1.2
ON191606.1	𝞵.1.2
ON206970.1	𝞵.1.2
MW280892.1	𝞵.1.2
JF793925.1	𝞵.1.2
EF554136.1	𝞵.1.2
EF672611.1	𝞵.1.2
KR018492.1	𝞵.1.2
MN224014.1	𝞵.1.2
MT234350.1	𝞵.1.2
GU296418.1	𝞵.1.2
KC488895.1	𝞵.1.2
HM627552.1	𝞵.1.2
KF729686.1	𝞵.1.2
KY426807.1	𝞵.1.2
OL989004.1	𝞵.1.2
JX271011.1	𝞵.1.2
KP752470.1	𝞵.1.2
LC133557.1	𝞵.1.2
MW924308.1	𝞵.1.2
ON565630.1	𝞵.1.2
OQ215303.1	𝞵.1.2
JX008869.1	𝞵.1.2
MF940689.1	𝞵.1.2
OQ807049.1	𝞵.1.2
KJ411442.1	𝞵.1.2
FJ495136.1	𝞵.1.2
JX008867.1	𝞵.1.2
KC257090.1	𝞵.1.2
KF690135.1	𝞵.1.2
JQ943572.1	𝞵.1.2
FJ422141.1	𝞵.1.2
JX008870.1	𝞵.1.2
KJ940161.1	𝞵.1.2
GU296419.1	𝞵.1.2
MT276813.1	𝞵.1.2
OL989028.1	𝞵.1.2
KJ919235.1	𝞵.1.2
MN649785.1	𝞵.1.2
GQ428140.1	𝞵.1.2
MG926766.1	𝞵.1.2
EF554147.1	𝞵.1.2
MN206076.1	𝞵.1.2
KJ187598.1	𝞵.1.2
KR705288.1	𝞵.1.2
MN067443.1	𝞵.1.2
KT887541.1	𝞵.1.2
KX024677.1	𝞵.1.2
ON565628.1	𝞵.1.2
JF793923.1	𝞵.1.2
KU128902.1	𝞵.1.2
JN831208.1	𝞵.1.2
MG214336.1	𝞵.1.2
MW771172.1	𝞵.1.2
LC133568.1	𝞵.1.2
MN649789.1	𝞵.1.2
LC133579.1	𝞵.1.2
AB573086.1	𝞵.1.2
LC727735.1	𝞵.1.2
KX212877.1	𝞵.1.2
OL988956.1	𝞵.1.2
ON012973.1	𝞵.1.2
KC020048.1	𝞵.1.2
LC367324.1	𝞵.1.2
MW771161.1	𝞵.1.2
MN480107.1	𝞵.1.2
AB853900.1	𝞵.1.2
FJ347121.1	𝞵.1.2
OL988980.1	𝞵.1.2
MN224003.1	𝞵.1.2
KJ752060.1	𝞵.1.2
KF636255.1	𝞵.1.2
MN224002.1	𝞵.1.2
MF940692.1	𝞵.1.2
KF729678.1	𝞵.1.2
KT887530.1	𝞵.1.2
MT163222.1	𝞵.1.2
JF421985.1	𝞵.1.2
KC152923.1	𝞵.1.2
MN206075.1	𝞵.1.2
JN831219.1	𝞵.1.2
OL988932.1	𝞵.1.2
MW771205.1	𝞵.1.2
KF500518.1	𝞵.1.2
GU384198.1	𝞵.1.3
OM450954.1	𝞵.1.3
OM450965.1	𝞵.1.3
OQ603398.1	𝞵.1.3
OM416839.1	𝞵.1.3
AY622998.1	𝞵.1.3
ON711394.1	𝞵.1.3
OP680466.1	𝞵.1.4
LC553605.1	𝞵.1.4
M33606.1	𝞵.1.4
LC727986.1	𝞵.1.4
HQ660643.1	𝞵.1.5
LC328268.1	𝞵.1.6
AB008660.1	𝞵.1.6
AB008658.1	𝞵.1.6
AB008655.1	𝞵.1.6
AB008659.1	𝞵.1.6
KJ820835.1	𝞵.1.6
MK272857.1	𝞵.1.6
AB008656.1	𝞵.1.6
LC328269.1	𝞵.1.6
LC328202.1	𝞵.1.6
LC328203.1	𝞵.1.6
AB091358.1	𝞵.1.6
AB008657.1	𝞵.1.6
KF729032.1	𝞵.1.7
FJ347132.1	𝞵.1.7
KC215496.1	𝞵.1.8
JF693091.1	𝞵.1.8
JF693080.1	𝞵.1.8
KC215485.1	𝞵.1.8
GQ496214.1	𝞵.1.8
K03385.1	𝞵.1.8
JF693047.1	𝞵.1.8
JF990816.1	𝞵.1.8
KC215539.1	𝞵.1.8
JF990827.1	𝞵.1.8
KP258408.1	𝞵.1.9
MK751432.1	𝞵.1.9
AY740731.1	𝞵.1.9
HM113524.1	𝞵.1.10
LC119103.1	𝞵.1.10
KP882482.1	𝞵.1.10
KC175114.1	𝞵.1.11
KC175268.1	𝞵.1.11
KC174931.1	𝞵.1.11
KC175180.1	𝞵.1.11
KC174953.1	𝞵.1.11
EU200803.1	𝞵.1.11
KJ638480.1	𝞵.1.11
KJ638482.1	𝞵.1.11
KJ638478.1	𝞵.1.11
KC174942.1	𝞵.1.11
KC174984.1	𝞵.1.11
KC175060.1	𝞵.1.11
KC175235.1	𝞵.1.11
KC174909.1	𝞵.1.11
KC174865.1	𝞵.1.11
KC175082.1	𝞵.1.11
KC175125.1	𝞵.1.11
KC175213.1	𝞵.1.11
KC175005.1	𝞵.1.11
KC175224.1	𝞵.1.11
KC175279.1	𝞵.1.11
KC174920.1	𝞵.1.11
KC174898.1	𝞵.1.11
KJ638477.1	𝞵.1.11
KJ638484.1	𝞵.1.11
KC815668.1	𝞵.1.12
LC553616.1	𝞵.1.12
JX094038.1	𝞵.1.12
MZ848164.1	𝞵.1.12
LC553594.1	𝞵.1.12
KJ752059.1	𝞵.1.12
MZ848163.1	𝞵.1.12
KF577848.1	𝞵.1.13
FJ347110.1	𝞵.1.14
MZ848166.1	𝞵.1.15
KP006516.1	𝞵.1.16
KT281130.1	𝞵.1.16
MW292239.1	𝞵.1.16
MN649784.1	𝞵.1.16
MW752848.1	𝞵.1.16
MN649786.1	𝞵.1.16
JX567768.1	𝞵.1.17
EF990706.1	𝞵.1.18
JQ358774.1	𝞵.1.19
DQ205231.1	𝞵.1.20
MK638880.1	𝞵.1.21
J04361.1	𝞵.1.22
EF554114.1	𝞵.1.23
OK651119.1	𝞵.1.24
MW842542.1	𝞵.2.1
HQ392270.1	𝞵.2.1
MN480174.1	𝞵.2.1
OP901814.1	𝞵.2.1
KT919645.1	𝞵.2.1
OM982756.1	𝞵.2.1
KF371872.1	𝞵.2.1
FJ206094.1	𝞵.2.1
LC569460.1	𝞵.2.1
KY658043.1	𝞵.2.1
JX027642.1	𝞵.2.1
KJ751992.1	𝞵.2.1
JN013986.1	𝞵.2.1
LC174307.1	𝞵.2.1
KC686968.1	𝞵.2.1
KX674717.1	𝞵.2.1
KC149930.1	𝞵.2.1
KX988274.1	𝞵.2.1
MT855247.1	𝞵.2.1
KF371828.1	𝞵.2.1
KF812848.1	𝞵.2.1
HQ670638.1	𝞵.2.1
JQ926587.1	𝞵.2.1
KJ919225.1	𝞵.2.1
LC374180.1	𝞵.2.1
OR205797.1	𝞵.2.1
MK272859.1	𝞵.2.1
MW842549.1	𝞵.2.1
MT854510.1	𝞵.2.1
MT854378.1	𝞵.2.1
KT988151.1	𝞵.2.1
MZ955413.1	𝞵.2.1
OR205771.1	𝞵.2.1
KJ626534.1	𝞵.2.1
MH238174.1	𝞵.2.1
GU199502.1	𝞵.2.1
OM212049.1	𝞵.2.1
MH301244.1	𝞵.2.1
DQ189244.1	𝞵.2.1
JF490152.1	𝞵.2.1
KJ753411.1	𝞵.2.1
KJ919283.1	𝞵.2.1
HM773875.1	𝞵.2.1
MW842545.1	𝞵.2.1
HQ392303.1	𝞵.2.1
LC569505.1	𝞵.2.1
MG181534.1	𝞵.2.1
KJ454669.1	𝞵.2.1
HM773655.1	𝞵.2.1
KY972115.1	𝞵.2.1
LC174305.1	𝞵.2.1
KR018484.1	𝞵.2.1
KF812851.1	𝞵.2.1
ON993107.1	𝞵.2.1
KX274600.1	𝞵.2.1
MF621218.1	𝞵.2.1
MF168312.1	𝞵.2.1
MZ094676.1	𝞵.2.1
HQ670645.1	𝞵.2.1
MZ094872.1	𝞵.2.1
MK936393.1	𝞵.2.1
KJ919224.1	𝞵.2.1
KT918423.1	𝞵.2.1
FJ206076.1	𝞵.2.1
JX027739.1	𝞵.2.1
ON993113.1	𝞵.2.1
MT224114.1	𝞵.2.1
MT855038.1	𝞵.2.1
FJ794025.1	𝞵.2.1
MT224110.1	𝞵.2.1
MH002250.1	𝞵.2.1
JF490174.1	𝞵.2.1
KY658037.1	𝞵.2.1
OR205831.1	𝞵.2.1
JQ069070.1	𝞵.2.1
AB091354.1	𝞵.2.1
KP752425.1	𝞵.2.1
MT854477.1	𝞵.2.1
KP752603.1	𝞵.2.1
JN258915.1	𝞵.2.1
MN066810.1	𝞵.2.1
OR192587.1	𝞵.2.1
KM026807.1	𝞵.2.1
LC174280.1	𝞵.2.1
FJ947405.1	𝞵.2.1
AB796464.1	𝞵.2.1
KX363244.1	𝞵.2.1
ON993206.1	𝞵.2.1
MN632848.1	𝞵.2.1
KC113254.1	𝞵.2.1
HM773864.1	𝞵.2.1
MH238190.1	𝞵.2.1
MT737745.1	𝞵.2.1
OQ440206.1	𝞵.2.1
FJ947471.1	𝞵.2.1
LC174318.1	𝞵.2.1
MN224025.1	𝞵.2.1
OM037934.1	𝞵.2.1
KC579645.1	𝞵.2.1
MF184855.1	𝞵.2.1
MT737749.1	𝞵.2.1
OR205778.1	𝞵.2.1
JN258356.1	𝞵.2.1
FJ947449.1	𝞵.2.1
JN258883.1	𝞵.2.1
AY841126.1	𝞵.2.1
JX027690.1	𝞵.2.1
LC028940.1	𝞵.2.1
KC686977.1	𝞵.2.1
JQ043319.1	𝞵.2.1
LC477674.1	𝞵.2.1
JQ715679.1	𝞵.2.1
KC686979.1	𝞵.2.1
MZ065717.1	𝞵.2.1
JF790344.1	𝞵.2.1
MN067009.1	𝞵.2.1
LC095931.1	𝞵.2.1
JQ069062.1	𝞵.2.1
KU714443.1	𝞵.2.1
LC374202.1	𝞵.2.1
KJ753329.1	𝞵.2.1
HQ392116.1	𝞵.2.1
LC477654.1	𝞵.2.1
DQ916134.1	𝞵.2.1
JF490130.1	𝞵.2.1
FJ947185.1	𝞵.2.1
ON109534.1	𝞵.2.1
JX027848.1	𝞵.2.1
JF490580.1	𝞵.2.1
OR205808.1	𝞵.2.1
ON791951.1	𝞵.2.1
JQ069064.1	𝞵.2.1
JF490911.1	𝞵.2.1
MN066742.1	𝞵.2.1
MT784868.1	𝞵.2.1
OR205791.1	𝞵.2.1
MW280886.1	𝞵.2.1
KM026821.1	𝞵.2.1
MZ095978.1	𝞵.2.1
JF490745.1	𝞵.2.1
AB008661.1	𝞵.2.1
OR205809.1	𝞵.2.1
FJ947229.1	𝞵.2.1
JN869287.1	𝞵.2.1
KJ753533.1	𝞵.2.1
MZ095912.1	𝞵.2.1
MH171466.1	𝞵.2.1
KJ751712.1	𝞵.2.1
FJ947174.1	𝞵.2.1
KJ753511.1	𝞵.2.1
MN632946.1	𝞵.2.1
KJ626692.1	𝞵.2.1
HQ392159.1	𝞵.2.1
OR205847.1	𝞵.2.1
HM773886.1	𝞵.2.1
KY634652.1	𝞵.2.1
MF621216.1	𝞵.2.1
KJ753478.1	𝞵.2.1
KU739926.1	𝞵.2.1
KY658034.1	𝞵.2.1
JF490328.1	𝞵.2.1
GU189559.1	𝞵.2.1
KJ412709.1	𝞵.2.1
KT695004.1	𝞵.2.1
KJ753070.1	𝞵.2.1
KF726043.1	𝞵.2.1
OM105046.1	𝞵.2.1
KC579530.1	𝞵.2.1
KX363016.1	𝞵.2.1
KP881921.1	𝞵.2.1
MN480184.1	𝞵.2.1
JN706685.1	𝞵.2.1
KJ753378.1	𝞵.2.1
KJ751745.1	𝞵.2.1
KM026815.1	𝞵.2.1
ON993171.1	𝞵.2.1
KM026831.1	𝞵.2.1
MG181369.1	𝞵.2.1
OR205846.1	𝞵.2.1
MF161736.1	𝞵.2.1
KJ559052.1	𝞵.2.1
MT737738.1	𝞵.2.1
JN258864.1	𝞵.2.1
MF168065.1	𝞵.2.1
LC190496.1	𝞵.2.1
KP882273.1	𝞵.2.1
MZ093719.1	𝞵.2.1
KC686976.1	𝞵.2.1
KF812852.1	𝞵.2.1
KJ752802.1	𝞵.2.1
ON993193.1	𝞵.2.1
KJ752911.1	𝞵.2.1
KC610699.1	𝞵.2.1
LC569508.1	𝞵.2.1
MH094759.1	𝞵.2.1
OR205821.1	𝞵.2.1
LC514546.1	𝞵.2.1
MZ066091.1	𝞵.2.1
KX778535.1	𝞵.2.1
HM773809.1	𝞵.2.1
LC364357.1	𝞵.2.1
EF672576.1	𝞵.2.1
KF726065.1	𝞵.2.1
MW842544.1	𝞵.2.1
MH510300.1	𝞵.2.1
MZ096617.1	𝞵.2.1
MZ095311.1	𝞵.2.1
LC569461.1	𝞵.2.1
MZ065794.1	𝞵.2.1
KJ753157.1	𝞵.2.1
KF371740.1	𝞵.2.1
LC095920.1	𝞵.2.1
MN224017.1	𝞵.2.1
MZ095496.1	𝞵.2.1
MK026445.1	𝞵.2.1
LC105098.1	𝞵.2.1
KF835969.1	𝞵.2.1
KJ753500.1	𝞵.2.1
MF168217.1	𝞵.2.1
ON152316.1	𝞵.2.1
JQ069099.1	𝞵.2.1
MW384406.1	𝞵.2.1
MF184776.1	𝞵.2.1
KJ482360.1	𝞵.2.1
OQ398210.1	𝞵.2.1
FJ947493.1	𝞵.2.1
KY658032.1	𝞵.2.1
KJ412552.1	𝞵.2.1
JQ069039.1	𝞵.2.1
EF590983.1	𝞵.2.1
JX027935.1	𝞵.2.1
MZ065838.1	𝞵.2.1
FJ947792.1	𝞵.2.1
KP753211.1	𝞵.2.1
KC117149.1	𝞵.2.1
ON993121.1	𝞵.2.1
KC769326.1	𝞵.2.1
KC579690.1	𝞵.2.1
KJ482377.1	𝞵.2.1
AB861955.1	𝞵.2.1
MG181270.1	𝞵.2.1
MH169436.1	𝞵.2.1
KP882559.1	𝞵.2.1
KF812846.1	𝞵.2.1
KC769348.1	𝞵.2.1
OP850437.1	𝞵.2.1
OP924565.1	𝞵.2.1
KT919039.1	𝞵.2.1
OM037835.1	𝞵.2.1
JQ069095.1	𝞵.2.1
MN480070.1	𝞵.2.1
KY658036.1	𝞵.2.1
MN480075.1	𝞵.2.1
MZ066146.1	𝞵.2.1
MZ095616.1	𝞵.2.1
LC477667.1	𝞵.2.1
LC056805.1	𝞵.2.1
JQ069093.1	𝞵.2.1
FJ947858.1	𝞵.2.1
KT695015.1	𝞵.2.1
ON993213.1	𝞵.2.1
KT918577.1	𝞵.2.1
JN626235.1	𝞵.2.1
KJ751970.1	𝞵.2.1
MN224019.1	𝞵.2.1
MN480168.1	𝞵.2.1
MH137270.1	𝞵.2.1
MT855456.1	𝞵.2.1
JF521482.1	𝞵.2.1
FJ947317.1	𝞵.2.1
LC095953.1	𝞵.2.1
MZ955416.1	𝞵.2.1
LC569491.1	𝞵.2.1
MF940688.1	𝞵.2.1
KF371795.1	𝞵.2.1
MT854455.1	𝞵.2.1
EU753974.1	𝞵.2.1
MT600926.1	𝞵.2.1
MZ094687.1	𝞵.2.1
MH171473.1	𝞵.2.1
MF168095.1	𝞵.2.1
MH238189.1	𝞵.2.1
MW384263.1	𝞵.2.1
OR205765.1	𝞵.2.1
ON989012.1	𝞵.2.1
MT600956.1	𝞵.2.1
MH697623.1	𝞵.2.1
MT854532.1	𝞵.2.1
KJ559191.1	𝞵.2.1
JN605458.1	𝞵.2.1
KC769370.1	𝞵.2.1
FJ947328.1	𝞵.2.1
MH171475.1	𝞵.2.1
MF161550.1	𝞵.2.1
MF161581.1	𝞵.2.1
KC020047.1	𝞵.2.1
LC477655.1	𝞵.2.1
JX027859.1	𝞵.2.1
KM026804.1	𝞵.2.1
KF812849.1	𝞵.2.1
JX027871.1	𝞵.2.1
KU363143.1	𝞵.2.1
JQ069048.1	𝞵.2.1
JN258344.1	𝞵.2.1
KP881987.1	𝞵.2.1
MT737766.1	𝞵.2.1
LC325481.1	𝞵.2.1
MG181358.1	𝞵.2.1
MF621212.1	𝞵.2.1
KX363291.1	𝞵.2.1
KX274610.1	𝞵.2.1
KJ482357.1	𝞵.2.1
LC581241.1	𝞵.2.1
ON565634.1	𝞵.2.1
GU329526.1	𝞵.2.1
OM982734.1	𝞵.2.1
KJ752468.1	𝞵.2.1
KP882053.1	𝞵.2.1
JN706682.1	𝞵.2.1
FJ206045.1	𝞵.2.1
KT695103.1	𝞵.2.1
MZ955412.1	𝞵.2.1
HM467916.1	𝞵.2.1
KJ919255.1	𝞵.2.1
LC372857.1	𝞵.2.1
MH238180.1	𝞵.2.1
KT920716.1	𝞵.2.1
KM026855.1	𝞵.2.1
JF490933.1	𝞵.2.1
KP753092.1	𝞵.2.1
MZ065750.1	𝞵.2.1
KJ870932.1	𝞵.2.1
EU839970.1	𝞵.2.1
KC580280.1	𝞵.2.1
OM038000.1	𝞵.2.1
MT600949.1	𝞵.2.1
KY658040.1	𝞵.2.1
JN258946.1	𝞵.2.1
KM820688.1	𝞵.2.1
ON993105.1	𝞵.2.1
OR205829.1	𝞵.2.1
KX362699.1	𝞵.2.1
MN224020.1	𝞵.2.1
KU048751.1	𝞵.2.1
JN258850.1	𝞵.2.1
MG181237.1	𝞵.2.1
KT920782.1	𝞵.2.1
JN635553.1	𝞵.2.1
KC139789.1	𝞵.2.1
MZ165420.1	𝞵.2.1
MZ066014.1	𝞵.2.1
KP752670.1	𝞵.2.1
KX362938.1	𝞵.2.1
MN206074.1	𝞵.2.1
KM660218.1	𝞵.2.1
LC174325.1	𝞵.2.1
LC372912.1	𝞵.2.1
KU363144.1	𝞵.2.1
KP882658.1	𝞵.2.1
LC569492.1	𝞵.2.1
LC439281.1	𝞵.2.1
MT600941.1	𝞵.2.1
KF371861.1	𝞵.2.1
MW384076.1	𝞵.2.1
MN480094.1	𝞵.2.1
FJ947383.1	𝞵.2.1
MT601004.1	𝞵.2.1
MT737748.1	𝞵.2.1
JX416226.1	𝞵.2.1
KC769458.1	𝞵.2.1
KM026847.1	𝞵.2.1
MF940745.1	𝞵.2.1
MN480089.1	𝞵.2.1
KJ919195.1	𝞵.2.1
KJ482355.1	𝞵.2.1
KM026825.1	𝞵.2.1
FJ947836.1	𝞵.2.1
KJ626817.1	𝞵.2.1
FJ947748.1	𝞵.2.1
KT920870.1	𝞵.2.1
MZ095364.1	𝞵.2.1
MN632804.1	𝞵.2.1
MZ407244.1	𝞵.2.1
JX027826.1	𝞵.2.1
KU739916.1	𝞵.2.1
OR205772.1	𝞵.2.1
KC579664.1	𝞵.2.1
KT921112.1	𝞵.2.1
MZ066058.1	𝞵.2.1
KM230946.1	𝞵.2.1
KJ919198.1	𝞵.2.1
MZ093939.1	𝞵.2.1
MT854774.1	𝞵.2.1
HM773677.1	𝞵.2.1
JF490361.1	𝞵.2.1
MT855401.1	𝞵.2.1
AB755600.1	𝞵.2.1
LC668466.1	𝞵.2.1
MN102375.1	𝞵.2.1
MK272858.1	𝞵.2.1
KJ752036.1	𝞵.2.1
JN129034.1	𝞵.2.1
MG926757.1	𝞵.2.1
LC372923.1	𝞵.2.1
KM660219.1	𝞵.2.1
OP950168.1	𝞵.2.1
MN417988.1	𝞵.2.1
FJ794034.1	𝞵.2.1
LC174276.1	𝞵.2.1
MT737741.1	𝞵.2.1
ON855279.1	𝞵.2.1
LC228402.1	𝞵.2.1
JF790290.1	𝞵.2.1
EF590987.1	𝞵.2.1
EF672604.1	𝞵.2.1
HQ392202.1	𝞵.2.1
MH238192.1	𝞵.2.1
KJ753661.1	𝞵.2.1
LC569497.1	𝞵.2.1
OM037967.1	𝞵.2.1
KP882163.1	𝞵.2.1
MH308731.1	𝞵.2.1
JX027673.1	𝞵.2.1
KT920881.1	𝞵.2.1
KY658041.1	𝞵.2.1
JX683661.1	𝞵.2.1
MG701206.1	𝞵.2.1
KC580551.1	𝞵.2.1
HQ392259.1	𝞵.2.1
KJ094912.1	𝞵.2.1
LC477663.1	𝞵.2.1
MT224115.1	𝞵.2.1
LC368128.1	𝞵.2.1
OR205820.1	𝞵.2.1
KF371947.1	𝞵.2.1
KY446463.1	𝞵.2.1
KJ583162.1	𝞵.2.1
EF672597.1	𝞵.2.1
JF491064.1	𝞵.2.1
MZ065849.1	𝞵.2.1
KF835971.1	𝞵.2.1
MH301243.1	𝞵.2.1
LC174170.1	𝞵.2.1
AB091356.1	𝞵.2.1
KJ751767.1	𝞵.2.1
JQ069105.1	𝞵.2.1
MT601002.1	𝞵.2.1
JX027882.1	𝞵.2.1
DQ204739.1	𝞵.2.1
KJ753683.1	𝞵.2.1
AB091357.1	𝞵.2.1
KU740018.1	𝞵.2.1
FJ947924.1	𝞵.2.1
KJ412641.1	𝞵.2.1
MF469113.1	𝞵.2.1
DQ189248.1	𝞵.2.1
OR205833.1	𝞵.2.1
JX682996.1	𝞵.2.1
LC569605.1	𝞵.2.1
KX655494.1	𝞵.2.1
KJ753146.1	𝞵.2.1
KJ454668.1	𝞵.2.1
KC686974.1	𝞵.2.1
DQ189245.1	𝞵.2.1
HQ392380.1	𝞵.2.1
HQ392335.1	𝞵.2.1
MF940633.1	𝞵.2.1
KT919094.1	𝞵.2.1
GU199486.1	𝞵.2.1
MH238182.1	𝞵.2.1
KT695136.1	𝞵.2.1
JN706684.1	𝞵.2.1
KM660208.1	𝞵.2.1
MT737769.1	𝞵.2.1
OR205848.1	𝞵.2.1
HQ392281.1	𝞵.2.1
KC579629.1	𝞵.2.1
JQ069104.1	𝞵.2.1
JN651796.1	𝞵.2.1
KF835970.1	𝞵.2.1
MZ096270.1	𝞵.2.1
KJ626626.1	𝞵.2.1
LC433795.1	𝞵.2.1
ON855277.1	𝞵.2.1
LC174158.1	𝞵.2.1
KJ753467.1	𝞵.2.1
MZ165432.1	𝞵.2.1
KJ752025.1	𝞵.2.1
KJ753280.1	𝞵.2.1
MT601005.1	𝞵.2.1
MK597981.1	𝞵.2.1
FJ206083.1	𝞵.2.1
KR018483.1	𝞵.2.1
MH171470.1	𝞵.2.1
KJ482359.1	𝞵.2.1
KC610710.1	𝞵.2.1
KJ753445.1	𝞵.2.1
KX363388.1	𝞵.2.1
JF490207.1	𝞵.2.1
HM348731.1	𝞵.2.1
OR205798.1	𝞵.2.1
HQ391994.1	𝞵.2.1
OR205844.1	𝞵.2.1
LC491526.1	𝞵.2.1
JN706673.1	𝞵.2.1
FJ998280.1	𝞵.2.1
LC174331.1	𝞵.2.1
MT854873.1	𝞵.2.1
MW384307.1	𝞵.2.1
EF672590.1	𝞵.2.1
LC469593.1	𝞵.2.1
KT695059.1	𝞵.2.1
KX778536.1	𝞵.2.1
FJ206050.1	𝞵.2.1
OQ440181.1	𝞵.2.1
KP882515.1	𝞵.2.1
AY770974.1	𝞵.2.1
MT025904.1	𝞵.2.1
ON109532.1	𝞵.2.1
OR205769.1	𝞵.2.1
KM026853.1	𝞵.2.1
MT224112.1	𝞵.2.1
LC569609.1	𝞵.2.1
KP883021.1	𝞵.2.1
LC569511.1	𝞵.2.1
KU740006.1	𝞵.2.1
MH238172.1	𝞵.2.1
MZ094643.1	𝞵.2.1
KF636211.1	𝞵.2.1
JQ069094.1	𝞵.2.1
KP752933.1	𝞵.2.1
MZ066223.1	𝞵.2.1
LC464109.1	𝞵.2.1
GU288652.1	𝞵.2.1
KT920628.1	𝞵.2.1
JX416210.1	𝞵.2.1
MN224009.1	𝞵.2.1
AB741659.1	𝞵.2.1
MZ094806.1	𝞵.2.1
KJ094916.1	𝞵.2.1
KJ919257.1	𝞵.2.1
MF167982.1	𝞵.2.1
LC491483.1	𝞵.2.1
MT854906.1	𝞵.2.1
KJ450852.1	𝞵.2.1
MN529661.1	𝞵.2.1
KJ559248.1	𝞵.2.1
MN480224.1	𝞵.2.1
ON993194.1	𝞵.2.1
KX362961.1	𝞵.2.1
OM982768.1	𝞵.2.1
MZ066135.1	𝞵.2.1
JN651870.1	𝞵.2.1
KP753005.1	𝞵.2.1
JN129041.1	𝞵.2.1
LC569503.1	𝞵.2.1
OP971574.1	𝞵.2.1
MT224109.1	𝞵.2.1
KX274625.1	𝞵.2.1
KX274599.1	𝞵.2.1
MZ095386.1	𝞵.2.1
JQ069082.1	𝞵.2.1
KC686980.1	𝞵.2.1
LC174338.1	𝞵.2.1
OR205827.1	𝞵.2.1
ON993182.1	𝞵.2.1
KT988261.1	𝞵.2.1
KJ751833.1	𝞵.2.1
KJ626870.1	𝞵.2.1
FJ947935.1	𝞵.2.1
MZ094467.1	𝞵.2.1
KJ626703.1	𝞵.2.1
U96698.1	𝞵.2.1
FJ747624.1	𝞵.2.1
MF469208.1	𝞵.2.1
KP882768.1	𝞵.2.1
JF766599.1	𝞵.2.1
KC769469.1	𝞵.2.1
MZ096749.1	𝞵.2.1
KM820692.1	𝞵.2.1
LC372901.1	𝞵.2.1
KC195755.1	𝞵.2.1
KT919127.1	𝞵.2.1
JQ069052.1	𝞵.2.1
KC769337.1	𝞵.2.1
MZ096011.1	𝞵.2.1
MH301240.1	𝞵.2.1
HQ392446.1	𝞵.2.1
KC579485.1	𝞵.2.1
KJ753345.1	𝞵.2.1
LC105202.1	𝞵.2.1
MZ955414.1	𝞵.2.1
ON676179.1	𝞵.2.1
KX265689.1	𝞵.2.1
NSP5	𝞵.2.1
LC491569.1	𝞵.2.1
DQ189253.1	𝞵.2.1
MT600961.1	𝞵.2.1
KJ559289.1	𝞵.2.1
KX632319.1	𝞵.2.1
KJ626581.1	𝞵.2.1
LC569463.1	𝞵.2.1
HQ609576.1	𝞵.2.1
KJ751899.1	𝞵.2.1
KP752865.1	𝞵.2.1
OR205858.1	𝞵.2.1
MT737744.1	𝞵.2.1
KU739911.1	𝞵.2.1
FJ152126.1	𝞵.2.1
KC579913.1	𝞵.2.1
MZ065915.1	𝞵.2.1
MF621219.1	𝞵.2.1
KC579780.1	𝞵.2.1
MZ066168.1	𝞵.2.1
JN651850.1	𝞵.2.1
KP753061.1	𝞵.2.1
MN480079.1	𝞵.2.1
JN258903.1	𝞵.2.1
KP883043.1	𝞵.2.1
MH169437.1	𝞵.2.1
KJ751556.1	𝞵.2.1
KF371784.1	𝞵.2.1
AB008664.1	𝞵.2.1
MZ165430.1	𝞵.2.1
OM038055.1	𝞵.2.1
JN258818.1	𝞵.2.1
KM026860.1	𝞵.2.1
KT694949.1	𝞵.2.1
KY446473.1	𝞵.2.1
LC105444.1	𝞵.2.1
ON960258.1	𝞵.2.1
KJ752237.1	𝞵.2.1
KY634813.1	𝞵.2.1
MT462092.1	𝞵.2.1
JN872348.1	𝞵.2.1
KJ870910.1	𝞵.2.1
JQ069080.1	𝞵.2.1
FJ947869.1	𝞵.2.1
KY497517.1	𝞵.2.1
HQ392235.1	𝞵.2.1
JN651807.1	𝞵.2.1
LC477678.1	𝞵.2.1
MW692164.1	𝞵.2.1
LC086768.1	𝞵.2.1
MT737740.1	𝞵.2.1
MN480227.1	𝞵.2.1
LC569483.1	𝞵.2.1
MT600974.1	𝞵.2.1
LC174329.1	𝞵.2.1
KC579891.1	𝞵.2.1
MT163200.1	𝞵.2.1
MZ065761.1	𝞵.2.1
MZ066212.1	𝞵.2.1
KJ753050.1	𝞵.2.1
MG181281.1	𝞵.2.1
JQ069100.1	𝞵.2.1
OR205805.1	𝞵.2.1
MT854686.1	𝞵.2.1
MW384197.1	𝞵.2.1
MF469265.1	𝞵.2.1
EF590982.1	𝞵.2.1
MK417795.1	𝞵.2.1
KJ454666.1	𝞵.2.1
ON791864.1	𝞵.2.1
KJ753637.1	𝞵.2.1
KJ626681.1	𝞵.2.1
EF590981.1	𝞵.2.1
MT737759.1	𝞵.2.1
KM026858.1	𝞵.2.1
KM026836.1	𝞵.2.1
JF490657.1	𝞵.2.1
EF590991.1	𝞵.2.1
MZ094698.1	𝞵.2.1
JQ069067.1	𝞵.2.1
JF490163.1	𝞵.2.1
MZ096782.1	𝞵.2.1
KY972009.1	𝞵.2.1
MF940743.1	𝞵.2.1
KP645321.1	𝞵.2.1
MN224016.1	𝞵.2.1
HQ392314.1	𝞵.2.1
MF580885.1	𝞵.2.1
KT988184.1	𝞵.2.1
MZ095047.1	𝞵.2.1
KM026797.1	𝞵.2.1
MN224006.1	𝞵.2.1
LC000543.1	𝞵.2.1
KU738587.1	𝞵.2.1
JF490878.1	𝞵.2.1
MH624172.1	𝞵.2.1
LC569467.1	𝞵.2.1
MZ096496.1	𝞵.2.1
KP882328.1	𝞵.2.1
ON993196.1	𝞵.2.1
KP752647.1	𝞵.2.1
JQ715676.1	𝞵.2.1
MF580884.1	𝞵.2.1
MG781051.1	𝞵.2.1
OP850439.1	𝞵.2.1
LC372890.1	𝞵.2.1
KX778528.1	𝞵.2.1
ON565631.1	𝞵.2.1
LC600830.1	𝞵.2.1
MT784863.1	𝞵.2.1
JN258803.1	𝞵.2.1
MG181457.1	𝞵.2.1
LC569481.1	𝞵.2.1
KF680477.1	𝞵.2.1
KJ753691.1	𝞵.2.1
KJ626637.1	𝞵.2.1
LC721871.1	𝞵.2.1
JX040435.1	𝞵.2.1
LC477650.1	𝞵.2.1
MH238194.1	𝞵.2.1
MT600963.1	𝞵.2.1
LC569519.1	𝞵.2.1
LC174197.1	𝞵.2.1
JQ069113.1	𝞵.2.1
MZ095605.1	𝞵.2.1
JQ069057.1	𝞵.2.1
KX274607.1	𝞵.2.1
GU288656.1	𝞵.2.1
KJ752443.1	𝞵.2.1
KY937202.1	𝞵.2.1
JQ069045.1	𝞵.2.1
ON109530.1	𝞵.2.1
KC443575.1	𝞵.2.1
MN480157.1	𝞵.2.1
KP752822.1	𝞵.2.1
MT854807.1	𝞵.2.1
KJ751734.1	𝞵.2.1
HQ392413.1	𝞵.2.1
OR205840.1	𝞵.2.1
KC149937.1	𝞵.2.1
JQ069076.1	𝞵.2.1
KJ559377.1	𝞵.2.1
KJ482372.1	𝞵.2.1
KC686969.1	𝞵.2.1
KJ626614.1	𝞵.2.1
HM773919.1	𝞵.2.1
MK250434.1	𝞵.2.1
MF168251.1	𝞵.2.1
LC374048.1	𝞵.2.1
KP752526.1	𝞵.2.1
KP882955.1	𝞵.2.1
KJ583140.1	𝞵.2.1
KF371904.1	𝞵.2.1
JF490515.1	𝞵.2.1
KJ919244.1	𝞵.2.1
MF161962.1	𝞵.2.1
KJ919201.1	𝞵.2.1
KY658049.1	𝞵.2.1
MN632902.1	𝞵.2.1
MT854664.1	𝞵.2.1
ON993160.1	𝞵.2.1
HM773842.1	𝞵.2.1
KJ412519.1	𝞵.2.1
MN632782.1	𝞵.2.1
MZ093667.1	𝞵.2.1
MT025905.1	𝞵.2.1
DQ189252.1	𝞵.2.1
KU738585.1	𝞵.2.1
MG181347.1	𝞵.2.1
OR205790.1	𝞵.2.1
HQ392402.1	𝞵.2.1
KC686967.1	𝞵.2.1
JN258366.1	𝞵.2.1
MG181314.1	𝞵.2.1
KJ919210.1	𝞵.2.1
KP882647.1	𝞵.2.1
MN480165.1	𝞵.2.1
MF168059.1	𝞵.2.1
JN258825.1	𝞵.2.1
HQ609577.1	𝞵.2.1
MN480093.1	𝞵.2.1
OL989016.1	𝞵.2.1
KM026816.1	𝞵.2.1
LC569515.1	𝞵.2.1
KC580490.1	𝞵.2.1
KF371687.1	𝞵.2.1
KT918885.1	𝞵.2.1
KP882801.1	𝞵.2.1
LC372868.1	𝞵.2.1
MH301249.1	𝞵.2.1
MT737752.1	𝞵.2.1
MZ095320.1	𝞵.2.1
JF796722.1	𝞵.2.1
KX363377.1	𝞵.2.1
KU739946.1	𝞵.2.1
KJ501691.1	𝞵.2.1
DQ189243.1	𝞵.2.1
OR205782.1	𝞵.2.1
KT695026.1	𝞵.2.1
OM362103.1	𝞵.2.1
KC579585.1	𝞵.2.1
OP886872.1	𝞵.2.1
LC095909.1	𝞵.2.1
KP752515.1	𝞵.2.1
KX632297.1	𝞵.2.1
JF491041.1	𝞵.2.1
LC174312.1	𝞵.2.1
MZ097145.1	𝞵.2.1
KT694982.1	𝞵.2.1
OR205804.1	𝞵.2.1
LC174300.1	𝞵.2.1
KX362633.1	𝞵.2.1
JX027915.1	𝞵.2.1
KT918412.1	𝞵.2.1
KF371925.1	𝞵.2.1
MT600958.1	𝞵.2.1
FJ794027.1	𝞵.2.1
KJ412585.1	𝞵.2.1
MZ094610.1	𝞵.2.1
KP882218.1	𝞵.2.1
KX632308.1	𝞵.2.1
KC579552.1	𝞵.2.1
MN480153.1	𝞵.2.1
MZ097112.1	𝞵.2.1
MZ094434.1	𝞵.2.1
ON993174.1	𝞵.2.1
KM820689.1	𝞵.2.1
JF490284.1	𝞵.2.1
U54772.1	𝞵.2.1
FJ947372.1	𝞵.2.1
KJ412608.1	𝞵.2.1
KC020046.1	𝞵.2.1
KM026814.1	𝞵.2.1
KJ752824.1	𝞵.2.1
KP752614.1	𝞵.2.1
HG513055.1	𝞵.2.1
LC485141.1	𝞵.2.1
MN480084.1	𝞵.2.1
KU048754.1	𝞵.2.1
KP752766.1	𝞵.2.1
MK953601.1	𝞵.2.1
ON993137.1	𝞵.2.1
AB091355.1	𝞵.2.1
KM026800.1	𝞵.2.1
KU738586.1	𝞵.2.1
MF161541.1	𝞵.2.1
U54773.1	𝞵.2.1
MN746038.1	𝞵.2.1
KJ752946.1	𝞵.2.1
MZ094489.1	𝞵.2.1
MN480099.1	𝞵.2.1
HQ392104.1	𝞵.2.1
MT854356.1	𝞵.2.1
MZ027433.1	𝞵.2.1
KX363325.1	𝞵.2.1
MT854345.1	𝞵.2.1
FJ947891.1	𝞵.2.1
JF490339.1	𝞵.2.1
FJ206086.1	𝞵.2.1
KP882020.1	𝞵.2.1
GU947709.1	𝞵.2.1
LC600819.1	𝞵.2.1
OP850440.1	𝞵.2.1
KJ094915.1	𝞵.2.1
KJ752628.1	𝞵.2.1
MT737737.1	𝞵.2.1
JF490602.1	𝞵.2.1
KM026859.1	𝞵.2.1
LC309019.1	𝞵.2.1
KJ753422.1	𝞵.2.1
MN577189.1	𝞵.2.1
OR205836.1	𝞵.2.1
MZ407255.1	𝞵.2.1
AB938304.1	𝞵.2.1
AB035708.1	𝞵.2.1
KJ559039.1	𝞵.2.1
KM660212.1	𝞵.2.1
ON109527.1	𝞵.2.1
HQ392292.1	𝞵.2.1
MG181435.1	𝞵.2.1
KP882009.1	𝞵.2.1
KJ559190.1	𝞵.2.1
MF161608.1	𝞵.2.1
MT854499.1	𝞵.2.1
JN706675.1	𝞵.2.1
JF796733.1	𝞵.2.1
JX683660.1	𝞵.2.1
OR205837.1	𝞵.2.1
MT854411.1	𝞵.2.1
KF371676.1	𝞵.2.1
KY446455.1	𝞵.2.1
KP882262.1	𝞵.2.1
OR205817.1	𝞵.2.1
KT918709.1	𝞵.2.1
KM026856.1	𝞵.2.1
KJ753192.1	𝞵.2.1
KU739956.1	𝞵.2.1
KP752944.1	𝞵.2.1
OQ440169.1	𝞵.2.1
JF490383.1	𝞵.2.1
MW842548.1	𝞵.2.1
OR205826.1	𝞵.2.1
KX363431.1	𝞵.2.1
HQ392015.1	𝞵.2.1
MG181402.1	𝞵.2.1
MN480125.1	𝞵.2.1
JN129030.1	𝞵.2.1
KP882570.1	𝞵.2.1
KC580307.1	𝞵.2.1
MT737772.1	𝞵.2.1
AB045217.1	𝞵.2.1
KF835973.1	𝞵.2.1
JF490460.1	𝞵.2.1
MK272860.1	𝞵.2.1
EF672625.1	𝞵.2.1
LC569513.1	𝞵.2.1
KJ820879.1	𝞵.2.1
KC579508.1	𝞵.2.1
MN556676.1	𝞵.2.1
HQ392092.1	𝞵.2.1
KF680476.1	𝞵.2.1
KU248438.1	𝞵.2.1
KX778622.1	𝞵.2.1
LC061637.1	𝞵.2.1
HQ392424.1	𝞵.2.1
OM038011.1	𝞵.2.1
MN067079.1	𝞵.2.1
OM037879.1	𝞵.2.1
LC569462.1	𝞵.2.1
OR205841.1	𝞵.2.1
MH700492.1	𝞵.2.1
JN635531.1	𝞵.2.1
KJ753225.1	𝞵.2.1
MW842540.1	𝞵.2.1
LC061636.1	𝞵.2.1
ON993144.1	𝞵.2.1
KM660213.1	𝞵.2.1
KY497507.1	𝞵.2.1
MT876639.1	𝞵.2.1
KY497528.1	𝞵.2.1
KM026801.1	𝞵.2.1
HQ392081.1	𝞵.2.1
HQ702217.1	𝞵.2.1
FJ794038.1	𝞵.2.1
JX027893.1	𝞵.2.1
MZ096595.1	𝞵.2.1
KJ454673.1	𝞵.2.1
MH238171.1	𝞵.2.1
KC610688.1	𝞵.2.1
OR205764.1	𝞵.2.1
KF371773.1	𝞵.2.1
FJ947438.1	𝞵.2.1
MG181941.1	𝞵.2.1
MN480108.1	𝞵.2.1
JN651828.1	𝞵.2.1
JQ069043.1	𝞵.2.1
KX363314.1	𝞵.2.1
FJ947526.1	𝞵.2.1
JX027704.1	𝞵.2.1
OP718294.1	𝞵.2.1
KY055426.1	𝞵.2.1
FJ794022.1	𝞵.2.1
OP255988.1	𝞵.2.1
JQ069115.1	𝞵.2.1
MZ094817.1	𝞵.2.1
OQ544600.1	𝞵.2.1
LC095898.1	𝞵.2.1
ON855268.1	𝞵.2.1
KF371806.1	𝞵.2.1
MG181424.1	𝞵.2.1
KJ454671.1	𝞵.2.1
KJ482353.1	𝞵.2.1
KJ751690.1	𝞵.2.1
MT854653.1	𝞵.2.1
OR205834.1	𝞵.2.1
MZ093867.1	𝞵.2.1
OQ815906.1	𝞵.2.1
KM026824.1	𝞵.2.1
JN129028.1	𝞵.2.1
KC193622.1	𝞵.2.1
KX362907.1	𝞵.2.1
KF371991.1	𝞵.2.1
ON565629.1	𝞵.2.1
OQ555619.1	𝞵.2.1
MZ065739.1	𝞵.2.1
OR205838.1	𝞵.2.1
MN632683.1	𝞵.2.1
FJ947482.1	𝞵.2.1
HQ392215.1	𝞵.2.1
EF672618.1	𝞵.2.1
LC174332.1	𝞵.2.1
MK936395.1	𝞵.2.1
KM026849.1	𝞵.2.1
JN651883.1	𝞵.2.1
EF590990.1	𝞵.2.1
JQ069084.1	𝞵.2.1
KP753048.1	𝞵.2.1
KC117150.1	𝞵.2.1
MT854851.1	𝞵.2.1
KY972120.1	𝞵.2.1
KJ753140.1	𝞵.2.1
FJ794021.1	𝞵.2.1
OP903157.1	𝞵.2.1
KX778526.1	𝞵.2.1
HQ392455.1	𝞵.2.1
OR205822.1	𝞵.2.1
JF796711.1	𝞵.2.1
LC569499.1	𝞵.2.1
HQ392358.1	𝞵.2.1
KM026851.1	𝞵.2.1
JX683653.1	𝞵.2.1
HM773820.1	𝞵.2.1
HQ392038.1	𝞵.2.1
KJ752857.1	𝞵.2.1
KT695070.1	𝞵.2.1
JX195084.1	𝞵.2.1
JX629049.1	𝞵.2.1
MT737770.1	𝞵.2.1
MN480161.1	𝞵.2.1
KC769480.1	𝞵.2.1
HM773765.1	𝞵.2.1
KJ627126.1	𝞵.2.1
KU292562.1	𝞵.2.1
OM037901.1	𝞵.2.1
JN706677.1	𝞵.2.1
EF590986.1	𝞵.2.1
MZ065607.1	𝞵.2.1
KJ482368.1	𝞵.2.1
LC367299.1	𝞵.2.1
KX363060.1	𝞵.2.1
KC686975.1	𝞵.2.1
MN066912.1	𝞵.2.1
KP752537.1	𝞵.2.1
KJ584857.1	𝞵.2.1
MZ407431.1	𝞵.2.1
ON993190.1	𝞵.2.1
HQ392369.1	𝞵.2.1
KT988217.1	𝞵.2.1
MH510305.1	𝞵.2.1
MZ096165.1	𝞵.2.1
LC438935.1	𝞵.2.1
HQ657148.1	𝞵.2.1
OQ555630.1	𝞵.2.1
MN480154.1	𝞵.2.1
ON855281.1	𝞵.2.1
JN706664.1	𝞵.2.1
MT300311.1	𝞵.2.1
KM026837.1	𝞵.2.1
KR052724.1	𝞵.2.1
ON993106.1	𝞵.2.1
MT025926.1	𝞵.2.1
JQ069071.1	𝞵.2.1
LC389884.1	𝞵.2.1
MN632738.1	𝞵.2.1
JN651839.1	𝞵.2.1
KX363071.1	𝞵.2.1
MN480100.1	𝞵.2.1
MN480114.1	𝞵.2.1
MZ095835.1	𝞵.2.1
MT601019.1	𝞵.2.1
MZ096815.1	𝞵.2.1
MH171468.1	𝞵.2.1
MF940747.1	𝞵.2.1
MN746104.1	𝞵.2.1
KJ627088.1	𝞵.2.1
HM773787.1	𝞵.2.1
LC019051.1	𝞵.2.1
KC580056.1	𝞵.2.1
KT919920.1	𝞵.2.1
KP752922.1	𝞵.2.1
KM026826.1	𝞵.2.1
AY803730.1	𝞵.2.1
MZ095353.1	𝞵.2.1
JQ069046.1	𝞵.2.1
JF490900.1	𝞵.2.1
KJ626659.1	𝞵.2.1
OR205819.1	𝞵.2.1
KM026808.1	𝞵.2.1
MN224022.1	𝞵.2.1
KY972011.1	𝞵.2.1
MT737751.1	𝞵.2.1
MW384373.1	𝞵.2.1
LC426762.1	𝞵.2.1
MN577190.1	𝞵.2.1
OR205807.1	𝞵.2.1
MN632694.1	𝞵.2.1
JQ069050.1	𝞵.2.1
HQ392435.1	𝞵.2.1
KU048766.1	𝞵.2.1
GU199491.1	𝞵.2.1
KX362765.1	𝞵.2.1
JX509934.1	𝞵.2.1
KJ626843.1	𝞵.2.1
KJ559161.1	𝞵.2.1
MF161851.1	𝞵.2.1
KF835972.1	𝞵.2.1
KU292551.1	𝞵.2.1
KF835974.1	𝞵.2.1
KM026854.1	𝞵.2.1
JF521471.1	𝞵.2.1
HM348729.1	𝞵.2.1
MT600986.1	𝞵.2.1
MZ094992.1	𝞵.2.1
OR205845.1	𝞵.2.1
FJ947427.1	𝞵.2.1
JQ069098.1	𝞵.2.1
JF796700.1	𝞵.2.1
MZ095583.1	𝞵.2.1
KY658035.1	𝞵.2.1
LC569901.1	𝞵.2.1
KY634582.1	𝞵.2.1
OR205776.1	𝞵.2.1
ON993184.1	𝞵.2.1
KU739966.1	𝞵.2.1
KR052745.1	𝞵.2.1
MG781062.1	𝞵.2.1
MF940744.1	𝞵.2.1
JF490108.1	𝞵.2.1
MF580887.1	𝞵.2.1
KY658033.1	𝞵.2.1
KF835976.1	𝞵.2.1
MF580882.1	𝞵.2.1
JX185768.1	𝞵.2.1
KT920617.1	𝞵.2.1
KP752681.1	𝞵.2.1
JX027903.1	𝞵.2.1
KJ752595.1	𝞵.2.1
KT919083.1	𝞵.2.1
LC581243.1	𝞵.2.1
MZ094959.1	𝞵.2.1
JF490559.1	𝞵.2.1
KC686971.1	𝞵.2.1
KP882878.1	𝞵.2.1
LC174314.1	𝞵.2.1
AY769695.1	𝞵.2.1
MZ066025.1	𝞵.2.1
KM820694.1	𝞵.2.1
FJ947207.1	𝞵.2.1
DQ189247.1	𝞵.2.1
HQ609578.1	𝞵.2.1
KF035106.1	𝞵.2.1
KP882141.1	𝞵.2.1
MF462320.1	𝞵.2.1
MK167203.1	𝞵.2.1
KF636266.1	𝞵.2.1
OM982711.1	𝞵.2.1
KC195768.1	𝞵.2.1
MH238185.1	𝞵.2.1
KJ559225.1	𝞵.2.1
X76779.1	𝞵.2.1
JF490921.1	𝞵.2.1
KJ752957.1	𝞵.2.1
MF161580.1	𝞵.2.1
FJ947394.1	𝞵.2.1
KJ626761.1	𝞵.2.1
AB008663.1	𝞵.2.1
KP881954.1	𝞵.2.1
OM037978.1	𝞵.2.1
ON993146.1	𝞵.2.1
OQ398209.1	𝞵.2.1
MN632815.1	𝞵.2.1
OK872259.1	𝞵.2.1
KT223436.1	𝞵.2.1
KT919502.1	𝞵.2.1
MH697656.1	𝞵.2.1
KJ412630.1	𝞵.2.1
MT854400.1	𝞵.2.1
FJ794035.1	𝞵.2.1
HM773798.1	𝞵.2.1
KJ626806.1	𝞵.2.1
FJ794029.1	𝞵.2.1
MT854939.1	𝞵.2.1
MN067057.1	𝞵.2.1
FJ747635.1	𝞵.2.1
KM026819.1	𝞵.2.1
JF491120.1	𝞵.2.1
KJ919220.1	𝞵.2.1
EF990713.1	𝞵.2.1
KJ753029.1	𝞵.2.1
KP753155.1	𝞵.2.1
HQ392192.1	𝞵.2.1
MT854884.1	𝞵.2.1
FJ206052.1	𝞵.2.1
DQ189254.1	𝞵.2.1
MF469255.1	𝞵.2.1
AB091726.1	𝞵.2.1
MF161618.1	𝞵.2.1
HM773732.1	𝞵.2.1
OM037989.1	𝞵.2.1
LC433784.1	𝞵.2.1
KF812850.1	𝞵.2.1
KR018487.1	𝞵.2.1
AY033396.1	𝞵.2.1
KM026810.1	𝞵.2.1
FJ794032.1	𝞵.2.1
MN224001.1	𝞵.2.1
LC105455.1	𝞵.2.1
FJ794030.1	𝞵.2.1
MH169439.1	𝞵.2.1
MH238183.1	𝞵.2.1
KJ626558.1	𝞵.2.1
MT600950.1	𝞵.2.1
MF168210.1	𝞵.2.1
MG181413.1	𝞵.2.1
OQ984892.1	𝞵.2.1
JQ069117.1	𝞵.2.1
MZ065728.1	𝞵.2.1
MK936396.1	𝞵.2.1
KX363366.1	𝞵.2.1
DQ189251.1	𝞵.2.1
MT854642.1	𝞵.2.1
JF490496.1	𝞵.2.1
MT854444.1	𝞵.2.1
KC579734.1	𝞵.2.1
KJ753758.1	𝞵.2.1
AB796465.1	𝞵.2.1
JQ043323.1	𝞵.2.1
JQ309144.1	𝞵.2.1
JQ069121.1	𝞵.2.1
MH238175.1	𝞵.2.1
MZ096176.1	𝞵.2.1
KC579474.1	𝞵.2.1
ON960247.1	𝞵.2.1
KP881910.1	𝞵.2.1
MZ065662.1	𝞵.2.1
JN129040.1	𝞵.2.1
ON993181.1	𝞵.2.1
JN605436.1	𝞵.2.1
JF490669.1	𝞵.2.1
LC374103.1	𝞵.2.1
MF580883.1	𝞵.2.1
OR205832.1	𝞵.2.1
LC174337.1	𝞵.2.1
OM037956.1	𝞵.2.1
MG407655.1	𝞵.2.1
JF490966.1	𝞵.2.1
MT271035.1	𝞵.2.1
KJ752003.1	𝞵.2.1
KX363168.1	𝞵.2.1
MG701203.1	𝞵.2.1
KJ753291.1	𝞵.2.1
JQ993328.1	𝞵.2.1
KY497550.1	𝞵.2.1
ON792146.1	𝞵.2.1
LC174309.1	𝞵.2.1
LC105346.1	𝞵.2.1
AB091353.1	𝞵.2.1
MF469145.1	𝞵.2.1
OR205783.1	𝞵.2.1
FJ794028.1	𝞵.2.1
LC569464.1	𝞵.2.1
MH910084.1	𝞵.2.1
KJ559300.1	𝞵.2.1
GU288653.1	𝞵.2.1
JN706680.1	𝞵.2.1
JQ043315.1	𝞵.2.1
JF490437.1	𝞵.2.1
MN632957.1	𝞵.2.1
MZ093802.1	𝞵.2.1
OR205861.1	𝞵.2.1
KJ627111.1	𝞵.2.1
MK953558.1	𝞵.2.1
OR127192.1	𝞵.2.1
MT855071.1	𝞵.2.1
MN632859.1	𝞵.2.1
MF184846.1	𝞵.2.1
MN224012.1	𝞵.2.1
KX778531.1	𝞵.2.1
MT601017.1	𝞵.2.1
MK410293.1	𝞵.2.1
JQ043320.1	𝞵.2.1
LC722504.1	𝞵.2.1
KX363005.1	𝞵.2.1
OQ440221.1	𝞵.2.1
MZ094478.1	𝞵.2.1
KJ751590.1	𝞵.2.1
MH171478.1	𝞵.2.1
MN632826.1	𝞵.2.1
KJ919226.1	𝞵.2.1
MZ094742.1	𝞵.2.1
MT600925.1	𝞵.2.1
JF490261.1	𝞵.2.1
JN258926.1	𝞵.2.1
MH169433.1	𝞵.2.1
MN417987.1	𝞵.2.1
KF907275.1	𝞵.2.1
KT694993.1	𝞵.2.1
HM773831.1	𝞵.2.1
MG571805.1	𝞵.2.1
GU199513.1	𝞵.2.1
MG701200.1	𝞵.2.1
LC056838.1	𝞵.2.1
HQ392137.1	𝞵.2.1
MH169434.1	𝞵.2.1
KP883010.1	𝞵.2.1
KC412042.1	𝞵.2.1
OR205774.1	𝞵.2.1
MW384329.1	𝞵.2.1
KF907271.1	𝞵.2.1
KJ454672.1	𝞵.2.1
KJ752835.1	𝞵.2.1
KF371707.1	𝞵.2.1
KC412041.1	𝞵.2.1
MT854741.1	𝞵.2.1
MZ095245.1	𝞵.2.1
DQ146670.1	𝞵.2.1
OR205802.1	𝞵.2.1
LC367277.1	𝞵.2.1
HM773666.1	𝞵.2.1
MZ094904.1	𝞵.2.1
LC368095.1	𝞵.2.1
KU739936.1	𝞵.2.1
JN706681.1	𝞵.2.1
LC477671.1	𝞵.2.1
KF371980.1	𝞵.2.1
ON993214.1	𝞵.2.1
KJ752294.1	𝞵.2.1
MW280888.1	𝞵.2.1
FJ947416.1	𝞵.2.1
KC580279.1	𝞵.2.1
MN106187.1	𝞵.2.1
MH169435.1	𝞵.2.1
FJ947240.1	𝞵.2.1
KM026840.1	𝞵.2.1
MT854983.1	𝞵.2.1
MZ093686.1	𝞵.2.1
OM038088.1	𝞵.2.1
KY053153.1	𝞵.2.1
MZ094839.1	𝞵.2.1
MK953585.1	𝞵.2.1
KP752789.1	𝞵.2.1
MN480081.1	𝞵.2.1
KC442913.1	𝞵.2.1
FJ794039.1	𝞵.2.1
MT600936.1	𝞵.2.1
MK953567.1	𝞵.2.1
MK936394.1	𝞵.2.1
KF371850.1	𝞵.2.1
KJ753018.1	𝞵.2.1
MT737743.1	𝞵.2.1
MZ093857.1	𝞵.2.1
JQ069041.1	𝞵.2.1
MK936392.1	𝞵.2.1
ON792167.1	𝞵.2.1
OM037846.1	𝞵.2.1
LC468223.1	𝞵.2.1
JF490185.1	𝞵.2.1
KJ626512.1	𝞵.2.1
KR052734.1	𝞵.2.1
KU048768.1	𝞵.2.1
ON109531.1	𝞵.2.1
JQ069116.1	𝞵.2.1
MZ065585.1	𝞵.2.1
MN480083.1	𝞵.2.1
JF490999.1	𝞵.2.1
JQ069065.1	𝞵.2.1
MK302422.1	𝞵.2.1
KF812847.1	𝞵.2.1
KM026817.1	𝞵.2.1
MG926702.1	𝞵.2.1
LC374136.1	𝞵.2.1
KX362862.1	𝞵.2.1
KJ751822.1	𝞵.2.1
KJ559136.1	𝞵.2.1
JQ069061.1	𝞵.2.1
OQ541836.1	𝞵.2.1
LC367288.1	𝞵.2.1
LC105280.1	𝞵.2.1
MG891970.1	𝞵.2.1
MZ407277.1	𝞵.2.1
OR205766.1	𝞵.2.1
KX363409.1	𝞵.2.1
KC117147.1	𝞵.2.1
LC374081.1	𝞵.2.1
MF167975.1	𝞵.2.1
JQ069111.1	𝞵.2.1
OR205828.1	𝞵.2.1
MT737762.1	𝞵.2.1
OR187582.1	𝞵.2.1
KY497496.1	𝞵.2.1
JN258869.1	𝞵.2.1
KU740026.1	𝞵.2.1
KP881899.1	𝞵.2.1
LC174249.1	𝞵.2.1
KF372002.1	𝞵.2.1
KC580345.1	𝞵.2.1
HQ392182.1	𝞵.2.1
LC491516.1	𝞵.2.1
JF790333.1	𝞵.2.1
KF636145.1	𝞵.2.1
MN224027.1	𝞵.2.1
KC193611.2	𝞵.2.1
KM820691.1	𝞵.2.1
KJ753673.1	𝞵.2.1
OR205788.1	𝞵.2.1
KP752636.1	𝞵.2.1
KJ919219.1	𝞵.2.1
MW842539.1	𝞵.2.1
MZ066102.1	𝞵.2.1
HQ392126.1	𝞵.2.1
JF490547.1	𝞵.2.1
MN632979.1	𝞵.2.1
MT854554.1	𝞵.2.1
KC117152.1	𝞵.2.1
ON855257.1	𝞵.2.1
MZ065596.1	𝞵.2.1
KU048765.1	𝞵.2.1
KX274611.1	𝞵.2.1
MN066753.1	𝞵.2.1
MZ094456.1	𝞵.2.1
OM037912.1	𝞵.2.1
KM026850.1	𝞵.2.1
KM026820.1	𝞵.2.1
AB861966.1	𝞵.2.1
FJ947218.1	𝞵.2.1
HQ392324.1	𝞵.2.1
JN088432.1	𝞵.2.1
JF490295.1	𝞵.2.1
KJ482366.1	𝞵.2.1
KF447849.1	𝞵.2.1
LC174253.1	𝞵.2.1
KJ820890.1	𝞵.2.1
MT600992.1	𝞵.2.1
FJ947251.1	𝞵.2.1
OR205830.1	𝞵.2.1
JF491053.1	𝞵.2.1
MW842536.1	𝞵.2.1
JF490394.1	𝞵.2.1
OR205775.1	𝞵.2.1
MZ096358.1	𝞵.2.1
MN480078.1	𝞵.2.1
KC686978.1	𝞵.2.1
KF726076.1	𝞵.2.1
KP882779.1	𝞵.2.1
OM037857.1	𝞵.2.1
HQ392005.1	𝞵.2.1
KJ626670.1	𝞵.2.1
KT695081.1	𝞵.2.1
KU048767.1	𝞵.2.1
MN480162.1	𝞵.2.1
KT988173.1	𝞵.2.1
HQ392175.1	𝞵.2.1
MG781041.1	𝞵.2.1
GQ149100.1	𝞵.2.1
LC095887.1	𝞵.2.1
KP753016.1	𝞵.2.1
KJ753081.1	𝞵.2.1
OQ984893.1	𝞵.2.1
HM467917.1	𝞵.2.1
JQ069083.1	𝞵.2.1
KJ454665.1	𝞵.2.1
MN480116.1	𝞵.2.1
OR205825.1	𝞵.2.1
KJ752935.1	𝞵.2.1
KC117148.1	𝞵.2.1
KC140597.1	𝞵.2.1
FJ206093.1	𝞵.2.1
DQ492679.1	𝞵.2.1
KX362918.1	𝞵.2.1
FJ947196.1	𝞵.2.1
KY497485.1	𝞵.2.1
FJ947339.1	𝞵.2.1
JN651763.1	𝞵.2.1
MT601008.1	𝞵.2.1
LC228391.1	𝞵.2.1
OR205789.1	𝞵.2.1
KT695048.1	𝞵.2.1
KM026823.1	𝞵.2.1
MT737739.1	𝞵.2.1
AB938309.1	𝞵.2.1
MK167200.1	𝞵.2.1
MT855148.1	𝞵.2.1
KC769447.1	𝞵.2.1
LC208018.1	𝞵.2.1
FJ947803.1	𝞵.2.1
KP645277.1	𝞵.2.1
JQ988898.1	𝞵.2.1
KX632275.1	𝞵.2.1
JN258784.1	𝞵.2.1
JF490977.1	𝞵.2.1
KM820690.1	𝞵.2.1
JN258796.1	𝞵.2.1
KJ627046.1	𝞵.2.1
MN224023.1	𝞵.2.1
KT920661.1	𝞵.2.1
MT855027.1	𝞵.2.1
OM037923.1	𝞵.2.1
JX195095.1	𝞵.2.1
MN224018.1	𝞵.2.1
LC056816.1	𝞵.2.1
KF812853.1	𝞵.2.1
KX363093.1	𝞵.2.1
MH238191.1	𝞵.2.1
KJ559028.1	𝞵.2.1
FJ794026.1	𝞵.2.1
KJ752482.1	𝞵.2.1
KY077650.1	𝞵.2.1
KM026846.1	𝞵.2.1
JQ069038.1	𝞵.2.1
JN651861.1	𝞵.2.1
ON993150.1	𝞵.2.1
GU288654.1	𝞵.2.1
MZ096249.1	𝞵.2.1
JF490404.1	𝞵.2.1
KP753107.1	𝞵.2.1
GU947706.1	𝞵.2.1
OM037945.1	𝞵.2.1
JX683656.1	𝞵.2.1
KX362820.1	𝞵.2.1
JF490449.1	𝞵.2.1
OM982808.1	𝞵.2.1
ON109526.1	𝞵.2.1
MT854433.1	𝞵.2.1
HM773897.1	𝞵.2.1
JX027783.1	𝞵.2.1
KC769425.1	𝞵.2.1
MT737761.1	𝞵.2.1
KX362611.1	𝞵.2.1
OM037868.1	𝞵.2.1
MT600955.1	𝞵.2.1
MH238179.1	𝞵.2.1
MN480142.1	𝞵.2.1
JN258388.1	𝞵.2.1
OR205794.1	𝞵.2.1
LC372846.1	𝞵.2.1
LC095942.1	𝞵.2.1
FJ947306.1	𝞵.2.1
MF580886.1	𝞵.2.1
KP752625.1	𝞵.2.1
OR205763.1	𝞵.2.1
JF490218.1	𝞵.2.1
MN633034.1	𝞵.2.1
KT988239.1	𝞵.2.1
OM038022.1	𝞵.2.1
FJ947515.1	𝞵.2.1
AB008662.1	𝞵.2.1
OM982788.1	𝞵.2.1
KM026827.1	𝞵.2.1
MK953576.1	𝞵.2.1
HQ025985.1	𝞵.2.1
OR205863.1	𝞵.2.1
KY658042.1	𝞵.2.1
OR205839.1	𝞵.2.1
KJ412563.1	𝞵.2.1
MZ096573.1	𝞵.2.1
MZ095934.1	𝞵.2.1
JQ715678.1	𝞵.2.1
MZ065629.1	𝞵.2.1
MN480225.1	𝞵.2.1
KC579563.1	𝞵.2.1
KY972059.1	𝞵.2.1
KC580119.1	𝞵.2.1
LC668554.1	𝞵.2.1
OR205796.1	𝞵.2.1
ON993120.1	𝞵.2.1
MK597970.1	𝞵.2.1
JF490735.1	𝞵.2.1
ON993170.1	𝞵.2.1
JQ043318.1	𝞵.2.1
FJ152115.1	𝞵.2.1
LC174330.1	𝞵.2.1
KP882757.1	𝞵.2.1
MG181545.1	𝞵.2.1
MN224029.1	𝞵.2.1
KM026805.1	𝞵.2.1
LC174317.1	𝞵.2.1
KP645288.1	𝞵.2.1
MH898997.1	𝞵.2.1
KC579497.1	𝞵.2.1
HQ392026.1	𝞵.2.1
MN480085.1	𝞵.2.1
KJ752923.1	𝞵.2.1
MZ095124.1	𝞵.2.1
KJ559148.1	𝞵.2.1
MZ095769.1	𝞵.2.1
MZ095397.1	𝞵.2.1
KJ752072.1	𝞵.2.1
KC579839.1	𝞵.2.1
JQ069088.1	𝞵.2.1
ON993103.1	𝞵.2.1
DQ189249.1	𝞵.2.1
KC580004.1	𝞵.2.1
OQ743756.1	𝞵.2.1
KX778533.1	𝞵.2.1
ON109533.1	𝞵.2.1
MH910073.1	𝞵.2.1
LC174259.1	𝞵.2.1
OQ440195.1	𝞵.2.1
ON855266.1	𝞵.2.1
MN224004.1	𝞵.2.1
MT855324.1	𝞵.2.1
KJ753547.1	𝞵.2.1
KT920892.1	𝞵.2.1
KX632253.1	𝞵.2.1
JQ087455.1	𝞵.2.1
OR205818.1	𝞵.2.1
KP752855.1	𝞵.2.1
MF940746.1	𝞵.2.1
JF490944.1	𝞵.2.1
KY658039.1	𝞵.2.1
ON993204.1	𝞵.2.1
MT854708.1	𝞵.2.1
KP881976.1	𝞵.2.1
MT163189.1	𝞵.2.1
KX363420.1	𝞵.2.1
LC374169.1	𝞵.2.1
MZ165429.1	𝞵.2.1
JF490349.1	𝞵.2.1
JF766588.1	𝞵.2.1
KJ753247.1	𝞵.2.1
ON993161.1	𝞵.2.1
JF490591.1	𝞵.2.1
ON993102.1	𝞵.2.1
OM038066.1	𝞵.2.1
AB938310.1	𝞵.2.1
MW384340.1	𝞵.2.1
ON792156.1	𝞵.2.1
KM026803.1	𝞵.2.1
HQ392248.1	𝞵.2.1
KP881965.1	𝞵.2.1
KP882504.1	𝞵.2.1
JN258837.1	𝞵.2.1
MN304732.1	𝞵.2.1
MH238177.1	𝞵.2.1
KY658038.1	𝞵.2.1
DQ146698.1	𝞵.2.1
MG701201.1	𝞵.2.1
KJ626523.1	𝞵.2.1
OM038033.1	𝞵.2.1
MT854950.1	𝞵.2.1
MN746060.1	𝞵.2.1
LC019073.1	𝞵.2.1
OR205810.1	𝞵.2.1
MW280887.1	𝞵.2.1
MG181336.1	𝞵.2.1
KF636178.1	𝞵.2.1
OR205767.1	𝞵.2.1
MG181248.1	𝞵.2.1
MH238187.1	𝞵.2.1
KJ820846.1	𝞵.2.1
MG701202.1	𝞵.2.1
MT855280.1	𝞵.2.1
KR018488.1	𝞵.2.1
KJ626592.1	𝞵.2.1
KM026813.1	𝞵.2.1
MZ065860.1	𝞵.2.1
FJ152137.1	𝞵.2.1
KJ752968.1	𝞵.2.1
KX362776.1	𝞵.2.1
KX274608.1	𝞵.2.1
KC193632.1	𝞵.2.1
HQ392072.1	𝞵.2.1
JQ069091.1	𝞵.2.1
OQ333056.1	𝞵.2.1
FJ947825.1	𝞵.2.1
JF490711.1	𝞵.2.1
KM026852.1	𝞵.2.1
KU361042.1	𝞵.2.1
KP752548.1	𝞵.2.1
OR205824.1	𝞵.2.1
OR205793.1	𝞵.2.1
MT784870.1	𝞵.2.1
JF491019.1	𝞵.2.1
JN651774.1	𝞵.2.1
KM820693.1	𝞵.2.1
KJ919186.1	𝞵.2.1
KM026822.1	𝞵.2.1
HM348728.1	𝞵.2.1
KP645266.1	𝞵.2.1
MZ093656.1	𝞵.2.1
MZ955415.1	𝞵.2.1
JN258333.1	𝞵.2.1
KJ627062.1	𝞵.2.1
KJ626501.1	𝞵.2.1
KJ753203.1	𝞵.2.1
KJ919248.1	𝞵.2.1
JQ069109.1	𝞵.2.1
ON109528.1	𝞵.2.1
JQ069056.1	𝞵.2.1
KM660207.1	𝞵.2.1
KT695125.1	𝞵.2.1
JN651893.1	𝞵.2.1
KJ870921.1	𝞵.2.1
MN551996.1	𝞵.2.1
KP752704.1	𝞵.2.1
JN651817.1	𝞵.2.1
KY972014.1	𝞵.2.1
ON791918.1	𝞵.2.1
JF490867.1	𝞵.2.1
MT854719.1	𝞵.2.1
LC374037.1	𝞵.2.1
MW575227.1	𝞵.2.1
OR205800.1	𝞵.2.1
KM026799.1	𝞵.2.1
MH171469.1	𝞵.2.1
JF490646.1	𝞵.2.1
MN067120.1	𝞵.2.1
KT919006.1	𝞵.2.1
HQ392065.1	𝞵.2.1
KJ454670.1	𝞵.2.1
KC579679.1	𝞵.2.1
JN706672.1	𝞵.2.1
OR205850.1	𝞵.2.1
LC569890.1	𝞵.2.1
KJ919196.1	𝞵.2.1
MN632924.1	𝞵.2.1
KC443487.1	𝞵.2.1
MW725578.1	𝞵.2.1
JF781168.1	𝞵.2.1
KP752887.1	𝞵.2.1
KX274598.1	𝞵.2.1
KT694960.1	𝞵.2.1
JN605414.1	𝞵.2.1
KJ559273.1	𝞵.2.1
JQ043313.1	𝞵.2.1
KC579946.1	𝞵.2.1
KC769359.1	𝞵.2.1
FJ361211.1	𝞵.2.1
JX027816.1	𝞵.2.1
MN480219.1	𝞵.2.1
FJ947770.1	𝞵.2.1
MT025882.1	𝞵.2.1
OR205787.1	𝞵.2.1
KM026832.1	𝞵.2.1
MG181501.1	𝞵.2.1
KF812854.1	𝞵.2.1
KX265701.1	𝞵.2.1
JN872347.1	𝞵.2.1
OR205801.1	𝞵.2.1
KP752981.1	𝞵.2.1
MT600954.1	𝞵.2.1
MK227397.1	𝞵.2.1
KJ626795.1	𝞵.2.1
MW383977.1	𝞵.2.1
JQ087444.1	𝞵.2.1
KF835975.1	𝞵.2.1
KC686970.1	𝞵.2.1
MN551963.1	𝞵.2.1
KJ919202.1	𝞵.2.1
MZ095736.1	𝞵.2.1
KR018486.1	𝞵.2.1
JF490845.1	𝞵.2.1
OR205862.1	𝞵.2.1
MN206127.1	𝞵.2.1
AF338244.1	𝞵.2.1
DQ189250.1	𝞵.2.1
KC442928.1	𝞵.2.1
KC580152.1	𝞵.2.1
JF490086.1	𝞵.2.1
LC569468.1	𝞵.2.1
ON993188.1	𝞵.2.1
KJ919278.1	𝞵.2.1
OR205768.1	𝞵.2.1
MT737771.1	𝞵.2.1
LC105269.1	𝞵.2.1
EU753967.1	𝞵.2.2
KY658044.1	𝞵.2.3
KY658045.1	𝞵.2.3
KY658046.1	𝞵.2.3
KY658048.1	𝞵.2.3
KY658047.1	𝞵.2.3
MH267284.1	𝞵.2.4
OR205762.1	𝞵.2.5
MK302421.1	𝞵.2.5
MN529950.1	𝞵.2.5
EF990698.1	𝞵.2.6
EF990690.1	𝞵.2.6
MN480182.1	𝞵.2.7
KX171502.1	𝞵.3.1
JN116553.1	𝞵.3.1
OP677572.1	𝞵.3.1
AB975975.1	𝞵.3.1
MT224117.1	𝞵.3.1
LC465306.1	𝞵.3.1
MF044163.1	𝞵.3.1
AB755583.1	𝞵.3.1
KX632341.1	𝞵.3.1
ON938336.1	𝞵.3.1
LC542337.1	𝞵.3.1
MW552508.1	𝞵.3.1
KJ753522.1	𝞵.3.1
AY787651.1	𝞵.3.1
KU356672.1	𝞵.3.1
KJ919206.1	𝞵.3.1
LC469592.1	𝞵.3.1
OR192332.1	𝞵.3.1
LC491472.1	𝞵.3.1
GQ414550.1	𝞵.3.1
KJ870899.1	𝞵.3.1
MF044141.1	𝞵.3.1
MG181633.1	𝞵.3.1
MN480077.1	𝞵.3.1
KC443520.1	𝞵.3.1
LC477651.1	𝞵.3.1
KY658052.1	𝞵.3.1
ON565633.1	𝞵.3.1
KR705376.1	𝞵.3.1
MZ027422.1	𝞵.3.1
KC443028.1	𝞵.3.1
KU248426.1	𝞵.3.1
KC178758.1	𝞵.3.1
LC463280.1	𝞵.3.1
M28378.1	𝞵.3.1
LC086724.1	𝞵.3.1
AB975973.1	𝞵.3.1
KU870395.1	𝞵.3.1
ON791992.1	𝞵.3.1
KU356661.1	𝞵.3.1
LC569512.1	𝞵.3.1
KR705189.1	𝞵.3.1
KP170838.1	𝞵.3.1
LC325470.1	𝞵.3.1
OK349199.1	𝞵.3.1
LC469582.1	𝞵.3.1
AB755591.1	𝞵.3.1
LC174278.1	𝞵.3.1
KC442880.1	𝞵.3.1
KP170837.1	𝞵.3.1
MN067001.1	𝞵.3.1
MG181864.1	𝞵.3.1
KJ752116.1	𝞵.3.1
KR705409.1	𝞵.3.1
MZ094412.1	𝞵.3.1
KJ753389.1	𝞵.3.1
OQ201555.1	𝞵.3.1
OR192330.1	𝞵.3.1
ON792123.1	𝞵.3.1
LC477676.1	𝞵.3.1
LC542091.1	𝞵.3.1
KU361048.1	𝞵.3.1
KC443221.1	𝞵.3.1
LC227928.1	𝞵.3.1
LC469597.1	𝞵.3.1
MN066888.1	𝞵.3.1
JX965157.1	𝞵.3.1
MZ065959.1	𝞵.3.1
OP850428.1	𝞵.3.1
KX274605.1	𝞵.3.1
KX274613.1	𝞵.3.1
MH301255.1	𝞵.3.1
OP487331.1	𝞵.3.1
ON791982.1	𝞵.3.1
DQ005115.1	𝞵.3.1
LC477658.1	𝞵.3.1
MT339204.1	𝞵.3.1
OQ851619.1	𝞵.3.1
MN480071.1	𝞵.3.1
MW552178.1	𝞵.3.1
LC086779.1	𝞵.3.1
MN480223.1	𝞵.3.1
MG701210.1	𝞵.3.1
LC542135.1	𝞵.3.1
KR705156.1	𝞵.3.1
OR192315.1	𝞵.3.1
LC541959.1	𝞵.3.1
KU356584.1	𝞵.3.1
OR192294.1	𝞵.3.1
KP753042.1	𝞵.3.1
LC002055.1	𝞵.3.1
LC569611.1	𝞵.3.1
KC442891.1	𝞵.3.1
KF716433.1	𝞵.3.1
KM660215.1	𝞵.3.1
KR705420.1	𝞵.3.1
X76781.1	𝞵.3.1
KT936625.1	𝞵.3.1
LC002068.1	𝞵.3.1
OR192292.1	𝞵.3.1
KF938753.1	𝞵.3.1
KP752692.1	𝞵.3.1
KU361046.1	𝞵.3.1
OQ201575.1	𝞵.3.1
MZ065926.1	𝞵.3.1
LC174326.1	𝞵.3.1
OP487452.1	𝞵.3.1
AB796461.1	𝞵.3.1
KP752447.1	𝞵.3.1
KJ752991.1	𝞵.3.1
MW275267.1	𝞵.3.1
LC406829.1	𝞵.3.1
MT601022.1	𝞵.3.1
LC386075.1	𝞵.3.1
MS907260.1	𝞵.3.1
AB755597.1	𝞵.3.1
MT601021.1	𝞵.3.1
OR192326.1	𝞵.3.1
KU356650.1	𝞵.3.1
LC174321.1	𝞵.3.1
MG996141.1	𝞵.3.1
KX362863.1	𝞵.3.1
KF938744.1	𝞵.3.1
LC227925.1	𝞵.3.1
KY658056.1	𝞵.3.1
AB755586.1	𝞵.3.1
LC105554.1	𝞵.3.1
HQ650126.1	𝞵.3.1
AB755602.1	𝞵.3.1
OQ851618.1	𝞵.3.1
KP882306.1	𝞵.3.1
MG996144.1	𝞵.3.1
MG181699.1	𝞵.3.1
AB755584.1	𝞵.3.1
KR705211.1	𝞵.3.1
ON565641.1	𝞵.3.1
KY658061.1	𝞵.3.1
KP882229.1	𝞵.3.1
KF716442.1	𝞵.3.1
OQ133115.1	𝞵.3.1
MZ065716.1	𝞵.3.1
MT232583.1	𝞵.3.1
KX880435.1	𝞵.3.1
KP170842.1	𝞵.3.1
LC174218.1	𝞵.3.1
MZ407409.1	𝞵.3.1
KR705332.1	𝞵.3.1
MZ027444.1	𝞵.3.1
LC102894.1	𝞵.3.1
MH520748.1	𝞵.3.1
LC174281.1	𝞵.3.1
LC105235.1	𝞵.3.1
KM660231.1	𝞵.3.1
MZ065684.1	𝞵.3.1
LC174176.1	𝞵.3.1
MZ066278.1	𝞵.3.1
MZ066300.1	𝞵.3.1
KU199291.1	𝞵.3.1
KX171503.1	𝞵.3.1
MZ361327.1	𝞵.3.1
KC443133.1	𝞵.3.1
AB755604.1	𝞵.3.1
MW275256.1	𝞵.3.1
MW552530.1	𝞵.3.1
MW552486.1	𝞵.3.1
MG181666.1	𝞵.3.1
MT601028.1	𝞵.3.1
MG926724.1	𝞵.3.1
KY658064.1	𝞵.3.1
LC469600.1	𝞵.3.1
AB755598.1	𝞵.3.1
MW552046.1	𝞵.3.1
KX362655.1	𝞵.3.1
DQ490561.1	𝞵.3.1
KJ627009.1	𝞵.3.1
LC066168.1	𝞵.3.1
KX274601.1	𝞵.3.1
MK302420.1	𝞵.3.1
KP752481.1	𝞵.3.1
MZ066124.1	𝞵.3.1
KX536651.1	𝞵.3.1
LC174247.1	𝞵.3.1
MW551969.1	𝞵.3.1
LC569604.1	𝞵.3.1
OP487309.1	𝞵.3.1
AB091727.1	𝞵.3.1
MW551991.1	𝞵.3.1
ON938335.1	𝞵.3.1
LC105587.1	𝞵.3.1
AB938308.1	𝞵.3.1
KR705255.1	𝞵.3.1
LC174184.1	𝞵.3.1
LC174192.1	𝞵.3.1
KJ753320.1	𝞵.3.1
MW275278.1	𝞵.3.1
OQ133113.1	𝞵.3.1
AB971566.1	𝞵.3.1
KJ919228.1	𝞵.3.1
AB755587.1	𝞵.3.1
MH182468.1	𝞵.3.1
LC174175.1	𝞵.3.1
LC169950.1	𝞵.3.1
MZ066366.1	𝞵.3.1
MG181776.1	𝞵.3.1
OR192336.1	𝞵.3.1
LC086801.1	𝞵.3.1
MT410483.1	𝞵.3.1
KX536649.1	𝞵.3.1
LC174236.1	𝞵.3.1
KX274615.1	𝞵.3.1
MW552475.1	𝞵.3.1
MZ065651.1	𝞵.3.1
LC002057.1	𝞵.3.1
LC469598.1	𝞵.3.1
LC102982.1	𝞵.3.1
LC542080.1	𝞵.3.1
KP188807.1	𝞵.3.1
KR018485.1	𝞵.3.1
KY634674.1	𝞵.3.1
LC105576.1	𝞵.3.1
KP882471.1	𝞵.3.1
MG181622.1	𝞵.3.1
JN116554.1	𝞵.3.1
KF716436.1	𝞵.3.1
MZ407420.1	𝞵.3.1
MH301251.1	𝞵.3.1
MN480123.1	𝞵.3.1
MW552706.1	𝞵.3.1
MT410494.1	𝞵.3.1
OR192307.1	𝞵.3.1
KF636356.1	𝞵.3.1
KP752719.1	𝞵.3.1
KC443188.1	𝞵.3.1
OQ851599.1	𝞵.3.1
MG981261.1	𝞵.3.1
KC178761.1	𝞵.3.1
JN116555.1	𝞵.3.1
LC569518.1	𝞵.3.1
MF044152.1	𝞵.3.1
LC569500.1	𝞵.3.1
MZ093888.1	𝞵.3.1
ON109525.1	𝞵.3.1
LC174274.1	𝞵.3.1
LC465262.1	𝞵.3.1
JF304936.1	𝞵.3.1
MZ096110.1	𝞵.3.1
OQ851602.1	𝞵.3.1
KX469360.1	𝞵.3.1
AF508732.1	𝞵.3.1
ON938330.1	𝞵.3.1
JN706670.1	𝞵.3.1
MZ095190.1	𝞵.3.1
MZ096132.1	𝞵.3.1
OQ851607.1	𝞵.3.1
KJ919204.1	𝞵.3.1
KJ721733.1	𝞵.3.1
MG701204.1	𝞵.3.1
LC469601.1	𝞵.3.1
KP882427.1	𝞵.3.1
KX171506.1	𝞵.3.1
KX632264.1	𝞵.3.1
LC438400.1	𝞵.3.1
OR192333.1	𝞵.3.1
EF185863.2	𝞵.3.1
LC542201.1	𝞵.3.1
JQ715673.1	𝞵.3.1
MZ407398.1	𝞵.3.1
X76778.1	𝞵.3.1
LC002053.1	𝞵.3.1
ON938329.1	𝞵.3.1
KP883032.1	𝞵.3.1
KP752970.1	𝞵.3.1
MH520745.1	𝞵.3.1
X76777.1	𝞵.3.1
OR192290.1	𝞵.3.1
LC541981.1	𝞵.3.1
LC542392.1	𝞵.3.1
OP850431.1	𝞵.3.1
KX655516.1	𝞵.3.1
ON565643.1	𝞵.3.1
LC174279.1	𝞵.3.1
ON791875.1	𝞵.3.1
MN480074.1	𝞵.3.1
LC105433.1	𝞵.3.1
LC260327.1	𝞵.3.1
KP882724.1	𝞵.3.1
OQ201571.1	𝞵.3.1
LC026113.1	𝞵.3.1
OR192342.1	𝞵.3.1
GU288651.1	𝞵.3.1
AB755590.1	𝞵.3.1
KC571501.1	𝞵.3.1
MG701221.1	𝞵.3.1
AB755606.1	𝞵.3.1
LC228380.1	𝞵.3.1
MW552376.1	𝞵.3.1
KC178760.1	𝞵.3.1
KC178754.1	𝞵.3.1
OP850429.1	𝞵.3.1
OP677649.1	𝞵.3.1
KT918445.1	𝞵.3.1
MW552838.1	𝞵.3.1
DQ146692.1	𝞵.3.1
DQ490544.1	𝞵.3.1
OR192300.1	𝞵.3.1
AB755589.1	𝞵.3.1
KY658062.1	𝞵.3.1
OP487419.1	𝞵.3.1
LC105010.1	𝞵.3.1
MG573371.1	𝞵.3.1
MZ065981.1	𝞵.3.1
LC105032.1	𝞵.3.1
MF184835.1	𝞵.3.1
OR192328.1	𝞵.3.1
LC477656.1	𝞵.3.1
KJ626892.1	𝞵.3.1
KP881932.1	𝞵.3.1
LC102905.1	𝞵.3.1
KC443586.1	𝞵.3.1
OR192339.1	𝞵.3.1
AB755596.1	𝞵.3.1
KU199280.1	𝞵.3.1
MZ093770.1	𝞵.3.1
AB930201.1	𝞵.3.1
MW558502.1	𝞵.3.1
MT723916.1	𝞵.3.1
LC514513.1	𝞵.3.1
OR192293.1	𝞵.3.1
KX274617.1	𝞵.3.1
KY658051.1	𝞵.3.1
MG701205.1	𝞵.3.1
LC455764.1	𝞵.3.1
KF938751.1	𝞵.3.1
AB763974.1	𝞵.3.1
KM660221.1	𝞵.3.1
MW552563.1	𝞵.3.1
MZ096969.1	𝞵.3.1
LC569493.1	𝞵.3.1
KT920605.1	𝞵.3.1
KJ626603.1	𝞵.3.1
LC228369.1	𝞵.3.1
MG996140.1	𝞵.3.1
KY658066.1	𝞵.3.1
KY497561.1	𝞵.3.1
KJ753400.1	𝞵.3.1
MW552926.1	𝞵.3.1
DQ492666.1	𝞵.3.1
AB975974.1	𝞵.3.1
KX632286.1	𝞵.3.1
KF716440.1	𝞵.3.1
JQ069085.1	𝞵.3.1
OQ201561.1	𝞵.3.1
MZ093928.1	𝞵.3.1
KC443773.1	𝞵.3.1
KU361047.1	𝞵.3.1
OP487496.1	𝞵.3.1
MW552035.1	𝞵.3.1
MW552134.1	𝞵.3.1
LC491461.1	𝞵.3.1
OR192289.1	𝞵.3.1
KX171505.1	𝞵.3.1
KP882361.1	𝞵.3.1
KJ919277.1	𝞵.3.1
KC442902.1	𝞵.3.1
KX469363.1	𝞵.3.1
KY658063.1	𝞵.3.1
KM660216.1	𝞵.3.1
LC228336.1	𝞵.3.1
ON109524.1	𝞵.3.1
JX416217.1	𝞵.3.1
LC002067.1	𝞵.3.1
KU361049.1	𝞵.3.1
MG181897.1	𝞵.3.1
KX536650.1	𝞵.3.1
MW552618.1	𝞵.3.1
KJ721734.1	𝞵.3.1
OR192297.1	𝞵.3.1
KM660226.1	𝞵.3.1
MW552783.1	𝞵.3.1
OP677737.1	𝞵.3.1
JN706671.1	𝞵.3.1
MZ065882.1	𝞵.3.1
KF636244.1	𝞵.3.1
OR192319.1	𝞵.3.1
MZ093970.1	𝞵.3.1
KP883142.1	𝞵.3.1
MN480181.1	𝞵.3.1
MZ066179.1	𝞵.3.1
KJ752160.1	𝞵.3.1
KR705354.1	𝞵.3.1
OQ201567.1	𝞵.3.1
AB971565.1	𝞵.3.1
OQ851597.1	𝞵.3.1
OQ851622.1	𝞵.3.1
LC174248.1	𝞵.3.1
MH169449.1	𝞵.3.1
LC066649.1	𝞵.3.1
KY658058.1	𝞵.3.1
MW280889.1	𝞵.3.1
KF938746.1	𝞵.3.1
LC542502.1	𝞵.3.1
KY658055.1	𝞵.3.1
OR192318.1	𝞵.3.1
LC002061.1	𝞵.3.1
MW552442.1	𝞵.3.1
JQ043314.1	𝞵.3.1
LC542190.1	𝞵.3.1
OR205866.1	𝞵.3.1
MT601027.1	𝞵.3.1
KY616895.1	𝞵.3.1
MW552728.1	𝞵.3.1
LC569517.1	𝞵.3.1
MK227408.1	𝞵.3.1
OQ266323.1	𝞵.3.1
AB975983.1	𝞵.3.1
MF184786.1	𝞵.3.1
LC066157.1	𝞵.3.1
KJ752457.1	𝞵.3.1
KR705200.1	𝞵.3.1
LC406840.1	𝞵.3.1
LC169983.1	𝞵.3.1
KP882042.1	𝞵.3.1
OP677594.1	𝞵.3.1
KP883098.1	𝞵.3.1
LC169994.1	𝞵.3.1
MZ096551.1	𝞵.3.1
MW552409.1	𝞵.3.1
MT224118.1	𝞵.3.1
MG181611.1	𝞵.3.1
KJ751612.1	𝞵.3.1
ON938334.1	𝞵.3.1
LC260323.1	𝞵.3.1
OQ133119.1	𝞵.3.1
KM660222.1	𝞵.3.1
LC477665.1	𝞵.3.1
LC542212.1	𝞵.3.1
MW715616.1	𝞵.3.1
MK780104.1	𝞵.3.1
OQ133112.1	𝞵.3.1
OM301631.1	𝞵.3.1
KY658067.1	𝞵.3.1
OQ133128.1	𝞵.3.1
OR192324.1	𝞵.3.1
MN029125.1	𝞵.3.1
KJ721735.1	𝞵.3.1
AB975981.1	𝞵.3.1
AB755585.1	𝞵.3.1
KP752504.1	𝞵.3.1
KX362787.1	𝞵.3.1
JN706666.1	𝞵.3.1
MG181325.1	𝞵.3.1
LC174231.1	𝞵.3.1
MG926735.1	𝞵.3.1
OR192329.1	𝞵.3.1
LC542014.1	𝞵.3.1
LC569469.1	𝞵.3.1
LC477652.1	𝞵.3.1
KJ751623.1	𝞵.3.1
KC870010.1	𝞵.3.1
MW552024.1	𝞵.3.1
KX274603.1	𝞵.3.1
LC228347.1	𝞵.3.1
LC227931.1	𝞵.3.1
LC002065.1	𝞵.3.1
LC169961.1	𝞵.3.1
KY634715.1	𝞵.3.1
LC174159.1	𝞵.3.1
AB763975.1	𝞵.3.1
MW552464.1	𝞵.3.1
JQ069042.1	𝞵.3.1
KF938752.1	𝞵.3.1
MG701223.1	𝞵.3.1
X76782.1	𝞵.3.1
AB755608.1	𝞵.3.1
JQ715674.1	𝞵.3.1
JQ715675.1	𝞵.3.1
HM467921.1	𝞵.3.1
KP753070.1	𝞵.3.1
MT163211.1	𝞵.3.1
LC514491.1	𝞵.3.1
LC542272.1	𝞵.3.1
MT601029.1	𝞵.3.1
MW552497.1	𝞵.3.1
OR192306.1	𝞵.3.1
MW280890.1	𝞵.3.1
OR192291.1	𝞵.3.1
KF938750.1	𝞵.3.1
LC468245.1	𝞵.3.1
KJ919237.1	𝞵.3.1
KC443685.1	𝞵.3.1
KJ753356.1	𝞵.3.1
KR705277.1	𝞵.3.1
KJ721729.1	𝞵.3.1
MG981283.1	𝞵.3.1
OR192295.1	𝞵.3.1
KF938743.1	𝞵.3.1
MW552893.1	𝞵.3.1
MN058756.1	𝞵.3.1
LC060813.1	𝞵.3.1
KC443243.1	𝞵.3.1
OQ133137.1	𝞵.3.1
KF716441.1	𝞵.3.1
MZ065816.1	𝞵.3.1
KR705387.1	𝞵.3.1
KU925783.1	𝞵.3.1
KR705343.1	𝞵.3.1
KY634641.1	𝞵.3.1
LC174224.1	𝞵.3.1
LC469594.1	𝞵.3.1
KJ752846.1	𝞵.3.1
LC227923.1	𝞵.3.1
AB755595.1	𝞵.3.1
MG181600.1	𝞵.3.1
OR192299.1	𝞵.3.1
KP752459.1	𝞵.3.1
KJ919199.1	𝞵.3.1
MH520749.1	𝞵.3.1
KC178756.1	𝞵.3.1
MT796877.1	𝞵.3.1
MT601024.1	𝞵.3.1
MW552266.1	𝞵.3.1
OQ596315.1	𝞵.3.1
KX274618.1	𝞵.3.1
LC406796.1	𝞵.3.1
KF938756.1	𝞵.3.1
AB755603.1	𝞵.3.1
MG891992.1	𝞵.3.1
KX274612.1	𝞵.3.1
OR192325.1	𝞵.3.1
MN058745.1	𝞵.3.1
JQ069073.1	𝞵.3.1
MG181852.1	𝞵.3.1
HM467919.1	𝞵.3.1
KP883087.1	𝞵.3.1
AB848014.1	𝞵.3.1
MW552574.1	𝞵.3.1
KP753144.1	𝞵.3.1
AB755607.1	𝞵.3.1
LC174320.1	𝞵.3.1
MT232627.1	𝞵.3.1
LC105543.1	𝞵.3.1
OP677616.1	𝞵.3.1
OQ851606.1	𝞵.3.1
KX362590.1	𝞵.3.1
KC443298.1	𝞵.3.1
KU356595.1	𝞵.3.1
AB796463.1	𝞵.3.1
LC541937.1	𝞵.3.1
MH301252.1	𝞵.3.1
ON938328.1	𝞵.3.1
OQ133121.1	𝞵.3.1
KX362677.1	𝞵.3.1
MW280891.1	𝞵.3.1
KP941136.1	𝞵.3.1
KJ626986.1	𝞵.3.1
LC105390.1	𝞵.3.1
MH307736.1	𝞵.3.1
MN067099.1	𝞵.3.1
LC002054.1	𝞵.3.1
LC174233.1	𝞵.3.1
MG996142.1	𝞵.3.1
JN116556.1	𝞵.3.1
LC684244.1	𝞵.3.1
LC491450.1	𝞵.3.1
MH520750.1	𝞵.3.1
OR192334.1	𝞵.3.1
KU361054.1	𝞵.3.1
HM467920.1	𝞵.3.1
MF044119.1	𝞵.3.1
MN401298.1	𝞵.3.1
MT232594.1	𝞵.3.1
KR705266.1	𝞵.3.1
KX171499.1	𝞵.3.1
KX274606.1	𝞵.3.1
LC455775.1	𝞵.3.1
OQ133110.1	𝞵.3.1
KX171498.1	𝞵.3.1
LC002063.1	𝞵.3.1
KX171509.1	𝞵.3.1
KX274616.1	𝞵.3.1
JQ837889.1	𝞵.3.1
KJ919270.1	𝞵.3.1
LC174196.1	𝞵.3.1
KJ919232.1	𝞵.3.1
MG701216.1	𝞵.3.1
KX469361.1	𝞵.3.1
KP882097.1	𝞵.3.1
MN480213.1	𝞵.3.1
MN577188.1	𝞵.3.1
LC002062.1	𝞵.3.1
KP753027.1	𝞵.3.1
ON791886.1	𝞵.3.1
KX362754.1	𝞵.3.1
KJ751844.1	𝞵.3.1
MZ546122.1	𝞵.3.1
JQ069055.1	𝞵.3.1
KC442927.1	𝞵.3.1
OQ133114.1	𝞵.3.1
AB755599.1	𝞵.3.1
KP752559.1	𝞵.3.1
KY634854.1	𝞵.3.1
MK272862.1	𝞵.3.1
ON792079.1	𝞵.3.1
KF938754.1	𝞵.3.1
KJ626725.1	𝞵.3.1
MG892014.1	𝞵.3.1
OQ266321.1	𝞵.3.1
HQ641363.1	𝞵.3.1
MT601025.1	𝞵.3.1
KJ753715.1	𝞵.3.1
KC443663.1	𝞵.3.1
OP487430.1	𝞵.3.1
JQ069102.1	𝞵.3.1
MN480120.1	𝞵.3.1
MT723905.1	𝞵.3.1
KP188829.1	𝞵.3.1
KJ919289.1	𝞵.3.1
KP882834.1	𝞵.3.1
KY658065.1	𝞵.3.1
MG181589.1	𝞵.3.1
KC443199.1	𝞵.3.1
KU059787.1	𝞵.3.1
MH182471.1	𝞵.3.1
LC542283.1	𝞵.3.1
OP677671.1	𝞵.3.1
MZ066069.1	𝞵.3.1
LC103015.1	𝞵.3.1
MF167964.1	𝞵.3.1
ON938331.1	𝞵.3.1
MW552189.1	𝞵.3.1
MZ093634.1	𝞵.3.1
OR192288.1	𝞵.3.1
KX171500.1	𝞵.3.1
MT005297.1	𝞵.3.1
MZ097221.1	𝞵.3.1
KF938749.1	𝞵.3.1
AB755601.1	𝞵.3.1
KC443322.1	𝞵.3.1
OR192320.1	𝞵.3.1
MW552068.1	𝞵.3.1
MG181644.1	𝞵.3.1
MZ096463.1	𝞵.3.1
KJ752617.1	𝞵.3.1
KP882845.1	𝞵.3.1
KP883109.1	𝞵.3.1
KC443144.1	𝞵.3.1
KR705398.1	𝞵.3.1
KJ752094.1	𝞵.3.1
OP677605.1	𝞵.3.1
ON565642.1	𝞵.3.1
KF938755.1	𝞵.3.1
KR705222.1	𝞵.3.1
MZ097241.1	𝞵.3.1
KY658057.1	𝞵.3.1
KJ639022.1	𝞵.3.1
MZ094054.1	𝞵.3.1
MG996138.1	𝞵.3.1
MW552398.1	𝞵.3.1
KC443006.1	𝞵.3.1
KX655450.1	𝞵.3.1
OR192298.1	𝞵.3.1
KP170841.1	𝞵.3.1
MZ095146.1	𝞵.3.1
JN706667.1	𝞵.3.1
LC174311.1	𝞵.3.1
KC834688.1	𝞵.3.1
JQ715677.1	𝞵.3.1
KX655461.1	𝞵.3.1
LC105140.1	𝞵.3.1
KP882933.1	𝞵.3.1
LC569504.1	𝞵.3.1
OR192321.1	𝞵.3.1
KJ583184.1	𝞵.3.1
KY658060.1	𝞵.3.1
KP882196.1	𝞵.3.1
MW552772.1	𝞵.3.1
FJ861658.1	𝞵.3.1
KP007158.1	𝞵.3.1
KC443366.1	𝞵.3.1
X76780.1	𝞵.3.1
KP753177.1	𝞵.3.1
HQ657170.1	𝞵.3.1
KU550325.1	𝞵.3.1
MN066972.1	𝞵.3.1
MH182469.1	𝞵.3.1
KF938748.1	𝞵.3.1
MW552695.1	𝞵.3.1
OQ201556.1	𝞵.3.1
MG701227.1	𝞵.3.1
OQ851615.1	𝞵.3.1
MT163255.1	𝞵.3.1
MZ065695.1	𝞵.3.1
LC469588.1	𝞵.3.1
LC469603.1	𝞵.3.1
KC442939.1	𝞵.3.1
KC443210.1	𝞵.3.1
KC870026.1	𝞵.3.1
KJ627160.1	𝞵.3.1
KC442869.1	𝞵.3.1
LC174191.1	𝞵.3.1
LC174322.1	𝞵.3.1
OR192331.1	𝞵.3.1
MF997045.2	𝞵.3.1
KC152915.1	𝞵.3.1
KJ721730.1	𝞵.3.1
X76783.1	𝞵.3.1
LC541948.1	𝞵.3.1
LC542447.1	𝞵.3.1
MN058734.1	𝞵.3.1
LC469581.1	𝞵.3.1
MN066897.1	𝞵.3.1
KU248415.1	𝞵.3.1
AB849007.1	𝞵.3.1
KJ751800.1	𝞵.3.1
MW552431.1	𝞵.3.1
LC260326.1	𝞵.3.1
JN706668.1	𝞵.3.1
MZ093730.1	𝞵.3.1
LC569610.1	𝞵.3.1
MN066931.1	𝞵.3.1
OQ201574.1	𝞵.3.1
KJ752138.1	𝞵.3.1
MZ094075.1	𝞵.3.1
LC514480.1	𝞵.3.1
KJ919259.1	𝞵.3.1
KY658059.1	𝞵.3.1
MW552717.1	𝞵.3.1
MW552453.1	𝞵.3.1
OR192296.1	𝞵.3.1
KJ870888.1	𝞵.3.1
AB755588.1	𝞵.3.1
KR705310.1	𝞵.3.1
ON565632.1	𝞵.3.1
KJ751646.1	𝞵.3.1
LC169928.1	𝞵.3.1
MG573373.1	𝞵.3.1
AB755605.1	𝞵.3.1
LC406818.1	𝞵.3.1
EF672583.1	𝞵.3.1
GU288658.1	𝞵.3.1
KC443310.1	𝞵.3.1
JF304925.1	𝞵.3.1
JX965159.1	𝞵.3.1
LC386086.1	𝞵.3.1
LC002070.1	𝞵.3.1
KF938745.1	𝞵.3.1
KY658053.1	𝞵.3.1
AB755592.1	𝞵.3.1
MW552002.1	𝞵.3.1
MZ094097.1	𝞵.3.1
KP752570.1	𝞵.3.1
MG892003.1	𝞵.3.1
LC465295.1	𝞵.3.1
MZ066080.1	𝞵.3.1
KF636344.1	𝞵.3.1
KC443542.1	𝞵.3.1
KR705145.1	𝞵.3.1
LC406807.1	𝞵.3.1
MH301256.1	𝞵.3.1
KC782518.2	𝞵.3.1
KJ753269.1	𝞵.3.1
MW552222.1	𝞵.3.1
MZ065992.1	𝞵.3.1
KC178755.1	𝞵.3.1
KJ721732.1	𝞵.3.1
OQ851598.1	𝞵.3.1
MT163244.1	𝞵.3.1
LC477669.1	𝞵.3.1
KY000556.1	𝞵.3.1
LC002069.1	𝞵.3.1
KJ721731.1	𝞵.3.1
LC102927.1	𝞵.3.1
MT767407.1	𝞵.3.1
KP882086.1	𝞵.3.1
KJ721738.1	𝞵.3.1
MF168162.1	𝞵.3.1
LC569615.1	𝞵.3.1
LC433676.1	𝞵.3.1
LC169917.1	𝞵.3.1
LC542179.1	𝞵.3.1
LC169851.1	𝞵.3.1
KJ752047.1	𝞵.3.1
OR192317.1	𝞵.3.1
KP752492.1	𝞵.3.1
MF044174.1	𝞵.3.1
LC463302.1	𝞵.3.1
LC463212.1	𝞵.3.1
MZ066036.1	𝞵.3.1
KP188818.1	𝞵.3.1
LC174333.1	𝞵.3.1
LC065027.1	𝞵.3.1
KC443729.1	𝞵.3.1
LC542381.1	𝞵.3.1
OP850430.1	𝞵.3.1
OQ133109.1	𝞵.3.1
MW552244.1	𝞵.3.1
MZ065673.1	𝞵.3.1
LC174242.1	𝞵.3.1
MT163266.1	𝞵.3.1
KP752659.1	𝞵.3.1
KP752844.1	𝞵.3.1
MW552013.1	𝞵.3.1
ON565635.1	𝞵.3.1
KJ626569.1	𝞵.3.1
MF168037.1	𝞵.3.1
KJ751634.1	𝞵.3.1
KP882284.1	𝞵.3.1
KY634685.1	𝞵.3.1
LC569472.1	𝞵.3.1
MT601020.1	𝞵.3.1
MN066782.1	𝞵.3.1
KU550322.1	𝞵.3.1
OQ201559.1	𝞵.3.1
KY658054.1	𝞵.3.1
KR705442.1	𝞵.3.1
DQ005104.1	𝞵.3.1
KJ721736.1	𝞵.3.1
LC002056.1	𝞵.3.1
KJ751888.1	𝞵.3.1
LC542113.1	𝞵.3.1
JQ069119.1	𝞵.3.1
HM348730.1	𝞵.3.1
ON938333.1	𝞵.3.1
OP677638.1	𝞵.3.1
KC443652.1	𝞵.3.1
KJ752204.1	𝞵.3.1
MZ066289.1	𝞵.3.1
KU356606.1	𝞵.3.1
KY658050.1	𝞵.3.1
LC060824.1	𝞵.3.1
KY497538.1	𝞵.3.1
KC178757.1	𝞵.3.1
LC074741.1	𝞵.3.1
LC105565.1	𝞵.3.1
KC834687.1	𝞵.3.1
MW552761.1	𝞵.3.1
MN066792.1	𝞵.3.1
ON109522.1	𝞵.3.1
MZ066333.1	𝞵.3.1
AB762779.1	𝞵.3.1
MG181842.1	𝞵.3.1
LC469586.1	𝞵.3.1
JQ069086.1	𝞵.3.1
OQ851610.1	𝞵.3.1
MG181875.1	𝞵.3.1
KJ626937.1	𝞵.3.1
MW552321.1	𝞵.3.1
MW552948.1	𝞵.3.1
KP007180.1	𝞵.3.1
KF938747.1	𝞵.3.1
MZ065783.1	𝞵.3.1
MG181754.1	𝞵.3.1
LC542058.1	𝞵.3.1
LC105255.1	𝞵.3.1
KP752778.1	𝞵.3.1
KJ752661.1	𝞵.3.1
KX362579.1	𝞵.3.1
MZ094401.1	𝞵.3.1
LC469591.1	𝞵.3.1
ON227299.1	𝞵.3.1
LC174973.1	𝞵.3.1
KP882339.1	𝞵.3.1
MH769720.1	𝞵.3.2
MZ065805.1	𝞵.3.3
JQ863319.1	𝞵.4.1
M33607.1	𝞵.4.1
M28377.1	𝞵.4.1
EF672562.1	𝞵.4.1
AB924116.1	𝞵.4.2
AB924105.1	𝞵.4.2
AB924094.1	𝞵.4.2
JQ423901.1	𝞵.4.3
AB770162.1	𝞵.4.4
JF712576.1	𝞵.5.1
JN903507.2	𝞵.5.1
KC815690.1	𝞵.5.1
LC460253.1	𝞵.5.1
JN872875.1	𝞵.5.1
KC815702.1	𝞵.5.1
JF712587.1	𝞵.5.1
LC460231.1	𝞵.5.1
JN903508.2	𝞵.5.1
KM454491.1	𝞵.5.2
AB908922.1	𝞵.5.2
LC460220.1	𝞵.5.2
LC467855.1	𝞵.5.2
LC467866.1	𝞵.5.2
LC467877.1	𝞵.5.2
LC467888.1	𝞵.5.2
AB908944.1	𝞵.5.2
LC460242.1	𝞵.5.2
KM454513.1	𝞵.5.2
LC467899.1	𝞵.5.2
AB908933.1	𝞵.5.2
AB908955.1	𝞵.5.2
AB908911.1	𝞵.5.2
KC815679.1	𝞵.5.2
AB971770.1	𝞵.6
EU708933.1	𝞵.7.1
EU708900.1	𝞵.7.1
LC326516.1	𝞵.7.1
LC328266.1	𝞵.7.1
EU708911.1	𝞵.7.1
MK272854.1	𝞵.7.1
ON322742.1	𝞵.7.1
LC328265.1	𝞵.7.1
JF804999.1	𝞵.7.1
ON322743.1	𝞵.7.1
ON322741.1	𝞵.7.1
EU708922.1	𝞵.7.1
EU708944.1	𝞵.7.1
JF804988.1	𝞵.7.1
KF907274.1	𝞵.7.2
DQ146706.1	𝞵.7.2
MK272856.1	𝞵.7.2
KF907273.1	𝞵.7.2
KR018482.1	𝞵.7.2
KJ626951.1	𝞵.7.2
FJ941113.1	𝞵.7.2
KJ626545.1	𝞵.7.2
MK272855.1	𝞵.7.2
OK651120.1	𝞵.7.3
OK651121.1	𝞵.7.3
JX946167.1	𝞵.7.4
KJ412851.1	𝞵.7.4
MW331512.1	𝞵.7.4
JX946178.1	𝞵.7.4
JN706665.1	𝞵.7.4
LC569474.1	𝞵.7.4
KJ412619.1	𝞵.7.4
KR262159.1	𝞵.7.4
KJ412796.1	𝞵.7.4
MT796867.1	𝞵.7.5
OP947218.1	𝞵.7.5
HQ846864.1	𝞵.7.5
AF306492.1	𝞵.7.5
MT226655.1	𝞵.7.5
MT226622.1	𝞵.7.5
HQ665464.1	𝞵.7.5
MT364867.1	𝞵.7.6
MN433627.1	𝞵.7.6
OM450988.1	𝞵.7.6
OL457188.1	𝞵.7.6
LC340031.1	𝞵.7.6
KU597754.1	𝞵.7.6
JX036375.1	𝞵.7.6
MT364834.1	𝞵.7.6
OQ984894.1	𝞵.7.7
KY972007.1	𝞵.7.7
KF541291.1	𝞵.7.7
FJ816617.1	𝞵.7.7
KY972008.1	𝞵.7.7
KX618238.1	𝞵.7.8
KU361059.1	𝞵.7.8
KU361061.1	𝞵.7.8
KU361057.1	𝞵.7.8
KR106160.1	𝞵.7.9
OP963646.1	𝞵.7.10
HQ661133.1	𝞵.7.11
HQ661144.1	𝞵.7.11
KJ875801.1	𝞵.7.11
HQ661122.1	𝞵.7.11
LC576618.1	𝞵.7.12
KF649186.1	𝞵.7.12
KC960629.1	𝞵.7.12
KX814952.1	𝞵.7.12
KX814963.1	𝞵.7.12
LC328264.1	𝞵.7.13
KX814931.1	𝞵.7.14
EU791926.1	𝞵.7.15
ON221581.1	𝞵.7.16
MW720866.1	𝞵.7.17
MW720877.1	𝞵.7.17
LC328267.1	𝞵.7.18
GU983680.1	𝞵.8.1
KX268786.2	𝞵.8.2
KX420948.1	𝞵.8.2
KX766185.1	𝞵.9.1
LC333812.1	𝞵.9.1
NC_011505.2	𝞵.9.1
JF791805.1	𝞵.9.1
KJ450841.1	𝞵.9.1
JF896475.1	𝞵.9.1
HM627563.1	𝞵.9.2
JF712565.1	𝞵.10
LC528251.1	𝞵.10
KR086417.1	𝞵.10
JN887813.1	𝞵.11
KJ879458.1	𝞵.12
KX257411.1	𝞵.13.1
KR106165.1	𝞵.13.2
KX268775.1	𝞵.14
KX268764.1	𝞵.14
KX268753.1	𝞵.14
KX268797.1	𝞵.14
MN567272.1	𝞵.14
KX398369.1	𝞵.15
LC638708.2	𝞵.16
LC704674.1	𝞵.17
LC704652.1	𝞵.17
MH717375.1	𝞵.18
MH933791.1	𝞵.19
MN528126.1	𝞵.20
MN528085.1	𝞵.20
MN528115.1	𝞵.20
MN551608.1	𝞵.21
ON059905.1	𝞵.22
ON059906.1	𝞵.22
ON059903.1	𝞵.22
ON059901.1	𝞵.22
ON059902.1	𝞵.22
ON059904.1	𝞵.22
ON988163.1	𝞵.23
