KC174877.1	𝝎.1.1
KC174954.1	𝝎.1.1
KC175126.1	𝝎.1.1
KC174974.1	𝝎.1.1
KC175247.1	𝝎.1.1
KC175061.1	𝝎.1.1
KC175104.1	𝝎.1.1
KC175192.1	𝝎.1.1
KC175094.1	𝝎.1.1
KC175137.1	𝝎.1.1
KC175214.1	𝝎.1.1
KC174888.1	𝝎.1.1
KC175236.1	𝝎.1.1
KC175006.1	𝝎.1.1
KC175159.1	𝝎.1.1
KC175039.1	𝝎.1.1
KC175225.1	𝝎.1.1
KC175203.1	𝝎.1.1
KC174995.1	𝝎.1.1
EU200793.1	𝝎.1.1
KC174932.1	𝝎.1.1
KC175148.1	𝝎.1.1
KC174943.1	𝝎.1.1
KC174866.1	𝝎.1.1
KC174985.1	𝝎.1.1
KC175170.1	𝝎.1.1
KC175017.1	𝝎.1.1
KC175269.1	𝝎.1.1
KC174921.1	𝝎.1.1
KC175083.1	𝝎.1.1
KC174910.1	𝝎.1.1
KC174964.1	𝝎.1.1
MF184817.1	𝝎.1.1
KC175028.1	𝝎.1.1
EF554093.1	𝝎.1.2
KT919447.1	𝝎.1.2
LC336591.1	𝝎.1.2
ON206956.1	𝝎.1.2
KJ919363.1	𝝎.1.2
EU636924.1	𝝎.1.2
KF729634.1	𝝎.1.2
KJ919361.1	𝝎.1.2
MN479001.1	𝝎.1.2
KU128892.1	𝝎.1.2
LC727725.1	𝝎.1.2
MT163226.1	𝝎.1.2
EF560615.1	𝝎.1.2
OQ201416.1	𝝎.1.2
ON711384.1	𝝎.1.2
OL988973.1	𝝎.1.2
AB748576.1	𝝎.1.2
KR705300.1	𝝎.1.2
GQ428141.1	𝝎.1.2
OQ201424.1	𝝎.1.2
FJ422131.1	𝝎.1.2
MT276806.1	𝝎.1.2
KJ919366.1	𝝎.1.2
KJ919388.1	𝝎.1.2
MT226612.1	𝝎.1.2
KC488885.1	𝝎.1.2
MN632906.1	𝝎.1.2
LC384330.1	𝝎.1.2
KU708259.1	𝝎.1.2
OM643799.1	𝝎.1.2
LC553584.1	𝝎.1.2
HM988967.1	𝝎.1.2
KF729638.1	𝝎.1.2
KJ919370.1	𝝎.1.2
MW924298.1	𝝎.1.2
MT226634.1	𝝎.1.2
OR125124.1	𝝎.1.2
MT163215.1	𝝎.1.2
MH769723.1	𝝎.1.2
KJ919364.1	𝝎.1.2
MN479053.1	𝝎.1.2
EF583006.1	𝝎.1.2
OQ201419.1	𝝎.1.2
OQ201415.1	𝝎.1.2
ON206945.1	𝝎.1.2
GU565052.1	𝝎.1.2
OQ201409.1	𝝎.1.2
AB748574.1	𝝎.1.2
OQ201417.1	𝝎.1.2
OQ201421.1	𝝎.1.2
KJ919378.1	𝝎.1.2
HM988966.1	𝝎.1.2
AB853890.1	𝝎.1.2
AB748572.1	𝝎.1.2
KJ919368.1	𝝎.1.2
GU565085.1	𝝎.1.2
KJ919383.1	𝝎.1.2
KT887531.1	𝝎.1.2
KC443598.1	𝝎.1.2
LC340013.1	𝝎.1.2
AB748573.1	𝝎.1.2
KF729636.1	𝝎.1.2
LC553628.1	𝝎.1.2
OL988961.1	𝝎.1.2
OQ201414.1	𝝎.1.2
MT796866.1	𝝎.1.2
KJ919334.1	𝝎.1.2
KJ919371.1	𝝎.1.2
LC095957.1	𝝎.1.2
OQ201425.1	𝝎.1.2
LC133547.1	𝝎.1.2
HQ846854.1	𝝎.1.2
JN831231.1	𝝎.1.3
MW771176.1	𝝎.1.3
KF636256.1	𝝎.1.3
KJ752061.1	𝝎.1.3
JN831209.1	𝝎.1.3
MW771143.1	𝝎.1.3
KP752877.1	𝝎.1.3
MT234351.1	𝝎.1.3
MW771123.1	𝝎.1.3
OQ201423.1	𝝎.1.3
MW771110.1	𝝎.1.3
MW771198.1	𝝎.1.3
MW771165.1	𝝎.1.3
MW771132.1	𝝎.1.3
JN831220.1	𝝎.1.3
LC158119.1	𝝎.1.3
FJ495126.1	𝝎.1.3
KP752910.1	𝝎.1.3
OQ201412.1	𝝎.1.3
KJ751922.1	𝝎.1.3
MT234362.1	𝝎.1.3
MG926767.1	𝝎.1.3
OL988949.1	𝝎.1.4
JF990805.1	𝝎.1.4
KC215519.1	𝝎.1.4
KC215529.1	𝝎.1.4
HQ844016.1	𝝎.1.4
OL988937.1	𝝎.1.4
OL988925.1	𝝎.1.4
JF990828.1	𝝎.1.4
KC215497.1	𝝎.1.4
KC215540.1	𝝎.1.4
JF693070.1	𝝎.1.4
HQ844005.1	𝝎.1.4
KC215476.1	𝝎.1.4
OL988985.1	𝝎.1.4
X55444.1	𝝎.1.4
KC215551.1	𝝎.1.4
KC215508.1	𝝎.1.4
OL988913.1	𝝎.1.4
KC215486.1	𝝎.1.4
OL989021.1	𝝎.1.4
JF693059.1	𝝎.1.4
MT428366.1	𝝎.1.4
KJ803835.1	𝝎.1.5
AB374143.1	𝝎.1.6
LC553617.1	𝝎.1.7
LC553595.1	𝝎.1.7
AB573079.1	𝝎.1.8
MN626420.1	𝝎.1.9
AB748575.1	𝝎.1.10
DQ870493.1	𝝎.1.10
JF693026.1	𝝎.1.10
OK651078.1	𝝎.1.10
GU827406.1	𝝎.1.11
KJ919337.1	𝝎.1.11
JX271001.1	𝝎.1.11
MF940641.1	𝝎.1.12
MF940640.1	𝝎.1.12
MF940639.1	𝝎.1.12
MF940638.1	𝝎.1.12
DQ205221.1	𝝎.1.13
KP006506.1	𝝎.1.14
KU956006.1	𝝎.1.14
EF560612.1	𝝎.1.15
GU296421.1	𝝎.1.16
KF500519.1	𝝎.1.16
MN067455.1	𝝎.1.17
KC815658.1	𝝎.1.18
LC133558.1	𝝎.1.18
AB573070.1	𝝎.1.18
AB972856.1	𝝎.1.19
LC133569.1	𝝎.1.19
OP680459.1	𝝎.1.20
LC553606.1	𝝎.1.21
MZ848167.1	𝝎.1.22
KX212875.1	𝝎.1.22
OQ082570.1	𝝎.1.22
MZ848168.1	𝝎.1.22
JX402791.1	𝝎.1.22
ON191596.1	𝝎.1.23
LC367314.1	𝝎.1.23
KT281120.1	𝝎.1.24
EF554126.1	𝝎.1.25
MW292229.1	𝝎.1.26
HM627542.1	𝝎.1.27
JF693037.1	𝝎.1.28
EF583041.1	𝝎.1.29
MT163182.1	𝝎.1.30
KU962128.1	𝝎.1.31
LC727976.1	𝝎.1.32
MW752838.1	𝝎.1.33
JX567760.1	𝝎.1.34
KP258398.1	𝝎.1.35
AY740741.1	𝝎.1.35
KF541281.1	𝝎.1.36
LC133536.1	𝝎.1.37
ON992028.1	𝝎.2.1
ON991999.1	𝝎.2.1
ON991958.1	𝝎.2.1
MW384407.1	𝝎.2.1
MZ095957.1	𝝎.2.1
ON992066.1	𝝎.2.1
MN478985.1	𝝎.2.1
KX363147.1	𝝎.2.1
ON991986.1	𝝎.2.1
MZ095858.1	𝝎.2.1
ON992018.1	𝝎.2.1
ON992002.1	𝝎.2.1
KX363039.1	𝝎.2.1
LC105036.1	𝝎.2.1
MF580881.1	𝝎.2.1
MT854767.1	𝝎.2.1
ON992027.1	𝝎.2.1
KY497486.1	𝝎.2.1
KF371752.1	𝝎.2.1
MN478983.1	𝝎.2.1
ON991965.1	𝝎.2.1
ON992025.1	𝝎.2.1
LC491509.1	𝝎.2.1
MZ095617.1	𝝎.2.1
LC491530.1	𝝎.2.1
LC105014.1	𝝎.2.1
LC569083.1	𝝎.2.1
LC569068.1	𝝎.2.1
MZ165438.1	𝝎.2.1
KU243535.1	𝝎.2.1
ON992044.1	𝝎.2.1
MW384033.1	𝝎.2.1
ON992003.1	𝝎.2.1
MN479059.1	𝝎.2.1
JF490820.1	𝝎.2.1
MN479065.1	𝝎.2.1
LC491520.1	𝝎.2.1
LC086747.1	𝝎.2.1
LC569076.1	𝝎.2.1
JF490787.1	𝝎.2.1
LC172988.1	𝝎.2.1
KU048548.1	𝝎.2.1
OM037869.1	𝝎.2.1
LC173009.1	𝝎.2.1
LC569089.1	𝝎.2.1
LC668434.1	𝝎.2.1
JX027857.1	𝝎.2.1
ON992006.1	𝝎.2.1
LC569045.1	𝝎.2.1
MZ407300.1	𝝎.2.1
KU243536.1	𝝎.2.1
JQ069873.1	𝝎.2.1
LC491552.1	𝝎.2.1
MZ097285.1	𝝎.2.1
KT920926.1	𝝎.2.1
LC477457.1	𝝎.2.1
ON992020.1	𝝎.2.1
MZ095573.1	𝝎.2.1
KJ753215.1	𝝎.2.1
LC569047.1	𝝎.2.1
ON991961.1	𝝎.2.1
KF371937.1	𝝎.2.1
JQ069892.1	𝝎.2.1
OM037946.1	𝝎.2.1
ON992042.1	𝝎.2.1
MZ095704.1	𝝎.2.1
KX362897.1	𝝎.2.1
LC172960.1	𝝎.2.1
MT855438.1	𝝎.2.1
ON991953.1	𝝎.2.1
ON992048.1	𝝎.2.1
JN706460.1	𝝎.2.1
LC105459.1	𝝎.2.1
JF490556.1	𝝎.2.1
MZ096197.1	𝝎.2.1
KX363293.1	𝝎.2.1
LC569079.1	𝝎.2.1
MZ165445.1	𝝎.2.1
JX027930.1	𝝎.2.1
JF490772.1	𝝎.2.1
JF491071.1	𝝎.2.1
KT920805.1	𝝎.2.1
LC668456.1	𝝎.2.1
LC105372.1	𝝎.2.1
ON991982.1	𝝎.2.1
LC569099.1	𝝎.2.1
KJ752980.1	𝝎.2.1
OM037968.1	𝝎.2.1
LC569087.1	𝝎.2.1
MH933782.1	𝝎.2.1
MT854778.1	𝝎.2.1
MZ097113.1	𝝎.2.1
ON992017.1	𝝎.2.1
ON991967.1	𝝎.2.1
KY634583.1	𝝎.2.1
JN706464.1	𝝎.2.1
LC569048.1	𝝎.2.1
ON992046.1	𝝎.2.1
MW384121.1	𝝎.2.1
JF766600.1	𝝎.2.1
JQ087434.1	𝝎.2.1
KX363083.1	𝝎.2.1
LC172996.1	𝝎.2.1
MN632808.1	𝝎.2.1
MT737413.1	𝝎.2.1
ON991956.1	𝝎.2.1
ON991980.1	𝝎.2.1
MZ165443.1	𝝎.2.1
JF490633.1	𝝎.2.1
LC581246.1	𝝎.2.1
KX363212.1	𝝎.2.1
LC569069.1	𝝎.2.1
LC105383.1	𝝎.2.1
MZ095935.1	𝝎.2.1
MN479012.1	𝝎.2.1
KX778539.1	𝝎.2.1
MT854712.1	𝝎.2.1
MZ095365.1	𝝎.2.1
MT854393.1	𝝎.2.1
LC105514.1	𝝎.2.1
LC569081.1	𝝎.2.1
MZ095990.1	𝝎.2.1
LC491562.1	𝝎.2.1
MW384264.1	𝝎.2.1
ON991997.1	𝝎.2.1
LC477469.1	𝝎.2.1
LC569096.1	𝝎.2.1
MZ095486.1	𝝎.2.1
ON992023.1	𝝎.2.1
LC105470.1	𝝎.2.1
MN066754.1	𝝎.2.1
LC477463.1	𝝎.2.1
ON991990.1	𝝎.2.1
OQ555620.1	𝝎.2.1
ON992024.1	𝝎.2.1
KX362995.1	𝝎.2.1
LC569078.1	𝝎.2.1
KT920904.1	𝝎.2.1
LC569066.1	𝝎.2.1
MW384110.1	𝝎.2.1
LC569053.1	𝝎.2.1
HM773722.1	𝝎.2.1
KJ753019.1	𝝎.2.1
KY634625.1	𝝎.2.1
OR192440.1	𝝎.2.1
MW827698.1	𝝎.2.1
MZ096056.1	𝝎.2.1
MZ165441.1	𝝎.2.1
ON992061.1	𝝎.2.1
KX362875.1	𝝎.2.1
ON992007.1	𝝎.2.1
KX362939.1	𝝎.2.1
MZ095530.1	𝝎.2.1
KC769338.1	𝝎.2.1
ON991963.1	𝝎.2.1
KX362678.1	𝝎.2.1
LC477444.1	𝝎.2.1
KF371796.1	𝝎.2.1
MZ095508.1	𝝎.2.1
KX362973.1	𝝎.2.1
MW384198.1	𝝎.2.1
LC105525.1	𝝎.2.1
ON991987.1	𝝎.2.1
ON992051.1	𝝎.2.1
JN706462.1	𝝎.2.1
KT920915.1	𝝎.2.1
MT854646.1	𝝎.2.1
KJ753292.1	𝝎.2.1
KY634561.1	𝝎.2.1
LC477464.1	𝝎.2.1
KX363072.1	𝝎.2.1
MF580880.1	𝝎.2.1
KX363234.1	𝝎.2.1
ON991983.1	𝝎.2.1
MZ095682.1	𝝎.2.1
KX363265.1	𝝎.2.1
HQ609552.1	𝝎.2.1
ON991971.1	𝝎.2.1
ON991991.1	𝝎.2.1
ON992010.1	𝝎.2.1
ON992055.1	𝝎.2.1
ON992047.1	𝝎.2.1
LC105091.1	𝝎.2.1
LC569065.1	𝝎.2.1
KP882024.1	𝝎.2.1
MN106133.1	𝝎.2.1
ON992039.1	𝝎.2.1
HQ392399.1	𝝎.2.1
JF490622.1	𝝎.2.1
ON991975.1	𝝎.2.1
KX362951.1	𝝎.2.1
ON992031.1	𝝎.2.1
KY634605.1	𝝎.2.1
KP752866.1	𝝎.2.1
LC569056.1	𝝎.2.1
LC228392.1	𝝎.2.1
MZ095891.1	𝝎.2.1
MN479064.1	𝝎.2.1
LC569075.1	𝝎.2.1
OR192442.1	𝝎.2.1
MN478973.1	𝝎.2.1
KY634760.1	𝝎.2.1
LC581248.1	𝝎.2.1
KJ870911.1	𝝎.2.1
MZ096034.1	𝝎.2.1
MZ095792.1	𝝎.2.1
ON991962.1	𝝎.2.1
OR192489.1	𝝎.2.1
MZ097124.1	𝝎.2.1
KP752790.1	𝝎.2.1
KY634539.1	𝝎.2.1
OP850452.1	𝝎.2.1
ON991954.1	𝝎.2.1
MZ097102.1	𝝎.2.1
MZ066018.1	𝝎.2.1
ON992060.1	𝝎.2.1
KJ753226.1	𝝎.2.1
MW384011.1	𝝎.2.1
LC569094.1	𝝎.2.1
MT854349.1	𝝎.2.1
KX362766.1	𝝎.2.1
AB714258.1	𝝎.2.1
JQ069923.1	𝝎.2.1
LC668522.1	𝝎.2.1
KU243537.1	𝝎.2.1
KJ751933.1	𝝎.2.1
MH291378.1	𝝎.2.1
KX362843.1	𝝎.2.1
LC569091.1	𝝎.2.1
ON991985.1	𝝎.2.1
LC105481.1	𝝎.2.1
JQ069925.1	𝝎.2.1
KP882761.1	𝝎.2.1
LC086758.1	𝝎.2.1
JX027944.1	𝝎.2.1
ON991988.1	𝝎.2.1
LC688290.1	𝝎.2.1
KJ753738.1	𝝎.2.1
MW384022.1	𝝎.2.1
MZ095847.1	𝝎.2.1
LC569044.1	𝝎.2.1
KJ753749.1	𝝎.2.1
ON992057.1	𝝎.2.1
KJ753692.1	𝝎.2.1
LC668500.1	𝝎.2.1
MT854448.1	𝝎.2.1
LC581249.1	𝝎.2.1
LC477440.1	𝝎.2.1
LC105503.1	𝝎.2.1
KU243524.1	𝝎.2.1
LC105217.1	𝝎.2.1
ON992043.1	𝝎.2.1
MW383989.1	𝝎.2.1
MZ095606.1	𝝎.2.1
ON992008.1	𝝎.2.1
MZ095387.1	𝝎.2.1
JF490512.1	𝝎.2.1
ON992065.1	𝝎.2.1
JF490697.1	𝝎.2.1
KX778545.1	𝝎.2.1
JF490578.1	𝝎.2.1
MZ095628.1	𝝎.2.1
KC769481.1	𝝎.2.1
LC173015.1	𝝎.2.1
MZ095442.1	𝝎.2.1
JF790349.1	𝝎.2.1
LC105403.1	𝝎.2.1
LC569051.1	𝝎.2.1
MW827696.1	𝝎.2.1
LC105058.1	𝝎.2.1
JQ069914.1	𝝎.2.1
LC105492.1	𝝎.2.1
LC105448.1	𝝎.2.1
ON992063.1	𝝎.2.1
MZ095693.1	𝝎.2.1
MZ095902.1	𝝎.2.1
ON992053.1	𝝎.2.1
KX362591.1	𝝎.2.1
LC569086.1	𝝎.2.1
MW384143.1	𝝎.2.1
JF490743.1	𝝎.2.1
JN706453.1	𝝎.2.1
ON992038.1	𝝎.2.1
MZ095836.1	𝝎.2.1
LC569085.1	𝝎.2.1
KX362755.1	𝝎.2.1
MH291372.1	𝝎.2.1
ON991977.1	𝝎.2.1
MW384297.1	𝝎.2.1
MZ065908.1	𝝎.2.1
KU243523.1	𝝎.2.1
KX363017.1	𝝎.2.1
KX362984.1	𝝎.2.1
LC491476.1	𝝎.2.1
MT854404.1	𝝎.2.1
JQ069921.1	𝝎.2.1
MT300312.1	𝝎.2.1
JF490358.1	𝝎.2.1
JX195063.1	𝝎.2.1
KY634550.1	𝝎.2.1
LC173014.1	𝝎.2.1
LC105047.1	𝝎.2.1
OM037957.1	𝝎.2.1
KX363094.1	𝝎.2.1
OR192417.1	𝝎.2.1
HQ392339.1	𝝎.2.1
LC569593.1	𝝎.2.1
KY634572.1	𝝎.2.1
MW383978.1	𝝎.2.1
ON991952.1	𝝎.2.1
ON992045.1	𝝎.2.1
MF580878.1	𝝎.2.1
ON991972.1	𝝎.2.1
MG181502.1	𝝎.2.1
MW384187.1	𝝎.2.1
MZ095924.1	𝝎.2.1
KP882266.1	𝝎.2.1
KX362962.1	𝝎.2.1
MW384242.1	𝝎.2.1
LC569095.1	𝝎.2.1
MN479078.1	𝝎.2.1
KU243530.1	𝝎.2.1
MT854657.1	𝝎.2.1
MZ095475.1	𝝎.2.1
MZ095562.1	𝝎.2.1
MW827697.1	𝝎.2.1
MT737394.1	𝝎.2.1
OR192469.1	𝝎.2.1
KX363050.1	𝝎.2.1
ON991996.1	𝝎.2.1
MN529630.1	𝝎.2.1
MT854437.1	𝝎.2.1
ON992014.1	𝝎.2.1
ON992033.1	𝝎.2.1
LC668489.1	𝝎.2.1
HM773634.1	𝝎.2.1
MH094766.1	𝝎.2.1
KJ752004.1	𝝎.2.1
KP883212.1	𝝎.2.1
ON992022.1	𝝎.2.1
ON992001.1	𝝎.2.1
DQ146638.1	𝝎.2.1
KJ753379.1	𝝎.2.1
MT854954.1	𝝎.2.1
MW384209.1	𝝎.2.1
KX363061.1	𝝎.2.1
KJ751900.1	𝝎.2.1
ON992049.1	𝝎.2.1
ON991974.1	𝝎.2.1
LC477462.1	𝝎.2.1
KT988166.1	𝝎.2.1
ON992037.1	𝝎.2.1
KP752582.1	𝝎.2.1
KF371818.1	𝝎.2.1
ON992059.1	𝝎.2.1
LC105361.1	𝝎.2.1
ON991969.1	𝝎.2.1
MW384253.1	𝝎.2.1
KX362886.1	𝝎.2.1
ON992050.1	𝝎.2.1
KJ753468.1	𝝎.2.1
MW384000.1	𝝎.2.1
JX027708.1	𝝎.2.1
JN706463.1	𝝎.2.1
LC477458.1	𝝎.2.1
ON991998.1	𝝎.2.1
KC442929.1	𝝎.2.1
MH291377.1	𝝎.2.1
LC668445.1	𝝎.2.1
KC769382.1	𝝎.2.1
ON991979.1	𝝎.2.1
LC569063.1	𝝎.2.1
LC491487.1	𝝎.2.1
ON992029.1	𝝎.2.1
MH291373.1	𝝎.2.1
LC569067.1	𝝎.2.1
LC228403.1	𝝎.2.1
ON992005.1	𝝎.2.1
OQ541837.1	𝝎.2.1
KP752538.1	𝝎.2.1
MW827699.1	𝝎.2.1
ON992012.1	𝝎.2.1
MZ165433.1	𝝎.2.1
LC569061.1	𝝎.2.1
ON992016.1	𝝎.2.1
ON992019.1	𝝎.2.1
MZ095420.1	𝝎.2.1
ON991989.1	𝝎.2.1
MT854426.1	𝝎.2.1
MZ096012.1	𝝎.2.1
KJ752890.1	𝝎.2.1
ON991978.1	𝝎.2.1
LC491498.1	𝝎.2.1
LC172986.1	𝝎.2.1
LC172972.1	𝝎.2.1
KU243529.1	𝝎.2.1
KP752437.1	𝝎.2.1
JQ069874.1	𝝎.2.1
JQ069916.1	𝝎.2.1
OR192418.1	𝝎.2.1
LC569046.1	𝝎.2.1
LC569088.1	𝝎.2.1
ON992034.1	𝝎.2.1
KX362908.1	𝝎.2.1
MW384363.1	𝝎.2.1
KT920684.1	𝝎.2.1
LC569074.1	𝝎.2.1
ON991993.1	𝝎.2.1
LC569072.1	𝝎.2.1
JF490644.1	𝝎.2.1
LC569042.1	𝝎.2.1
JN706444.1	𝝎.2.1
LC105186.1	𝝎.2.1
MZ095431.1	𝝎.2.1
KX363105.1	𝝎.2.1
LC569043.1	𝝎.2.1
MF580879.1	𝝎.2.1
MW384319.1	𝝎.2.1
JF490320.1	𝝎.2.1
LC477467.1	𝝎.2.1
LC569050.1	𝝎.2.1
LC569070.1	𝝎.2.1
ON991981.1	𝝎.2.1
ON991970.1	𝝎.2.1
MT854338.1	𝝎.2.1
KF371884.1	𝝎.2.1
HM773733.1	𝝎.2.1
KP753167.1	𝝎.2.1
MN066772.1	𝝎.2.1
LC668478.1	𝝎.2.1
MN633027.1	𝝎.2.1
KT921025.1	𝝎.2.1
KU243522.1	𝝎.2.1
LC105415.1	𝝎.2.1
JQ069912.1	𝝎.2.1
ON991973.1	𝝎.2.1
LC569058.1	𝝎.2.1
OM037880.1	𝝎.2.1
ON991995.1	𝝎.2.1
ON992056.1	𝝎.2.1
KP752993.1	𝝎.2.1
KX363169.1	𝝎.2.1
KP882002.1	𝝎.2.1
JF490985.1	𝝎.2.1
MZ095464.1	𝝎.2.1
LC228381.1	𝝎.2.1
KJ751691.1	𝝎.2.1
KY634699.1	𝝎.2.1
KX363191.1	𝝎.2.1
ON991966.1	𝝎.2.1
MH291374.1	𝝎.2.1
KF371851.1	𝝎.2.1
MZ095551.1	𝝎.2.1
MH910063.1	𝝎.2.2
MK026435.1	𝝎.2.2
KC580434.1	𝝎.2.3
LC172984.1	𝝎.2.3
KJ559301.1	𝝎.2.3
MZ095202.1	𝝎.2.3
LC172998.1	𝝎.2.3
KJ919340.1	𝝎.2.3
LC172985.1	𝝎.2.3
MZ094993.1	𝝎.2.3
MT579344.1	𝝎.2.3
MZ095081.1	𝝎.2.3
LC367281.1	𝝎.2.3
LC374096.1	𝝎.2.3
LC426755.1	𝝎.2.3
MZ094567.1	𝝎.2.3
MZ097025.1	𝝎.2.3
KJ919314.1	𝝎.2.3
MZ097091.1	𝝎.2.3
KJ626774.1	𝝎.2.3
MZ095332.1	𝝎.2.3
MZ094677.1	𝝎.2.3
LC172994.1	𝝎.2.3
MN106138.1	𝝎.2.3
LC172987.1	𝝎.2.3
MZ094905.1	𝝎.2.3
MZ095979.1	𝝎.2.3
FJ947208.1	𝝎.2.3
KJ752629.1	𝝎.2.3
MZ095398.1	𝝎.2.3
MZ095301.1	𝝎.2.3
MZ094765.1	𝝎.2.3
MZ094600.1	𝝎.2.3
LC374030.1	𝝎.2.3
MZ094862.1	𝝎.2.3
MZ094457.1	𝝎.2.3
MZ095136.1	𝝎.2.3
KJ919394.1	𝝎.2.3
LC374074.1	𝝎.2.3
MN479099.1	𝝎.2.3
MW280912.1	𝝎.2.3
KJ753346.1	𝝎.2.3
KU048527.1	𝝎.2.3
MH169451.1	𝝎.2.3
MZ097003.1	𝝎.2.3
HQ392391.1	𝝎.2.3
MZ094743.1	𝝎.2.3
MZ094622.1	𝝎.2.3
KC579892.1	𝝎.2.3
MN206117.1	𝝎.2.3
HM773788.1	𝝎.2.3
LC374107.1	𝝎.2.3
KU048534.1	𝝎.2.3
MZ095770.1	𝝎.2.3
LC374041.1	𝝎.2.3
MZ094807.1	𝝎.2.3
LC374085.1	𝝎.2.3
KU048528.1	𝝎.2.3
MZ095257.1	𝝎.2.3
LC172991.1	𝝎.2.3
LC374052.1	𝝎.2.3
MZ095037.1	𝝎.2.3
MZ095224.1	𝝎.2.3
MT579343.1	𝝎.2.3
MH291375.1	𝝎.2.3
LC172993.1	𝝎.2.3
KT988232.1	𝝎.2.3
MZ094468.1	𝝎.2.3
HM773777.1	𝝎.2.3
MT579362.1	𝝎.2.3
OR192415.1	𝝎.2.3
MZ094949.1	𝝎.2.3
MT579365.1	𝝎.2.3
LC367292.1	𝝎.2.3
FJ361201.1	𝝎.2.4
KJ583141.1	𝝎.2.4
KP752527.1	𝝎.2.4
HM773865.1	𝝎.2.5
KC139781.1	𝝎.2.6
MH910074.1	𝝎.2.7
KC769371.1	𝝎.2.8
KX632342.1	𝝎.2.9
LC001945.1	𝝎.3.1
LC001943.1	𝝎.3.1
LC001952.1	𝝎.3.1
LC001949.1	𝝎.3.1
AB971553.1	𝝎.3.1
LC001942.1	𝝎.3.1
AB971554.1	𝝎.3.1
LC001950.1	𝝎.3.1
AB762772.1	𝝎.3.1
LC001946.1	𝝎.3.1
LC001944.1	𝝎.3.1
LC438390.1	𝝎.3.1
AY787653.1	𝝎.3.1
DQ870485.1	𝝎.3.1
LC001948.1	𝝎.3.1
LC001951.1	𝝎.3.1
AB733133.2	𝝎.3.1
LC001941.1	𝝎.3.1
LC001940.1	𝝎.3.1
LC684234.1	𝝎.3.2
MT796870.1	𝝎.3.2
LC001939.1	𝝎.3.2
KC443587.1	𝝎.3.2
MN479075.1	𝝎.3.2
HQ650116.1	𝝎.3.2
MT410473.1	𝝎.4.1
LC103019.1	𝝎.4.1
OR192347.1	𝝎.4.1
LC103030.1	𝝎.4.1
MN058746.1	𝝎.4.1
OP487434.1	𝝎.4.1
MN066956.1	𝝎.4.1
LC433669.1	𝝎.4.1
OP487357.1	𝝎.4.1
LC169885.1	𝝎.4.1
LC169962.1	𝝎.4.1
OP487401.1	𝝎.4.1
LC169918.1	𝝎.4.1
LC074734.1	𝝎.4.1
MN058735.1	𝝎.4.1
LC169841.1	𝝎.4.1
MK376892.1	𝝎.4.1
MT410484.1	𝝎.4.1
LC102887.1	𝝎.4.1
LC102975.1	𝝎.4.1
OP487423.1	𝝎.4.1
LC169874.1	𝝎.4.1
MT410495.1	𝝎.4.1
OP487489.1	𝝎.4.1
OP487467.1	𝝎.4.1
LC477454.1	𝝎.4.1
LC569049.1	𝝎.4.1
OP487456.1	𝝎.4.1
LC491443.1	𝝎.4.1
MT723917.1	𝝎.4.1
OP487302.1	𝝎.4.1
LC102920.1	𝝎.4.1
OP487324.1	𝝎.4.1
LC102997.1	𝝎.4.1
OP487445.1	𝝎.4.1
OP487390.1	𝝎.4.1
OP487313.1	𝝎.4.1
LC103008.1	𝝎.4.1
OP487511.1	𝝎.4.1
LC102986.1	𝝎.4.1
LC169951.1	𝝎.4.1
MN401289.1	𝝎.4.1
MN058757.1	𝝎.4.1
LC477459.1	𝝎.4.1
LC102898.1	𝝎.4.1
KP198628.1	𝝎.4.1
OP487412.1	𝝎.4.1
LC102909.1	𝝎.4.1
LC103041.1	𝝎.4.1
LC169929.1	𝝎.4.1
LC169940.1	𝝎.4.1
OP487335.1	𝝎.4.1
OP487368.1	𝝎.4.1
MT723906.1	𝝎.4.1
AB749787.1	𝝎.4.2
EF583033.1	𝝎.4.2
AB749799.1	𝝎.4.2
JF304915.1	𝝎.4.2
AB749800.1	𝝎.4.2
AB749779.1	𝝎.4.2
AB749793.1	𝝎.4.2
AB749785.1	𝝎.4.2
AB749784.1	𝝎.4.2
HQ657138.1	𝝎.4.2
AB749794.1	𝝎.4.2
JX416211.1	𝝎.4.2
DQ146693.1	𝝎.4.2
AB749780.1	𝝎.4.2
AB749786.1	𝝎.4.2
KR705146.1	𝝎.4.3
AB763956.1	𝝎.4.3
AB763957.1	𝝎.4.3
KC178764.1	𝝎.4.4
MG214337.1	𝝎.4.5
KP198639.1	𝝎.4.6
KU508380.1	𝝎.4.6
GU296420.1	𝝎.4.6
FN665677.1	𝝎.4.6
JF421975.1	𝝎.4.6
MW280911.1	𝝎.4.6
KX880439.1	𝝎.4.6
JF304926.1	𝝎.4.7
EF554104.1	𝝎.4.8
KJ187599.1	𝝎.4.8
KX265690.1	𝝎.4.9
KP198650.1	𝝎.4.10
LC227938.1	𝝎.5.1
LC172902.1	𝝎.5.1
OQ133147.1	𝝎.5.1
KJ626965.1	𝝎.5.1
KX655462.1	𝝎.5.1
MN066889.1	𝝎.5.1
MZ096552.1	𝝎.5.1
LC541974.1	𝝎.5.1
KX171520.1	𝝎.5.1
KJ752458.1	𝝎.5.1
OR192374.1	𝝎.5.1
KC443356.1	𝝎.5.1
OQ133157.1	𝝎.5.1
LC172872.1	𝝎.5.1
LC542227.1	𝝎.5.1
MZ094013.1	𝝎.5.1
MW552666.1	𝝎.5.1
KP882200.1	𝝎.5.1
MZ094359.1	𝝎.5.1
LC105166.1	𝝎.5.1
LC542128.1	𝝎.5.1
KP882574.1	𝝎.5.1
MW551962.1	𝝎.5.1
ON791908.1	𝝎.5.1
LC514492.1	𝝎.5.1
MN479107.1	𝝎.5.1
MZ093971.1	𝝎.5.1
OQ201428.1	𝝎.5.1
KC443233.1	𝝎.5.1
LC172901.1	𝝎.5.1
KR705245.1	𝝎.5.1
MZ066359.1	𝝎.5.1
KP752560.1	𝝎.5.1
LC542106.1	𝝎.5.1
OR192385.1	𝝎.5.1
LC105393.1	𝝎.5.1
LC105155.1	𝝎.5.1
KP882387.1	𝝎.5.1
KX171511.1	𝝎.5.1
AB975631.1	𝝎.5.1
LC260248.1	𝝎.5.1
KP882486.1	𝝎.5.1
DQ146682.1	𝝎.5.1
MN066844.1	𝝎.5.1
LC172925.1	𝝎.5.1
OR192380.1	𝝎.5.1
KC442951.1	𝝎.5.1
MZ065677.1	𝝎.5.1
OR192398.1	𝝎.5.1
MZ094148.1	𝝎.5.1
AB938260.1	𝝎.5.1
MT232620.1	𝝎.5.1
MZ093771.1	𝝎.5.1
MG181579.1	𝝎.5.1
MN066783.1	𝝎.5.1
OK349189.1	𝝎.5.1
MN067091.1	𝝎.5.1
MZ094263.1	𝝎.5.1
AB749801.1	𝝎.5.1
KF636311.1	𝝎.5.1
OQ201420.1	𝝎.5.1
LC001953.1	𝝎.5.1
KY634792.1	𝝎.5.1
MG891993.1	𝝎.5.1
KJ721719.1	𝝎.5.1
LC227935.1	𝝎.5.1
LC469398.1	𝝎.5.1
KJ753270.1	𝝎.5.1
MW551995.1	𝝎.5.1
OP082193.1	𝝎.5.1
LC172860.1	𝝎.5.1
LC465252.1	𝝎.5.1
KX362722.1	𝝎.5.1
MH291387.1	𝝎.5.1
ON792069.1	𝝎.5.1
OQ133145.1	𝝎.5.1
MH291386.1	𝝎.5.1
OQ133158.1	𝝎.5.1
KU550264.1	𝝎.5.1
MZ094087.1	𝝎.5.1
KP882376.1	𝝎.5.1
OR192372.1	𝝎.5.1
MZ094170.1	𝝎.5.1
MN067100.1	𝝎.5.1
MT163237.1	𝝎.5.1
LC477441.1	𝝎.5.1
MZ097242.1	𝝎.5.1
AB975654.1	𝝎.5.1
LC477456.1	𝝎.5.1
KR701629.1	𝝎.5.1
KP752448.1	𝝎.5.1
HM467927.1	𝝎.5.1
KC178767.1	𝝎.5.1
LC133514.1	𝝎.5.1
MZ096111.1	𝝎.5.1
LC455765.1	𝝎.5.1
KU356651.1	𝝎.5.1
KU243532.1	𝝎.5.1
LC172970.1	𝝎.5.1
KY657695.1	𝝎.5.1
LC463202.1	𝝎.5.1
MG181832.1	𝝎.5.1
LC542539.1	𝝎.5.1
MW552611.1	𝝎.5.1
OP850445.1	𝝎.5.1
MW552721.1	𝝎.5.1
LC227940.1	𝝎.5.1
MW280909.1	𝝎.5.1
KC782519.2	𝝎.5.1
KJ627161.1	𝝎.5.1
LC514481.1	𝝎.5.1
LC569595.1	𝝎.5.1
MZ093836.1	𝝎.5.1
LC066172.1	𝝎.5.1
MZ066315.1	𝝎.5.1
JN706450.1	𝝎.5.1
AB975665.1	𝝎.5.1
LC460426.1	𝝎.5.1
KY634664.1	𝝎.5.1
MH569746.1	𝝎.5.1
ON792058.1	𝝎.5.1
KP882607.1	𝝎.5.1
KX655473.1	𝝎.5.1
KJ753005.1	𝝎.5.1
AB975633.1	𝝎.5.1
LC542396.1	𝝎.5.1
LC260244.1	𝝎.5.1
DQ490551.1	𝝎.5.1
KU243526.1	𝝎.5.1
LC172876.1	𝝎.5.1
KX362777.1	𝝎.5.1
KR705399.1	𝝎.5.1
KC443200.1	𝝎.5.1
LC172900.1	𝝎.5.1
LC260249.1	𝝎.5.1
MT005298.1	𝝎.5.1
OR192352.1	𝝎.5.1
LC542374.1	𝝎.5.1
MZ096078.1	𝝎.5.1
ON792014.1	𝝎.5.1
AB975651.1	𝝎.5.1
KF716349.1	𝝎.5.1
OR192393.1	𝝎.5.1
LC542117.1	𝝎.5.1
OR192397.1	𝝎.5.1
LC086780.1	𝝎.5.1
MZ094851.1	𝝎.5.1
KC443378.1	𝝎.5.1
LC542194.1	𝝎.5.1
KU059777.1	𝝎.5.1
MF044153.1	𝝎.5.1
MZ065963.1	𝝎.5.1
MW552248.1	𝝎.5.1
LC172894.1	𝝎.5.1
MW552919.1	𝝎.5.1
KR705190.1	𝝎.5.1
MH569748.1	𝝎.5.1
LC105426.1	𝝎.5.1
MG599518.1	𝝎.5.1
MZ093993.1	𝝎.5.1
LC468235.1	𝝎.5.1
KU356607.1	𝝎.5.1
KC443266.1	𝝎.5.1
KY657697.1	𝝎.5.1
KJ751635.1	𝝎.5.1
MG670642.1	𝝎.5.1
MW552622.1	𝝎.5.1
OP677694.1	𝝎.5.1
OP850442.1	𝝎.5.1
KJ721718.1	𝝎.5.1
DQ005114.1	𝝎.5.1
OR192383.1	𝝎.5.1
KU243538.1	𝝎.5.1
MT579413.1	𝝎.5.1
KX362569.1	𝝎.5.1
KC178765.1	𝝎.5.1
LC569052.1	𝝎.5.1
KP883102.1	𝝎.5.1
KU248372.1	𝝎.5.1
LC172882.1	𝝎.5.1
OR192378.1	𝝎.5.1
KJ626938.1	𝝎.5.1
JX965133.1	𝝎.5.1
MW552061.1	𝝎.5.1
MG891982.1	𝝎.5.1
MW552545.1	𝝎.5.1
KC443029.1	𝝎.5.1
MZ065974.1	𝝎.5.1
MW552171.1	𝝎.5.1
KC442903.1	𝝎.5.1
LC469407.1	𝝎.5.1
MG181700.1	𝝎.5.1
MW552127.1	𝝎.5.1
KM660258.1	𝝎.5.1
KC443477.1	𝝎.5.1
MG670627.1	𝝎.5.1
AB975629.1	𝝎.5.1
KJ752394.1	𝝎.5.1
OQ133160.1	𝝎.5.1
OR192400.1	𝝎.5.1
LC477452.1	𝝎.5.1
LC172859.1	𝝎.5.1
LC260246.1	𝝎.5.1
AB749790.1	𝝎.5.1
KU199281.1	𝝎.5.1
MW552270.1	𝝎.5.1
MH169467.1	𝝎.5.1
MN206128.1	𝝎.5.1
MG181843.1	𝝎.5.1
MT579412.1	𝝎.5.1
MW552655.1	𝝎.5.1
MW552435.1	𝝎.5.1
KP882277.1	𝝎.5.1
LC172864.1	𝝎.5.1
LC172995.1	𝝎.5.1
LC105558.1	𝝎.5.1
KP882035.1	𝝎.5.1
MW552974.1	𝝎.5.1
OQ133161.1	𝝎.5.1
KR705201.1	𝝎.5.1
AB975632.1	𝝎.5.1
MG892015.1	𝝎.5.1
KJ919331.1	𝝎.5.1
MW552424.1	𝝎.5.1
MG181568.1	𝝎.5.1
MG181623.1	𝝎.5.1
MG670643.1	𝝎.5.1
KU356596.1	𝝎.5.1
LC491465.1	𝝎.5.1
KC443466.1	𝝎.5.1
MG996057.1	𝝎.5.1
KP007204.1	𝝎.5.1
LC172857.1	𝝎.5.1
GU937877.1	𝝎.5.1
LC542062.1	𝝎.5.1
MZ096915.1	𝝎.5.1
LC469405.1	𝝎.5.1
KT920606.1	𝝎.5.1
KC443007.1	𝝎.5.1
LC469402.1	𝝎.5.1
AB749804.1	𝝎.5.1
MW552380.1	𝝎.5.1
MZ094523.1	𝝎.5.1
LC105080.1	𝝎.5.1
AB848007.1	𝝎.5.1
MH569744.1	𝝎.5.1
MG670645.1	𝝎.5.1
MH569743.1	𝝎.5.1
MZ094181.1	𝝎.5.1
MN479014.1	𝝎.5.1
AB975634.1	𝝎.5.1
JN706465.1	𝝎.5.1
OR192356.1	𝝎.5.1
MZ066029.1	𝝎.5.1
KX171513.1	𝝎.5.1
KJ721722.1	𝝎.5.1
LC105536.1	𝝎.5.1
LC469419.1	𝝎.5.1
MW552743.1	𝝎.5.1
LC228359.1	𝝎.5.1
LC477450.1	𝝎.5.1
KM660249.1	𝝎.5.1
KX171518.1	𝝎.5.1
OQ133166.1	𝝎.5.1
KY657701.1	𝝎.5.1
OQ596316.1	𝝎.5.1
MZ096067.1	𝝎.5.1
OQ133143.1	𝝎.5.1
MG891960.1	𝝎.5.1
MG670631.1	𝝎.5.1
LC060817.1	𝝎.5.1
LC066150.1	𝝎.5.1
KJ626751.1	𝝎.5.1
LC172870.1	𝝎.5.1
MZ066238.1	𝝎.5.1
KF716358.1	𝝎.5.1
MG996064.1	𝝎.5.1
LC001954.1	𝝎.5.1
KJ752684.1	𝝎.5.1
KP752732.1	𝝎.5.1
AB749795.1	𝝎.5.1
KX171521.1	𝝎.5.1
ON792134.1	𝝎.5.1
KU870385.1	𝝎.5.1
LC105591.1	𝝎.5.1
MZ407377.1	𝝎.5.1
AB975647.1	𝝎.5.1
MW552237.1	𝝎.5.1
OQ133149.1	𝝎.5.1
LC542517.1	𝝎.5.1
KP882673.1	𝝎.5.1
MF469135.1	𝝎.5.1
KR705256.1	𝝎.5.1
KC443323.1	𝝎.5.1
AB749803.1	𝝎.5.1
LC173017.1	𝝎.5.1
MW280908.1	𝝎.5.1
AB749789.1	𝝎.5.1
KJ751602.1	𝝎.5.1
KU550263.1	𝝎.5.1
KC443521.1	𝝎.5.1
MF167965.1	𝝎.5.1
AB975668.1	𝝎.5.1
MF184767.1	𝝎.5.1
MZ093731.1	𝝎.5.1
OP850441.1	𝝎.5.1
ON791941.1	𝝎.5.1
KJ752662.1	𝝎.5.1
KJ626829.1	𝝎.5.1
MW552809.1	𝝎.5.1
LC542330.1	𝝎.5.1
KC443719.1	𝝎.5.1
KY657706.1	𝝎.5.1
KP883080.1	𝝎.5.1
HM467926.1	𝝎.5.1
KJ751613.1	𝝎.5.1
LC469404.1	𝝎.5.1
MG670639.1	𝝎.5.1
KJ753401.1	𝝎.5.1
LC469408.1	𝝎.5.1
OP677705.1	𝝎.5.1
OR192361.1	𝝎.5.1
MF997035.2	𝝎.5.1
KP882420.1	𝝎.5.1
MG181645.1	𝝎.5.1
KP882299.1	𝝎.5.1
KP753145.1	𝝎.5.1
OQ133163.1	𝝎.5.1
KY634642.1	𝝎.5.1
KJ753811.1	𝝎.5.1
OR192354.1	𝝎.5.1
OR192362.1	𝝎.5.1
JF460823.1	𝝎.5.1
MG181920.1	𝝎.5.1
LC569073.1	𝝎.5.1
MW552391.1	𝝎.5.1
LC469409.1	𝝎.5.1
LC173018.1	𝝎.5.1
LC086725.1	𝝎.5.1
MW552523.1	𝝎.5.1
LC542172.1	𝝎.5.1
KM660246.1	𝝎.5.1
LC086802.1	𝝎.5.1
KU550266.1	𝝎.5.1
LC105003.1	𝝎.5.1
MH291384.1	𝝎.5.1
MH166404.1	𝝎.5.1
MZ065688.1	𝝎.5.1
KJ753716.1	𝝎.5.1
MZ097211.1	𝝎.5.1
KR705179.1	𝝎.5.1
ON791887.1	𝝎.5.1
MG181689.1	𝝎.5.1
MZ094381.1	𝝎.5.1
LC172966.1	𝝎.5.1
LC172961.1	𝝎.5.1
MW552468.1	𝝎.5.1
OR192364.1	𝝎.5.1
KF716352.1	𝝎.5.1
LC542150.1	𝝎.5.1
AB975659.1	𝝎.5.1
KP882442.1	𝝎.5.1
KX362821.1	𝝎.5.1
LC105102.1	𝝎.5.1
MT579410.1	𝝎.5.1
LC173010.1	𝝎.5.1
KR705234.1	𝝎.5.1
MW552501.1	𝝎.5.1
KU714455.1	𝝎.5.1
KU248405.1	𝝎.5.1
MZ097263.1	𝝎.5.1
KF636322.1	𝝎.5.1
MZ094306.1	𝝎.5.1
MG181601.1	𝝎.5.1
KJ919379.1	𝝎.5.1
KP007193.1	𝝎.5.1
KC443664.1	𝝎.5.1
LC469414.1	𝝎.5.1
LC542319.1	𝝎.5.1
KJ751647.1	𝝎.5.1
KC443134.1	𝝎.5.1
MW552292.1	𝝎.5.1
DQ005125.1	𝝎.5.1
MW553029.1	𝝎.5.1
LC542205.1	𝝎.5.1
KX632276.1	𝝎.5.1
MW552006.1	𝝎.5.1
KX536653.1	𝝎.5.1
LC172968.1	𝝎.5.1
AB749797.1	𝝎.5.1
MZ094257.1	𝝎.5.1
OQ266326.1	𝝎.5.1
MZ094402.1	𝝎.5.1
KY657707.1	𝝎.5.1
MN479017.1	𝝎.5.1
AB975652.1	𝝎.5.1
KY657694.1	𝝎.5.1
KY657703.1	𝝎.5.1
LC406786.1	𝝎.5.1
MW552688.1	𝝎.5.1
OP677595.1	𝝎.5.1
LC542265.1	𝝎.5.1
MG670646.1	𝝎.5.1
MG181678.1	𝝎.5.1
MZ065952.1	𝝎.5.1
MG181876.1	𝝎.5.1
KX362700.1	𝝎.5.1
OQ133154.1	𝝎.5.1
JN605437.1	𝝎.5.1
MW552787.1	𝝎.5.1
MN479024.1	𝝎.5.1
KC178766.1	𝝎.5.1
LC228337.1	𝝎.5.1
KY634700.1	𝝎.5.1
JQ069889.1	𝝎.5.1
LC060806.1	𝝎.5.1
LC469400.1	𝝎.5.1
LC541930.1	𝝎.5.1
KP881925.1	𝝎.5.1
ON791993.1	𝝎.5.1
LC172903.1	𝝎.5.1
KP882838.1	𝝎.5.1
KJ752249.1	𝝎.5.1
LC227932.1	𝝎.5.1
MZ097222.1	𝝎.5.1
KJ751960.1	𝝎.5.1
MZ407344.1	𝝎.5.1
OP850446.1	𝝎.5.1
KC443543.1	𝝎.5.1
AB975641.1	𝝎.5.1
MZ094235.1	𝝎.5.1
AB749796.1	𝝎.5.1
KJ627011.1	𝝎.5.1
MW552589.1	𝝎.5.1
OP850443.1	𝝎.5.1
LC569594.1	𝝎.5.1
KJ919387.1	𝝎.5.1
KC178771.1	𝝎.5.1
LC406830.1	𝝎.5.1
LC105177.1	𝝎.5.1
KP883146.1	𝝎.5.1
MZ407267.1	𝝎.5.1
MW280910.1	𝝎.5.1
OR192365.1	𝝎.5.1
JN706447.1	𝝎.5.1
MG996060.1	𝝎.5.1
KR705344.1	𝝎.5.1
KR705388.1	𝝎.5.1
MZ096144.1	𝝎.5.1
MZ065809.1	𝝎.5.1
MF184787.1	𝝎.5.1
MW552402.1	𝝎.5.1
MZ094224.1	𝝎.5.1
KP752971.1	𝝎.5.1
LC173003.1	𝝎.5.1
KR705157.1	𝝎.5.1
KU356662.1	𝝎.5.1
OR192382.1	𝝎.5.1
OR192367.1	𝝎.5.1
LC105547.1	𝝎.5.1
KX632254.1	𝝎.5.1
LC105025.1	𝝎.5.1
LC386076.1	𝝎.5.1
MH704718.1	𝝎.5.1
LC105248.1	𝝎.5.1
MZ093982.1	𝝎.5.1
OR192388.1	𝝎.5.1
MF044109.1	𝝎.5.1
KJ751669.1	𝝎.5.1
OP677617.1	𝝎.5.1
LC542706.1	𝝎.5.1
KM660254.1	𝝎.5.1
KF716354.1	𝝎.5.1
ON792124.1	𝝎.5.1
MZ094076.1	𝝎.5.1
KJ752048.1	𝝎.5.1
LC542451.1	𝝎.5.1
OR192363.1	𝝎.5.1
OR192358.1	𝝎.5.1
MT339197.1	𝝎.5.1
LC542440.1	𝝎.5.1
OR192401.1	𝝎.5.1
MG926736.1	𝝎.5.1
LC105133.1	𝝎.5.1
LC215254.1	𝝎.5.1
MW771154.1	𝝎.5.1
KP752706.1	𝝎.5.1
LC172919.1	𝝎.5.1
OR192391.1	𝝎.5.1
LC569597.1	𝝎.5.1
LC542429.1	𝝎.5.1
LC469406.1	𝝎.5.1
KJ721721.1	𝝎.5.1
OR192386.1	𝝎.5.1
KC443222.1	𝝎.5.1
MW552457.1	𝝎.5.1
OP850448.1	𝝎.5.1
LC172914.1	𝝎.5.1
LC569598.1	𝝎.5.1
KP752482.1	𝝎.5.1
KP752660.1	𝝎.5.1
AB749781.1	𝝎.5.1
ON792102.1	𝝎.5.1
LC465285.1	𝝎.5.1
LC569602.1	𝝎.5.1
MZ096585.1	𝝎.5.1
LC569590.1	𝝎.5.1
LC469420.1	𝝎.5.1
LC172927.1	𝝎.5.1
AB975623.1	𝝎.5.1
MG599517.1	𝝎.5.1
MW552908.1	𝝎.5.1
KY657699.1	𝝎.5.1
LC477449.1	𝝎.5.1
MZ093889.1	𝝎.5.1
LC514470.1	𝝎.5.1
OQ133141.1	𝝎.5.1
AB849000.1	𝝎.5.1
MZ407454.1	𝝎.5.1
MZ066271.1	𝝎.5.1
LC491454.1	𝝎.5.1
KP882343.1	𝝎.5.1
KY634716.1	𝝎.5.1
MZ094710.1	𝝎.5.1
MZ094328.1	𝝎.5.1
AB749783.1	𝝎.5.1
LC469416.1	𝝎.5.1
KC442881.1	𝝎.5.1
LC477460.1	𝝎.5.1
KX655495.1	𝝎.5.1
AB749805.1	𝝎.5.1
MG670623.1	𝝎.5.1
LC105124.1	𝝎.5.1
OP082190.1	𝝎.5.1
MN478965.1	𝝎.5.1
MT232576.1	𝝎.5.1
KY657691.1	𝝎.5.1
KC443686.1	𝝎.5.1
MZ093646.1	𝝎.5.1
LC542550.1	𝝎.5.1
MF044142.1	𝝎.5.1
KF716356.1	𝝎.5.1
KC178769.1	𝝎.5.1
OP850449.1	𝝎.5.1
KJ919310.1	𝝎.5.1
KU248394.1	𝝎.5.1
MW552083.1	𝝎.5.1
LC465241.1	𝝎.5.1
KC442996.1	𝝎.5.1
KF636245.1	𝝎.5.1
LC174966.1	𝝎.5.1
KP882189.1	𝝎.5.1
MZ065666.1	𝝎.5.1
KR705212.1	𝝎.5.1
LC465817.1	𝝎.5.1
MZ093960.1	𝝎.5.1
MW551973.1	𝝎.5.1
MW552831.1	𝝎.5.1
MW552072.1	𝝎.5.1
KY634738.1	𝝎.5.1
OQ133148.1	𝝎.5.1
MW552413.1	𝝎.5.1
AB975655.1	𝝎.5.1
OR192376.1	𝝎.5.1
KY657704.1	𝝎.5.1
KY497551.1	𝝎.5.1
KX362645.1	𝝎.5.1
KU243527.1	𝝎.5.1
MN066993.1	𝝎.5.1
JN706446.1	𝝎.5.1
MG670629.1	𝝎.5.1
LC172962.1	𝝎.5.1
KP882090.1	𝝎.5.1
KC443730.1	𝝎.5.1
MZ096926.1	𝝎.5.1
LC172926.1	𝝎.5.1
KP882464.1	𝝎.5.1
LC542040.1	𝝎.5.1
KU550265.1	𝝎.5.1
LC173011.1	𝝎.5.1
MW275271.1	𝝎.5.1
OR192387.1	𝝎.5.1
KP882717.1	𝝎.5.1
KX536652.1	𝝎.5.1
KR705267.1	𝝎.5.1
LC542528.1	𝝎.5.1
KX362711.1	𝝎.5.1
LC227937.1	𝝎.5.1
OQ201413.1	𝝎.5.1
LC542029.1	𝝎.5.1
KC443156.1	𝝎.5.1
KF636357.1	𝝎.5.1
KU550267.1	𝝎.5.1
KC178763.1	𝝎.5.1
LC469417.1	𝝎.5.1
MW551984.1	𝝎.5.1
KX362832.1	𝝎.5.1
KU248427.1	𝝎.5.1
LC172896.1	𝝎.5.1
OQ133155.1	𝝎.5.1
LC172844.1	𝝎.5.1
KY634844.1	𝝎.5.1
OQ201411.1	𝝎.5.1
LC172931.1	𝝎.5.1
KX655451.1	𝝎.5.1
MG670641.1	𝝎.5.1
MW558493.1	𝝎.5.1
LC260242.1	𝝎.5.1
OQ133156.1	𝝎.5.1
DQ490545.1	𝝎.5.1
KR705168.1	𝝎.5.1
KC442985.1	𝝎.5.1
MW552875.1	𝝎.5.1
LC172920.1	𝝎.5.1
MZ407410.1	𝝎.5.1
OQ133142.1	𝝎.5.1
MZ094214.1	𝝎.5.1
OQ201410.1	𝝎.5.1
LC542352.1	𝝎.5.1
LC169973.1	𝝎.5.1
HQ657171.1	𝝎.5.1
OQ133146.1	𝝎.5.1
OR192381.1	𝝎.5.1
MW552325.1	𝝎.5.1
KJ751568.1	𝝎.5.1
KU248383.1	𝝎.5.1
LC463281.1	𝝎.5.1
MG181634.1	𝝎.5.1
LC066183.1	𝝎.5.1
KJ752847.1	𝝎.5.1
LC172922.1	𝝎.5.1
KX171515.1	𝝎.5.1
LC469401.1	𝝎.5.1
MG181656.1	𝝎.5.1
MW552050.1	𝝎.5.1
KX632331.1	𝝎.5.1
KJ919339.1	𝝎.5.1
OQ133165.1	𝝎.5.1
LC228304.1	𝝎.5.1
KJ626773.1	𝝎.5.1
AB938261.1	𝝎.5.1
MF044120.1	𝝎.5.1
KY634686.1	𝝎.5.1
OR192351.1	𝝎.5.1
KJ752183.1	𝝎.5.1
AB749802.1	𝝎.5.1
AB749788.1	𝝎.5.1
OR192350.1	𝝎.5.1
KX362656.1	𝝎.5.1
MZ093782.1	𝝎.5.1
MN067143.1	𝝎.5.1
LC462854.1	𝝎.5.1
MZ407476.1	𝝎.5.1
MZ094126.1	𝝎.5.1
KJ752095.1	𝝎.5.1
OQ133138.1	𝝎.5.1
KJ626604.1	𝝎.5.1
MG892004.1	𝝎.5.1
LC172877.1	𝝎.5.1
LC465263.1	𝝎.5.1
KC834713.1	𝝎.5.1
MW552259.1	𝝎.5.1
KC443631.1	𝝎.5.1
MN478970.1	𝝎.5.1
MZ407421.1	𝝎.5.1
KC442963.1	𝝎.5.1
MZ093793.1	𝝎.5.1
KY657692.1	𝝎.5.1
LC469403.1	𝝎.5.1
LC172905.1	𝝎.5.1
KP007184.1	𝝎.5.1
LC469415.1	𝝎.5.1
AB749792.1	𝝎.5.1
MW552479.1	𝝎.5.1
MG891949.1	𝝎.5.1
MW552699.1	𝝎.5.1
LC066639.1	𝝎.5.1
LC172879.1	𝝎.5.1
LC172888.1	𝝎.5.1
LC463259.1	𝝎.5.1
LC541941.1	𝝎.5.1
JQ069900.1	𝝎.5.1
LC455754.1	𝝎.5.1
KC443653.1	𝝎.5.1
LC477442.1	𝝎.5.1
LC514514.1	𝝎.5.1
KC442870.1	𝝎.5.1
OR192403.1	𝝎.5.1
KP883124.1	𝝎.5.1
LC173020.1	𝝎.5.1
KX655506.1	𝝎.5.1
KC443411.1	𝝎.5.1
KY657693.1	𝝎.5.1
KX362667.1	𝝎.5.1
JQ069953.1	𝝎.5.1
OR192366.1	𝝎.5.1
KP941129.1	𝝎.5.1
MN066924.1	𝝎.5.1
OK349178.1	𝝎.5.1
KJ752405.1	𝝎.5.1
KT918446.1	𝝎.5.1
MZ027437.1	𝝎.5.1
LC001955.1	𝝎.5.1
KM660248.1	𝝎.5.1
KJ626893.1	𝝎.5.1
MT579417.1	𝝎.5.1
JX965134.1	𝝎.5.1
MZ094049.1	𝝎.5.1
MZ066260.1	𝝎.5.1
MN479030.1	𝝎.5.1
KJ751702.1	𝝎.5.1
KP753071.1	𝝎.5.1
LC215265.1	𝝎.5.1
MZ546115.1	𝝎.5.1
LC173012.1	𝝎.5.1
OQ133151.1	𝝎.5.1
AB930194.1	𝝎.5.1
KP007151.1	𝝎.5.1
KY657696.1	𝝎.5.1
KP752812.1	𝝎.5.1
MG670636.1	𝝎.5.1
AB975642.1	𝝎.5.1
KC443178.1	𝝎.5.1
MW552776.1	𝝎.5.1
KP752779.1	𝝎.5.1
KU356618.1	𝝎.5.1
KJ751801.1	𝝎.5.1
MW552644.1	𝝎.5.1
OQ266327.1	𝝎.5.1
MW552765.1	𝝎.5.1
VP1	𝝎.5.1
KJ752993.1	𝝎.5.1
MG996061.1	𝝎.5.1
LC169984.1	𝝎.5.1
OQ133144.1	𝝎.5.1
KU870407.1	𝝎.5.1
LC172848.1	𝝎.5.1
MW552886.1	𝝎.5.1
KY657702.1	𝝎.5.1
KJ751658.1	𝝎.5.1
OP850447.1	𝝎.5.1
LC406808.1	𝝎.5.1
MW552798.1	𝝎.5.1
MT163259.1	𝝎.5.1
JQ069919.1	𝝎.5.1
MG181777.1	𝝎.5.1
OP677738.1	𝝎.5.1
MW552116.1	𝝎.5.1
KY634727.1	𝝎.5.1
OQ133159.1	𝝎.5.1
KC443455.1	𝝎.5.1
KX363213.1	𝝎.5.1
KP007173.1	𝝎.5.1
MT005287.1	𝝎.5.1
MW552138.1	𝝎.5.1
LC066650.1	𝝎.5.1
MW552941.1	𝝎.5.1
MT767408.1	𝝎.5.1
OP677573.1	𝝎.5.1
JQ069907.1	𝝎.5.1
AB975645.1	𝝎.5.1
JN706448.1	𝝎.5.1
KJ753827.1	𝝎.5.1
LC477443.1	𝝎.5.1
KC443532.1	𝝎.5.1
LC172917.1	𝝎.5.1
KX655438.1	𝝎.5.1
KJ753490.1	𝝎.5.1
LC477448.1	𝝎.5.1
KY657698.1	𝝎.5.1
LC260251.1	𝝎.5.1
LC173004.1	𝝎.5.1
KC178768.1	𝝎.5.1
LC465296.1	𝝎.5.1
LC228315.1	𝝎.5.1
AB975626.1	𝝎.5.1
OP677639.1	𝝎.5.1
KJ751845.1	𝝎.5.1
LC172843.1	𝝎.5.1
LC228348.1	𝝎.5.1
OR192377.1	𝝎.5.1
LC001956.1	𝝎.5.1
KJ752205.1	𝝎.5.1
KR705443.1	𝝎.5.1
LC133525.1	𝝎.5.1
KC443288.1	𝝎.5.1
LC026106.1	𝝎.5.1
MW552633.1	𝝎.5.1
MT579418.1	𝝎.5.1
KX171510.1	𝝎.5.1
LC173008.1	𝝎.5.1
LC463270.1	𝝎.5.1
KC443510.1	𝝎.5.1
MG996059.1	𝝎.5.1
MZ066337.1	𝝎.5.1
MT732509.1	𝝎.5.1
MH291382.1	𝝎.5.1
MF168163.1	𝝎.5.1
KJ753041.1	𝝎.5.1
MZ093909.1	𝝎.5.1
LC465274.1	𝝎.5.1
LC406797.1	𝝎.5.1
JX965135.1	𝝎.5.1
MF044164.1	𝝎.5.1
MG181821.1	𝝎.5.1
ON791855.1	𝝎.5.1
MN478971.1	𝝎.5.1
LC469418.1	𝝎.5.1
MN029126.1	𝝎.5.1
KR705311.1	𝝎.5.1
KR705421.1	𝝎.5.1
LC557819.1	𝝎.5.1
MZ955422.1	𝝎.5.1
KX171514.1	𝝎.5.1
MW552303.1	𝝎.5.1
MW552985.1	𝝎.5.1
MT732498.1	𝝎.5.1
OR192368.1	𝝎.5.1
KC443145.1	𝝎.5.1
MZ095169.1	𝝎.5.1
LC542084.1	𝝎.5.1
KC443299.1	𝝎.5.1
KP882585.1	𝝎.5.1
KJ752350.1	𝝎.5.1
MH291388.1	𝝎.5.1
AB975669.1	𝝎.5.1
LC173006.1	𝝎.5.1
KP882431.1	𝝎.5.1
MN029137.1	𝝎.5.1
LC066161.1	𝝎.5.1
LC172898.1	𝝎.5.1
LC172975.1	𝝎.5.1
LC172916.1	𝝎.5.1
KY634626.1	𝝎.5.1
KY634675.1	𝝎.5.1
KP882354.1	𝝎.5.1
KU356629.1	𝝎.5.1
MW552996.1	𝝎.5.1
LC542462.1	𝝎.5.1
OP677661.1	𝝎.5.1
MZ094159.1	𝝎.5.1
LC105228.1	𝝎.5.1
KF716355.1	𝝎.5.1
LC569084.1	𝝎.5.1
KJ753523.1	𝝎.5.1
KP882398.1	𝝎.5.1
LC542583.1	𝝎.5.1
AB975666.1	𝝎.5.1
KP882365.1	𝝎.5.1
KR705333.1	𝝎.5.1
MG670633.1	𝝎.5.1
LC172837.1	𝝎.5.1
MT579415.1	𝝎.5.1
MG670624.1	𝝎.5.1
KC571493.1	𝝎.5.1
KX362788.1	𝝎.5.1
OR192404.1	𝝎.5.1
MH166402.1	𝝎.5.1
KX171512.1	𝝎.5.1
ON791983.1	𝝎.5.1
KP752720.1	𝝎.5.1
MG181854.1	𝝎.5.1
KP752801.1	𝝎.5.1
LC172846.1	𝝎.5.1
MG181711.1	𝝎.5.1
KP882079.1	𝝎.5.1
LC172912.1	𝝎.5.1
OR192394.1	𝝎.5.1
KX362634.1	𝝎.5.1
MG996063.1	𝝎.5.1
ON227292.1	𝝎.5.1
KX880417.1	𝝎.5.1
MW552182.1	𝝎.5.1
MT579414.1	𝝎.5.1
MZ096133.1	𝝎.5.1
OR192396.1	𝝎.5.1
MZ094137.1	𝝎.5.1
KJ752216.1	𝝎.5.1
OR192407.1	𝝎.5.1
MG181766.1	𝝎.5.1
MT579411.1	𝝎.5.1
KP882310.1	𝝎.5.1
KJ753321.1	𝝎.5.1
MG670635.1	𝝎.5.1
KU199270.1	𝝎.5.1
MN479009.1	𝝎.5.1
OR192379.1	𝝎.5.1
LC172880.1	𝝎.5.1
OR192384.1	𝝎.5.1
KP753028.1	𝝎.5.1
KC257091.1	𝝎.5.1
KX655437.1	𝝎.5.1
LC542276.1	𝝎.5.1
LC172980.1	𝝎.5.1
KJ412542.1	𝝎.5.1
KJ626726.1	𝝎.5.1
MG891938.1	𝝎.5.1
MZ955420.1	𝝎.5.1
MG181898.1	𝝎.5.1
LC477451.1	𝝎.5.1
KC443774.1	𝝎.5.1
OQ133139.1	𝝎.5.1
KX363192.1	𝝎.5.1
AB749791.1	𝝎.5.1
KX362612.1	𝝎.5.1
LC569097.1	𝝎.5.1
OR192359.1	𝝎.5.1
KY616885.1	𝝎.5.1
LC542363.1	𝝎.5.1
MT670282.1	𝝎.5.1
LC542418.1	𝝎.5.1
ON791973.1	𝝎.5.1
KP883091.1	𝝎.5.1
LC542484.1	𝝎.5.1
LC569080.1	𝝎.5.1
LC542216.1	𝝎.5.1
LC542385.1	𝝎.5.1
KP752845.1	𝝎.5.1
MW552930.1	𝝎.5.1
KX171517.1	𝝎.5.1
LC542495.1	𝝎.5.1
KX363245.1	𝝎.5.1
KJ753650.1	𝝎.5.1
LC541996.1	𝝎.5.1
LC514503.1	𝝎.5.1
LC260250.1	𝝎.5.1
KU059766.1	𝝎.5.1
OQ266324.1	𝝎.5.1
OP677672.1	𝝎.5.1
KR705377.1	𝝎.5.1
AB975625.1	𝝎.5.1
MZ096023.1	𝝎.5.1
KR705278.1	𝝎.5.1
ON792004.1	𝝎.5.1
MZ095191.1	𝝎.5.1
LC541952.1	𝝎.5.1
OR192392.1	𝝎.5.1
KJ751889.1	𝝎.5.1
LC542407.1	𝝎.5.1
MW552534.1	𝝎.5.1
KX171519.1	𝝎.5.1
MW275249.1	𝝎.5.1
MW552853.1	𝝎.5.1
LC541963.1	𝝎.5.1
LC569592.1	𝝎.5.1
MH291383.1	𝝎.5.1
MZ097179.1	𝝎.5.1
KY634855.1	𝝎.5.1
MH166403.1	𝝎.5.1
KP882904.1	𝝎.5.1
LC172983.1	𝝎.5.1
MF184836.1	𝝎.5.1
AB975656.1	𝝎.5.1
MZ096045.1	𝝎.5.1
MZ066304.1	𝝎.5.1
KJ919372.1	𝝎.5.1
MT163248.1	𝝎.5.1
OR192357.1	𝝎.5.1
OR192349.1	𝝎.5.1
AB975649.1	𝝎.5.1
MZ094192.1	𝝎.5.1
LC542095.1	𝝎.5.1
OR192360.1	𝝎.5.1
AB749782.1	𝝎.5.1
KC442940.1	𝝎.5.1
OP850444.1	𝝎.5.1
KJ752992.1	𝝎.5.1
KJ752445.1	𝝎.5.1
MH704719.1	𝝎.5.1
KJ751724.1	𝝎.5.1
MW715606.1	𝝎.5.1
KY657700.1	𝝎.5.1
LC066661.1	𝝎.5.1
LC172967.1	𝝎.5.1
KP753082.1	𝝎.5.1
MW552017.1	𝝎.5.1
LC542007.1	𝝎.5.1
LC172958.1	𝝎.5.1
LC228326.1	𝝎.5.1
LC227936.1	𝝎.5.1
HM467925.1	𝝎.5.1
MG926747.1	𝝎.5.1
LC463292.1	𝝎.5.1
KX363117.1	𝝎.5.1
KM660263.1	𝝎.5.1
MH569745.1	𝝎.5.1
MG599516.1	𝝎.5.1
KJ721724.1	𝝎.5.1
OP677606.1	𝝎.5.1
LC173007.1	𝝎.5.1
MW552600.1	𝝎.5.1
MF184806.1	𝝎.5.1
LC542051.1	𝝎.5.1
MZ066194.1	𝝎.5.1
MZ094022.1	𝝎.5.1
KR705432.1	𝝎.5.1
MW552204.1	𝝎.5.1
MZ094043.1	𝝎.5.1
KC442892.1	𝝎.5.1
OK651079.1	𝝎.5.1
OQ133162.1	𝝎.5.1
MG670640.1	𝝎.5.1
MZ407465.1	𝝎.5.1
MZ094284.1	𝝎.5.1
KJ626987.1	𝝎.5.1
KJ753826.1	𝝎.5.1
KJ753787.1	𝝎.5.1
KU356585.1	𝝎.5.1
MW552820.1	𝝎.5.1
LC105144.1	𝝎.5.1
KT918842.1	𝝎.5.1
OQ133140.1	𝝎.5.1
LC227939.1	𝝎.5.1
MZ094348.1	𝝎.5.1
MG181315.1	𝝎.5.1
ON791876.1	𝝎.5.1
LC477465.1	𝝎.5.1
OP677749.1	𝝎.5.1
KP752693.1	𝝎.5.1
MS907250.1	𝝎.5.1
MG996062.1	𝝎.5.1
AB975653.1	𝝎.5.1
KC443389.1	𝝎.5.1
KJ919303.1	𝝎.5.1
OR192390.1	𝝎.5.1
LC477446.1	𝝎.5.1
KP752460.1	𝝎.5.1
MZ096122.1	𝝎.5.1
KU059788.1	𝝎.5.1
LC542561.1	𝝎.5.1
KF812724.1	𝝎.5.1
MG181667.1	𝝎.5.1
KJ919391.1	𝝎.5.1
KR705410.1	𝝎.5.1
MZ065886.1	𝝎.5.1
OP677727.1	𝝎.5.1
OQ201408.1	𝝎.5.1
MF044076.1	𝝎.5.1
KR705223.1	𝝎.5.1
OP082192.1	𝝎.5.1
KY634803.1	𝝎.5.1
ON792036.1	𝝎.5.1
LC172963.1	𝝎.5.1
LC514525.1	𝝎.5.1
MZ955423.1	𝝎.5.1
LC542473.1	𝝎.5.1
MZ065644.1	𝝎.5.1
GQ414540.1	𝝎.5.1
KP882332.1	𝝎.5.1
KC443277.1	𝝎.5.1
OR192405.1	𝝎.5.1
AB975661.1	𝝎.5.1
KX880428.1	𝝎.5.1
KY634749.1	𝝎.5.1
MG181788.1	𝝎.5.1
LC469399.1	𝝎.5.1
KU356574.1	𝝎.5.1
LC172924.1	𝝎.5.1
MG670638.1	𝝎.5.1
OR192371.1	𝝎.5.1
KC834711.1	𝝎.5.1
LC105580.1	𝝎.5.1
KJ752128.1	𝝎.5.1
MN479117.1	𝝎.5.1
MG926725.1	𝝎.5.1
LC105569.1	𝝎.5.1
LC173019.1	𝝎.5.1
LC386065.1	𝝎.5.1
AB975635.1	𝝎.5.1
MT579409.1	𝝎.5.1
LC542287.1	𝝎.5.1
LC325463.1	𝝎.5.1
KY497529.1	𝝎.5.1
LC086736.1	𝝎.5.1
OP677650.1	𝝎.5.1
KM660253.1	𝝎.5.1
LC542018.1	𝝎.5.1
HQ641355.1	𝝎.5.1
KC443189.1	𝝎.5.1
MZ096001.1	𝝎.5.1
KP752493.1	𝝎.5.1
OP677683.1	𝝎.5.1
LC260247.1	𝝎.5.1
MZ407399.1	𝝎.5.1
AB749798.1	𝝎.5.1
KJ752117.1	𝝎.5.1
KX171516.1	𝝎.5.1
OM301632.1	𝝎.5.1
OR192408.1	𝝎.5.1
KJ753390.1	𝝎.5.1
LC172840.1	𝝎.5.1
KJ639012.1	𝝎.5.1
MG181909.1	𝝎.5.1
KJ721725.1	𝝎.5.1
LC542073.1	𝝎.5.1
KC443244.1	𝝎.5.1
KJ583196.1	𝝎.5.1
LC227942.1	𝝎.5.1
AB938258.1	𝝎.5.1
MW552952.1	𝝎.5.1
KJ721726.1	𝝎.5.1
KY000549.1	𝝎.5.1
KJ751911.1	𝝎.5.1
LC086769.1	𝝎.5.1
KJ753605.1	𝝎.5.1
MZ066348.1	𝝎.5.1
MG181744.1	𝝎.5.1
MG181865.1	𝝎.5.1
LC260252.1	𝝎.5.1
MZ066326.1	𝝎.5.1
MZ093677.1	𝝎.5.1
KP882453.1	𝝎.5.1
LC172948.1	𝝎.5.1
OQ201422.1	𝝎.5.1
MW552347.1	𝝎.5.1
MZ094116.1	𝝎.5.1
KJ626859.1	𝝎.5.1
OR192406.1	𝝎.5.1
LC086714.1	𝝎.5.1
KP753178.1	𝝎.5.1
MW552897.1	𝝎.5.1
MG181722.1	𝝎.5.1
MW552963.1	𝝎.5.1
LC172869.1	𝝎.5.1
MZ096464.1	𝝎.5.1
MW552358.1	𝝎.5.1
MW275260.1	𝝎.5.1
KC834712.1	𝝎.5.1
MH569747.1	𝝎.5.1
JN706449.1	𝝎.5.1
OR192353.1	𝝎.5.1
KU550262.1	𝝎.5.1
MN479031.1	𝝎.5.1
MN478968.1	𝝎.5.1
KC178770.1	𝝎.5.1
MW552732.1	𝝎.5.1
FJ183353.1	𝝎.5.1
JF460834.1	𝝎.5.1
KX362733.1	𝝎.5.1
LC172976.1	𝝎.5.1
MW552556.1	𝝎.5.1
KJ752139.1	𝝎.5.1
KX362744.1	𝝎.5.1
MG670637.1	𝝎.5.1
KP882827.1	𝝎.5.1
KJ626998.1	𝝎.5.1
MZ065875.1	𝝎.5.1
KR705355.1	𝝎.5.1
KR705366.1	𝝎.5.1
KC443642.1	𝝎.5.1
MZ065776.1	𝝎.5.1
MW552039.1	𝝎.5.1
LC569092.1	𝝎.5.1
LC172923.1	𝝎.5.1
JQ069936.1	𝝎.5.1
MW552864.1	𝝎.5.1
OR192395.1	𝝎.5.1
HQ641364.1	𝝎.5.1
KJ752161.1	𝝎.5.1
MZ066117.1	𝝎.5.1
LC477455.1	𝝎.5.1
OR192399.1	𝝎.5.1
KC442974.1	𝝎.5.1
MN067173.1	𝝎.5.1
MZ096970.1	𝝎.5.1
MZ955421.1	𝝎.5.1
MG181887.1	𝝎.5.1
LC086791.1	𝝎.5.1
OR192370.1	𝝎.5.1
KJ748476.1	𝝎.5.1
OR192389.1	𝝎.5.1
MW552446.1	𝝎.5.1
MZ093635.1	𝝎.5.1
LC406819.1	𝝎.5.1
LC542243.1	𝝎.5.1
MZ094109.1	𝝎.5.1
LC569098.1	𝝎.5.1
KJ639023.1	𝝎.5.1
OP082191.1	𝝎.5.1
KC443433.1	𝝎.5.1
KY634776.1	𝝎.5.1
MF044087.1	𝝎.5.1
AB975667.1	𝝎.5.1
LC477447.1	𝝎.5.1
KC443311.1	𝝎.5.1
KY657690.1	𝝎.5.1
KP752571.1	𝝎.5.1
OQ266325.1	𝝎.5.1
JF460812.1	𝝎.5.1
LC172965.1	𝝎.5.1
MW552149.1	𝝎.5.1
LC542254.1	𝝎.5.1
LC542183.1	𝝎.5.1
AB975648.1	𝝎.5.1
KU356640.1	𝝎.5.1
KX655517.1	𝝎.5.1
KC443255.1	𝝎.5.1
KF716357.1	𝝎.5.1
KM660247.1	𝝎.5.1
LC001957.1	𝝎.5.1
MZ066282.1	𝝎.5.1
LC569082.1	𝝎.5.1
KX362580.1	𝝎.5.1
MF044131.1	𝝎.5.1
OR192373.1	𝝎.5.1
MT579416.1	𝝎.5.1
MG996058.1	𝝎.5.1
KU248416.1	𝝎.5.1
OR192402.1	𝝎.5.1
KF716360.1	𝝎.5.1
KX536654.1	𝝎.5.1
AB975624.1	𝝎.5.1
MG181755.1	𝝎.5.1
KJ412775.1	𝝎.5.1
LC227934.1	𝝎.5.1
LC105069.1	𝝎.5.1
KJ626715.1	𝝎.5.1
KP752471.1	𝝎.5.1
KY634828.1	𝝎.5.1
LC172979.1	𝝎.5.1
MW552490.1	𝝎.5.1
KF716350.1	𝝎.5.1
MW552281.1	𝝎.5.1
MT579408.1	𝝎.5.1
MZ094339.1	𝝎.5.1
KC443554.1	𝝎.5.1
JQ069876.1	𝝎.5.1
AB975640.1	𝝎.5.1
JQ069920.1	𝝎.5.1
LC172862.1	𝝎.5.1
KF636345.1	𝝎.5.1
KP882222.1	𝝎.5.1
LC541985.1	𝝎.5.1
AB975671.1	𝝎.5.1
MZ096089.1	𝝎.5.1
KJ583185.1	𝝎.5.1
LC228370.1	𝝎.5.1
KJ626570.1	𝝎.5.1
MW552369.1	𝝎.5.1
MZ097200.1	𝝎.5.1
LC172858.1	𝝎.5.1
KC443211.1	𝝎.5.1
LC542161.1	𝝎.5.1
MN478964.1	𝝎.5.1
KR705322.1	𝝎.5.1
KT936626.1	𝝎.5.1
MG599515.1	𝝎.5.1
KC443675.1	𝝎.5.1
MK302423.1	𝝎.5.1
KY657705.1	𝝎.5.1
AB975650.1	𝝎.5.1
KJ919308.1	𝝎.5.1
LC172959.1	𝝎.5.1
MT163204.1	𝝎.5.2
OR192348.1	𝝎.5.3
AB770155.1	𝝎.6
KM454492.1	𝝎.7.1
AB908901.1	𝝎.7.1
LC467881.1	𝝎.7.1
AB908948.1	𝝎.7.1
LC460235.1	𝝎.7.1
LC467837.1	𝝎.7.1
LC467870.1	𝝎.7.1
LC467848.1	𝝎.7.1
KC815669.1	𝝎.7.1
AB908923.1	𝝎.7.1
LC460224.1	𝝎.7.1
LC467815.1	𝝎.7.1
LC460213.1	𝝎.7.1
AB908912.1	𝝎.7.1
LC467859.1	𝝎.7.1
LC467903.1	𝝎.7.1
KM454481.1	𝝎.7.1
AB908934.1	𝝎.7.1
LC467804.1	𝝎.7.1
LC467892.1	𝝎.7.1
LC467914.1	𝝎.7.1
JN872865.1	𝝎.7.2
JF712577.1	𝝎.7.2
JF712566.1	𝝎.7.2
LC467936.1	𝝎.7.3
LC467925.1	𝝎.7.3
LC460246.1	𝝎.7.3
JN903527.1	𝝎.7.3
KC815694.1	𝝎.7.4
KC815680.1	𝝎.7.4
JN903528.1	𝝎.7.4
KM454503.1	𝝎.7.5
AB924084.1	𝝎.8.1
OP886873.1	𝝎.8.2
AB924095.1	𝝎.9
AB924106.1	𝝎.10
AB971760.1	𝝎.11
DQ838639.1	𝝎.12
KX548936.1	𝝎.12
AF015955.1	𝝎.12
LC333802.1	𝝎.12
DQ457016.1	𝝎.12
DQ838636.1	𝝎.12
KJ450831.1	𝝎.12
LC178564.1	𝝎.12
NC_011507.2	𝝎.12
DQ838638.1	𝝎.12
X16830.1	𝝎.12
KJ412797.1	𝝎.13.1
JN706445.1	𝝎.13.1
KJ412677.1	𝝎.13.1
KJ412620.1	𝝎.13.1
KJ412882.1	𝝎.13.1
KJ412819.1	𝝎.13.1
MK272896.1	𝝎.13.2
MK272894.1	𝝎.13.2
DQ146699.1	𝝎.13.2
KJ626952.1	𝝎.13.2
MK272895.1	𝝎.13.2
KJ412721.1	𝝎.13.2
KJ412598.1	𝝎.13.2
KJ412575.1	𝝎.13.2
KJ626546.1	𝝎.13.2
KF907278.1	𝝎.13.2
LC569054.1	𝝎.13.2
KJ412531.1	𝝎.13.2
KR262149.1	𝝎.13.2
MW331502.1	𝝎.13.2
KJ412841.1	𝝎.13.2
DQ490533.1	𝝎.13.3
KJ820825.1	𝝎.13.3
LC328188.1	𝝎.13.3
LC328189.1	𝝎.13.3
DQ870497.1	𝝎.14
KJ748465.1	𝝎.15.1
KJ870878.1	𝝎.15.1
KJ870889.1	𝝎.15.1
KP882629.1	𝝎.15.1
KP882684.1	𝝎.15.1
KJ753357.1	𝝎.15.2
MW552226.1	𝝎.15.2
MW552215.1	𝝎.15.2
KJ751624.1	𝝎.15.2
EF554082.1	𝝎.15.2
KJ752618.1	𝝎.15.3
KP882926.1	𝝎.15.3
KP883179.1	𝝎.15.3
KP883025.1	𝝎.15.3
KP883135.1	𝝎.15.3
KP882475.1	𝝎.15.4
MZ066227.1	𝝎.15.4
MZ066172.1	𝝎.15.4
MZ065985.1	𝝎.15.4
MN479049.1	𝝎.15.4
MZ066106.1	𝝎.15.4
MZ065919.1	𝝎.15.4
MZ066062.1	𝝎.15.4
MZ066073.1	𝝎.15.4
MZ065996.1	𝝎.15.4
KP752505.1	𝝎.15.4
LC469411.1	𝝎.15.4
LC119104.1	𝝎.15.5
LC119093.1	𝝎.15.5
EF583017.1	𝝎.16.1
EF576937.1	𝝎.16.1
JX094028.1	𝝎.16.2
EF554115.1	𝝎.16.3
EF554137.1	𝝎.16.3
MN067444.1	𝝎.16.4
OL988997.1	𝝎.16.5
KY426809.1	𝝎.16.6
EF554148.1	𝝎.16.7
EF560621.1	𝝎.17.1
EF560618.1	𝝎.17.2
MW720858.1	𝝎.18.1
KJ020891.1	𝝎.18.2
ON221571.1	𝝎.18.2
MW720867.1	𝝎.18.3
LC576608.1	𝝎.18.4
EF583010.1	𝝎.18.5
KJ411432.1	𝝎.18.5
EU708890.1	𝝎.19.1
LC326509.1	𝝎.19.1
LC328223.1	𝝎.19.1
LC328224.1	𝝎.19.1
LC328226.1	𝝎.19.2
LC328222.1	𝝎.19.2
EU708923.1	𝝎.19.2
EU708901.1	𝝎.19.2
EU708934.1	𝝎.19.2
EU708912.1	𝝎.19.2
HQ661134.1	𝝎.19.3
HQ661123.1	𝝎.19.3
KY113337.1	𝝎.20
OQ603388.1	𝝎.20
JQ004970.1	𝝎.20
HQ834197.1	𝝎.20
KY113330.1	𝝎.20
FJ031024.1	𝝎.20
JQ013502.1	𝝎.20
FJ169853.1	𝝎.21
KT878995.1	𝝎.22.1
KT887520.1	𝝎.22.1
FJ347122.1	𝝎.22.2
KF577838.1	𝝎.22.3
FJ347111.1	𝝎.22.3
FJ347100.1	𝝎.22.4
MK250424.1	𝝎.23.1
OM212039.1	𝝎.23.1
MK638870.1	𝝎.23.1
ON012974.1	𝝎.23.1
ON012963.1	𝝎.23.1
GU384192.1	𝝎.23.2
MK606439.1	𝝎.23.2
FN665688.1	𝝎.23.3
LC065020.1	𝝎.23.3
OQ807041.1	𝝎.23.4
FV537146.1	𝝎.24
FV537148.1	𝝎.25
KF726036.1	𝝎.26.1
MK410286.1	𝝎.26.1
KF447839.1	𝝎.26.1
KX363356.1	𝝎.26.2
KY634814.1	𝝎.26.2
LC208011.1	𝝎.26.3
MN066811.1	𝝎.26.4
MW575217.1	𝝎.26.5
LC569891.1	𝝎.26.6
OP082199.1	𝝎.26.7
OP082196.1	𝝎.26.7
OP082200.1	𝝎.26.8
OP082201.1	𝝎.26.8
OP718293.1	𝝎.26.9
GU199191.1	𝝎.26.10
JF781158.1	𝝎.26.11
KX362689.1	𝝎.26.12
MT271028.1	𝝎.26.13
KX988275.1	𝝎.26.14
OL906393.1	𝝎.27.1
MZ096166.1	𝝎.27.1
LC600820.1	𝝎.27.1
MZ096391.1	𝝎.27.1
MZ096177.1	𝝎.27.1
LC433807.1	𝝎.27.1
MZ096370.1	𝝎.27.1
MZ096519.1	𝝎.27.1
MZ096750.1	𝝎.27.1
MZ096315.1	𝝎.27.1
MZ096271.1	𝝎.27.1
MZ096188.1	𝝎.27.1
MZ096282.1	𝝎.27.1
MZ096893.1	𝝎.27.1
OQ398189.1	𝝎.27.1
LC433796.1	𝝎.27.1
MZ096359.1	𝝎.27.1
MZ096217.1	𝝎.27.1
MZ096563.1	𝝎.27.1
MZ097318.1	𝝎.27.1
MZ096838.1	𝝎.27.1
MZ096206.1	𝝎.27.1
MZ096227.1	𝝎.27.1
KJ501692.1	𝝎.27.1
MZ096326.1	𝝎.27.1
GU199492.1	𝝎.27.1
MZ096293.1	𝝎.27.1
MZ096434.1	𝝎.27.1
MZ096348.1	𝝎.27.1
MZ096508.1	𝝎.27.1
MZ096381.1	𝝎.27.1
JF796723.1	𝝎.27.2
JF796701.1	𝝎.27.2
JF796712.1	𝝎.27.2
JF796734.1	𝝎.27.3
OM201224.1	𝝎.28.1
OM201225.1	𝝎.28.1
MH267269.1	𝝎.28.2
OM201222.1	𝝎.28.3
OM201223.1	𝝎.28.3
OR192599.1	𝝎.28.4
OR192577.1	𝝎.28.4
OR192605.1	𝝎.28.4
OR192588.1	𝝎.28.4
MF940585.1	𝝎.28.5
JX971569.1	𝝎.28.5
KJ450842.1	𝝎.28.5
MF940586.1	𝝎.28.5
HQ641297.1	𝝎.28.5
GU199514.1	𝝎.28.5
MT066200.1	𝝎.28.5
MF940587.1	𝝎.28.5
KF500174.1	𝝎.28.5
MF940583.1	𝝎.28.5
KC610700.1	𝝎.28.6
ON989013.1	𝝎.28.7
ON676180.1	𝝎.28.8
LC389885.1	𝝎.28.9
MT784784.1	𝝎.28.10
KC610678.1	𝝎.28.11
KY053208.1	𝝎.28.12
JQ993321.1	𝝎.28.13
HM627553.1	𝝎.29
HQ540507.1	𝝎.30
HQ540509.1	𝝎.31
JQ309138.1	𝝎.32
JQ713645.1	𝝎.33.1
JQ423902.1	𝝎.33.1
OM450944.1	𝝎.33.2
JQ988899.1	𝝎.34
MZ097274.1	𝝎.35.1
JX946159.1	𝝎.35.1
JX946168.1	𝝎.35.1
KU243541.1	𝝎.35.2
KU243539.1	𝝎.35.2
KU243540.1	𝝎.35.2
KU243521.1	𝝎.35.2
KX814945.1	𝝎.35.3
MK893920.1	𝝎.35.4
KC610689.1	𝝎.36
KC960619.1	𝝎.37.1
OK651080.1	𝝎.37.2
KF690125.1	𝝎.37.3
KF835894.1	𝝎.38
KF835891.1	𝝎.38
KF835896.1	𝝎.39
KJ752483.1	𝝎.40.1
MT784783.1	𝝎.40.2
KP753122.1	𝝎.40.2
KP753006.1	𝝎.40.3
KP753190.1	𝝎.40.3
KJ820836.1	𝝎.41
KR086407.1	𝝎.42.1
LC528252.1	𝝎.42.2
KR632623.1	𝝎.43
KU243544.1	𝝎.44.1
KU243547.1	𝝎.44.2
KU363137.1	𝝎.45.1
LC190486.1	𝝎.45.2
KU739900.1	𝝎.46.1
MN102365.1	𝝎.46.2
OM201226.1	𝝎.46.3
KU739901.1	𝝎.46.4
KU739902.1	𝝎.46.4
KU739907.1	𝝎.46.5
KU739906.1	𝝎.46.6
KU739905.1	𝝎.46.7
KU739903.1	𝝎.46.8
KX268776.1	𝝎.47
KX363326.1	𝝎.48
KX814924.1	𝝎.49
KY053144.1	𝝎.50
KY055427.1	𝝎.51
LC055547.1	𝝎.52
LC061616.1	𝝎.53
LC088107.1	𝝎.54
LC569880.1	𝝎.55
LC600809.1	𝝎.56
MH238202.1	𝝎.57.1
MH238201.1	𝝎.57.1
MK936398.1	𝝎.57.1
MK936397.1	𝝎.57.1
MH238196.1	𝝎.57.2
MH238211.1	𝝎.57.3
MH238197.1	𝝎.57.3
MH238203.1	𝝎.57.3
MH238207.1	𝝎.57.3
MH238208.1	𝝎.57.3
MH238212.1	𝝎.57.3
MH238204.1	𝝎.57.3
MH238213.1	𝝎.57.3
MH238198.1	𝝎.57.3
MH238217.1	𝝎.57.3
MH238214.1	𝝎.57.3
MK936401.1	𝝎.57.4
MH238205.1	𝝎.57.5
MH238215.1	𝝎.57.6
MH238218.1	𝝎.58
MK227398.1	𝝎.59
MN029115.1	𝝎.60
MN539284.1	𝝎.61
MN433617.1	𝝎.61
MN528086.1	𝝎.62
MN528101.1	𝝎.62
MN528116.1	𝝎.62
MN551587.1	𝝎.62
MN528075.1	𝝎.62
MN556667.1	𝝎.63
MZ027415.1	𝝎.64
OL989009.1	𝝎.65
OP963636.1	𝝎.66
OP971575.1	𝝎.67
OQ981100.1	𝝎.68
OR192409.1	𝝎.69
