PRRSV2/USA/DQ475611	2.1
PRRSV2/vivid.r004/2002	2.1
PRRSV2/vivid.r016/2003	2.1
PRRSV2/USA/NE/DQ475705/2002	2.1
PRRSV2/USA/MN/DQ476035/2003	2.1
PRRSV2/USA/EU757289	2.2
PRRSV2/USA/EU757381	2.2
PRRSV2/vivid.r144/2006	2.2
PRRSV2/vivid.r145/2006	2.2
PRRSV2/USA/MN/EU757289/2003	2.2
PRRSV2/vivid.r018/2003	2.3
PRRSV2/vivid.r039/2004	2.3
PRRSV2/vivid.r040/2004	2.3
PRRSV2/vivid.r031/2004	2.3
PRRSV2/vivid.r034/2004	2.3
PRRSV2/vivid.r035/2004	2.3
PRRSV2/vivid.r036/2004	2.3
PRRSV2/vivid.r044/2004	2.3
PRRSV2/USA/KS/OR294023/2003	2.3
PRRSV2/USA/DQ475804	2.4
PRRSV2/vivid.r006/2002	2.4
PRRSV2/vivid.r008/2002	2.4
PRRSV2/vivid.r011/2002	2.4
PRRSV2/vivid.r007/2002	2.4
PRRSV2/USA/MN/DQ475805/2002	2.4
PRRSV2/USA/MN/DQ475755/2002	2.4
PRRSV2/vivid.r110/2012	2.5
PRRSV2/vivid.r067/2008	6.1
PRRSV2/vivid.r117/2015	6.1
PRRSV2/vivid.r119/2016	6.1
PRRSV2/vivid.r120/2017	6.1
PRRSV2/vivid.r122/2018	6.1
PRRSV2/vivid.r125/2019	6.1
PRRSV2/USA/NE/EU756419/2006	6.1
PRRSV2/USA/KS/OR293786/2010	6.1
PRRSV2/USA/KS/OR293787/2012	6.1
PRRSV2/USA/NE/OR293789/2013	6.1
PRRSV2/USA/NE/vivid.FZVCBW/2017	6.1
PRRSV2/USA/NE/vivid.LCVPXU/2017	6.1
PRRSV2/USA/NE/vivid.BJRZLL/2018	6.1
PRRSV2/USA/NE/vivid.MKUJVJ/2018	6.1
PRRSV2/USA/IL/vivid.74633/2022	6.1
PRRSV2/USA/IL/vivid.74648/2022	6.1
PRRSV2/CAN/vivid.5041/2021	7.1
PRRSV2/CAN/vivid.5112/2022	7.1
PRRSV2/USA/MI/OR293819/2021	7.1
PRRSV2/vivid.r121/2017	7.1
PRRSV2/vivid.r123/2018	7.1
PRRSV2/vivid.r124/2019	7.1
PRRSV2/vivid.r045/2004	7.1
PRRSV2/vivid.r118/2016	7.1
PRRSV2/vivid.r126/2022	7.1
PRRSV2/USA/MN/DQ475116/2000	7.1
PRRSV2/USA/VA/vivid.JMSPFT/2017	7.1
PRRSV2/USA/VA/vivid.VPMPRY/2017	7.1
PRRSV2/USA/OK/vivid.XPYAFE/2019	7.1
PRRSV2/Thailand/JN002291/2010	10.1
PRRSV2/Thailand/JQ040787/2010	10.1
PRRSV2/Thailand/JN002297/2010	10.1
PRRSV2/Thailand/JN002310/2010	10.1
PRRSV2/Thailand/JQ040775/2010	10.1
PRRSV2/Thailand/JQ040772/2010	10.1
PRRSV2/Thailand/JN255831/2010	10.1
PRRSV2/Thailand/JN002296/2010	10.1
PRRSV2/Thailand/JN848645/2011	10.1
PRRSV2/Thailand/JN848652/2011	10.1
PRRSV2/Thailand/JN848665/2011	10.1
PRRSV2/Thailand/JN848661/2011	10.1
PRRSV2/Thailand/JN848692/2011	10.1
PRRSV2/Thailand/JN848639/2011	10.1
PRRSV2/Thailand/JN848693/2011	10.1
PRRSV2/Thailand/JN848655/2011	10.1
PRRSV2/USA/EU758428	1A.1
PRRSV2/USA/EU758439	1A.1
PRRSV2/USA/EU758644	1A.1
PRRSV2/USA/EU758713	1A.1
PRRSV2/USA/EU758721	1A.1
PRRSV2/USA/EU758782	1A.1
PRRSV2/USA/EU758786	1A.1
PRRSV2/USA/KT903969	1A.1
PRRSV2/USA/MZ303978	1A.1
PRRSV2/USA/MZ303984	1A.1
PRRSV2/vivid.r146/2009	1A.1
PRRSV2/vivid.r147/2009	1A.1
PRRSV2/vivid.r148/2009	1A.1
PRRSV2/vivid.r149/2014	1A.1
PRRSV2/vivid.r167/2017	1A.1
PRRSV2/USA/NC/vivid.JMOSSL/2018	1A.10
PRRSV2/USA/NC/vivid.NXIZQJ/2019	1A.10
PRRSV2/USA/NC/vivid.AJAJCD/2019	1A.10
PRRSV2/USA/NC/vivid.XYVBAS/2019	1A.10
PRRSV2/USA/NC/vivid.YDOWEV/2019	1A.10
PRRSV2/USA/IN/USSPD/PRRSV/swine/Indiana/64574/2021/2021	1A.11
PRRSV2/USA/OH/USSPD/PRRSV/swine/Ohio/98234/2021/2021	1A.11
PRRSV2/USA/OH/USSPD/PRRSV/swine/Ohio/101882/2021/2021	1A.11
PRRSV2/USA/OH/vivid.QLSBLP/2020	1A.11
PRRSV2/USA/OH/vivid.SRZIFB/2020	1A.11
PRRSV2/USA/OH/vivid.SYLSKY/2021	1A.11
PRRSV2/USA/OH/vivid.PPHEHB/2021	1A.11
PRRSV2/USA/OH/vivid.ZKPUCX/2021	1A.11
PRRSV2/USA/OH/vivid.74228/2021	1A.11
PRRSV2/USA/IN/vivid.52498/2021	1A.11
PRRSV2/USA/OH/vivid.52694/2021	1A.11
PRRSV2/USA/OH/vivid.53105/2022	1A.11
PRRSV2/USA/OH/vivid.53627/2022	1A.11
PRRSV2/USA/OH/vivid.53628/2022	1A.11
PRRSV2/USA/OH/vivid.61840/2023	1A.11
PRRSV2/USA/MN498710	1A.12
PRRSV2/USA/MN501696	1A.12
PRRSV2/USA/MN500695	1A.12
PRRSV2/USA/MN501695	1A.12
PRRSV2/USA/MN500678	1A.12
PRRSV2/USA/IA/vivid.ACTPWL/2020	1A.13
PRRSV2/USA/NE/vivid.BWHGZL/2021	1A.13
PRRSV2/USA/IA/vivid.74190/2021	1A.13
PRRSV2/USA/IA/vivid.52291/2021	1A.13
PRRSV2/USA/IA/vivid.74474/2022	1A.13
PRRSV2/USA/MN/vivid.62778/2023	1A.13
PRRSV2/USA/IA/vivid.68688/2024	1A.13.49
PRRSV2/USA/IA/vivid.75919/2024	1A.13.49
PRRSV2/USA/IA/vivid.79871/2025	1A.13.49
PRRSV2/USA/NC/USSPD/PRRSV/swine/North_Carolina/109862/2021/2021	1A.14
PRRSV2/USA/NC/vivid.DUNJSJ/2018	1A.14
PRRSV2/USA/NC/vivid.BWSAAG/2018	1A.14
PRRSV2/USA/NC/vivid.EZEKTY/2018	1A.14
PRRSV2/USA/NC/vivid.JOFSPG/2018	1A.14
PRRSV2/USA/NC/vivid.MGGKCP/2020	1A.14
PRRSV2/USA/NC/vivid.LLCMDY/2018	1A.15
PRRSV2/USA/NC/vivid.PIDEZK/2018	1A.15
PRRSV2/USA/NC/vivid.ULBSWX/2018	1A.15
PRRSV2/USA/NC/vivid.AKPFYN/2018	1A.15
PRRSV2/USA/NC/vivid.DVFFHV/2018	1A.15
PRRSV2/USA/NC/vivid.GEJZRF/2018	1A.15
PRRSV2/USA/NC/vivid.KRPNQW/2018	1A.15
PRRSV2/USA/NC/vivid.MBFJJL/2018	1A.15
PRRSV2/USA/NC/vivid.OKFNZY/2018	1A.15
PRRSV2/USA/NC/vivid.IKZESC/2018	1A.16
PRRSV2/USA/NC/vivid.KIDRGU/2018	1A.16
PRRSV2/USA/NC/vivid.VSGKMG/2018	1A.16
PRRSV2/USA/NC/vivid.VXJZAA/2018	1A.16
PRRSV2/USA/NC/vivid.HSJHOJ/2018	1A.16
PRRSV2/USA/NC/vivid.OAZAQS/2018	1A.16
PRRSV2/USA/NC/vivid.EMYINU/2018	1A.16
PRRSV2/USA/NC/vivid.LCLAEO/2018	1A.16
PRRSV2/USA/NC/vivid.WUXTXU/2018	1A.16
PRRSV2/USA/NC/vivid.YKDCPT/2018	1A.16
PRRSV2/USA/NC/vivid.VAWGUR/2018	1A.16
PRRSV2/USA/NC/vivid.BABTHF/2018	1A.16
PRRSV2/USA/NC/vivid.XEZKRU/2018	1A.16
PRRSV2/USA/NC/vivid.AVOSIK/2018	1A.16
PRRSV2/USA/NC/vivid.XPYYZN/2018	1A.16
PRRSV2/USA/NC/vivid.EDDXZW/2018	1A.17
PRRSV2/USA/NC/vivid.QRFFWU/2018	1A.17
PRRSV2/USA/NC/vivid.RQBUJG/2018	1A.17
PRRSV2/USA/NC/vivid.WKPDHL/2019	1A.17
PRRSV2/USA/NC/vivid.TZCRMF/2019	1A.17
PRRSV2/USA/NC/vivid.LHMCQD/2019	1A.17
PRRSV2/USA/NC/vivid.VZAJNX/2019	1A.17
PRRSV2/USA/NC/vivid.QZGKMW/2021	1A.17
PRRSV2/USA/NC/vivid.VUFMEL/2021	1A.17
PRRSV2/USA/MO/vivid.EVUMDT/2018	1A.18
PRRSV2/USA/IL/vivid.CTKAXF/2018	1A.18
PRRSV2/USA/IA/vivid.BLIJKH/2018	1A.18
PRRSV2/USA/IA/vivid.TMBMML/2018	1A.18
PRRSV2/USA/IL/vivid.FCKTXV/2018	1A.18
PRRSV2/USA/IL/vivid.KXDTAD/2019	1A.18
PRRSV2/USA/IL/vivid.QYBUWO/2019	1A.18
PRRSV2/USA/IL/vivid.LVRCQD/2020	1A.18
PRRSV2/USA/IA/vivid.DWOSNE/2020	1A.18
PRRSV2/USA/IA/vivid.RKHBES/2020	1A.18
PRRSV2/USA/IL/vivid.FLOZMX/2021	1A.18
PRRSV2/USA/IL/vivid.MZUVRZ/2021	1A.18
PRRSV2/USA/IA/vivid.IJBPCE/2021	1A.18
PRRSV2/USA/IA/vivid.FQBHIV/2021	1A.18
PRRSV2/USA/MO/vivid.52344/2021	1A.18
PRRSV2/USA/MO/vivid.74212/2021	1A.18
PRRSV2/USA/IA/vivid.53095/2022	1A.18
PRRSV2/USA/IL/vivid.53372/2022	1A.18
PRRSV2/USA/IL/vivid.53384/2022	1A.18
PRRSV2/USA/IN/vivid.76123/2024	1A.18
PRRSV2/USA/MZ303996	1A.19
PRRSV2/USA/MZ303998	1A.19
PRRSV2/USA/MZ304002	1A.19
PRRSV2/USA/MZ304007	1A.19
PRRSV2/USA/MZ304009	1A.19
PRRSV2/USA/MZ304016	1A.19
PRRSV2/vivid.r166/2017	1A.19
PRRSV2/vivid.r168/2017	1A.19
PRRSV2/vivid.r169/2017	1A.19
PRRSV2/vivid.r170/2017	1A.19
PRRSV2/vivid.r171/2017	1A.19
PRRSV2/vivid.r172/2017	1A.19
PRRSV2/vivid.r178/2018	1A.19
PRRSV2/vivid.r182/2018	1A.19
PRRSV2/vivid.r228/2023	1A.2.52
PRRSV2/vivid.r229/2023	1A.2.52
PRRSV2/vivid.r231/2023	1A.2.52
PRRSV2/vivid.r173/2017	1A.20
PRRSV2/vivid.r174/2017	1A.20
PRRSV2/vivid.r175/2018	1A.20
PRRSV2/vivid.r176/2018	1A.20
PRRSV2/vivid.r180/2018	1A.20
PRRSV2/vivid.r183/2018	1A.20
PRRSV2/vivid.r186/2019	1A.20
PRRSV2/vivid.r188/2019	1A.20
PRRSV2/vivid.r189/2019	1A.20
PRRSV2/vivid.r190/2019	1A.20
PRRSV2/USA/IA/vivid.IDYTVA/2019	1A.20
PRRSV2/USA/IA/vivid.HKFKQY/2021	1A.20
PRRSV2/USA/SD/vivid.QJXWOY/2018	1A.21
PRRSV2/USA/SD/vivid.TULRKM/2018	1A.21
PRRSV2/USA/SD/vivid.CKHSPO/2019	1A.21
PRRSV2/USA/SD/vivid.TYZSXC/2019	1A.21
PRRSV2/USA/SD/vivid.SAJYXI/2020	1A.21
PRRSV2/USA/SD/vivid.RYUBZO/2020	1A.21
PRRSV2/USA/SD/vivid.DPUYBL/2020	1A.21
PRRSV2/USA/NC/vivid.AXHDHX/2020	1A.22
PRRSV2/USA/NC/vivid.NAKVWT/2021	1A.22
PRRSV2/USA/NC/vivid.RMKTHM/2021	1A.22
PRRSV2/USA/MI/vivid.74359/2022	1A.22
PRRSV2/USA/IA/USSPD/PRRSV/swine/Iowa/90491/2021/2021	1A.23
PRRSV2/USA/IA/vivid.STKYAF/2020	1A.23
PRRSV2/USA/IA/vivid.EXVAUI/2020	1A.23
PRRSV2/USA/IA/vivid.LGYMIG/2020	1A.23
PRRSV2/USA/IA/vivid.UTDFDK/2020	1A.23
PRRSV2/USA/IA/vivid.DLKZKD/2021	1A.23
PRRSV2/USA/SD/vivid.57021/2022	1A.23
PRRSV2/USA/IA/vivid.57445/2022	1A.23
PRRSV2/USA/IA/vivid.61392/2023	1A.23
PRRSV2/USA/NC/vivid.DQCRLP/2021	1A.24
PRRSV2/USA/NC/vivid.SWKLSB/2021	1A.24
PRRSV2/USA/NC/vivid.FJNJCI/2021	1A.24
PRRSV2/USA/NC/vivid.YBYMFF/2021	1A.24
PRRSV2/USA/NC/vivid.OEMKBD/2021	1A.24
PRRSV2/USA/NC/vivid.AVLPSW/2021	1A.24
PRRSV2/USA/NC/vivid.OMCWEH/2021	1A.24
PRRSV2/USA/NC/vivid.GYUYLM/2021	1A.24
PRRSV2/USA/NC/vivid.52452/2021	1A.24
PRRSV2/USA/IA/USSPD/PRRSV/swine/Iowa/110698/2021/2021	1A.25
PRRSV2/USA/IL/vivid.YSMIVI/2019	1A.25
PRRSV2/USA/IL/vivid.NPYSSL/2019	1A.25
PRRSV2/USA/IL/vivid.VIBRZZ/2019	1A.25
PRRSV2/USA/IL/vivid.YVDCTT/2019	1A.25
PRRSV2/USA/IL/vivid.IETKJG/2020	1A.25
PRRSV2/USA/IL/vivid.DNDRFZ/2021	1A.25
PRRSV2/USA/IL/vivid.IAUMUN/2021	1A.25
PRRSV2/USA/IL/vivid.51985/2021	1A.25
PRRSV2/USA/IL/vivid.51986/2021	1A.25
PRRSV2/USA/IL/vivid.53137/2022	1A.25
PRRSV2/USA/MO/vivid.53139/2022	1A.25
PRRSV2/USA/IL/vivid.53401/2022	1A.25
PRRSV2/USA/IL/vivid.58572/2022	1A.25
PRRSV2/USA/IL/vivid.58589/2022	1A.25
PRRSV2/vivid.r193/2020	1A.26
PRRSV2/USA/NE/vivid.UCNFYY/2021	1A.26
PRRSV2/USA/IL/vivid.WIKLFG/2019	1A.27
PRRSV2/USA/IL/vivid.YJXMMX/2019	1A.27
PRRSV2/USA/IL/vivid.TJFTCC/2019	1A.27
PRRSV2/USA/IL/vivid.RTRNCS/2019	1A.27
PRRSV2/USA/IA/vivid.FTMJUF/2019	1A.27
PRRSV2/USA/IL/vivid.DPSFYP/2019	1A.27
PRRSV2/USA/IL/vivid.UKKRBQ/2020	1A.27
PRRSV2/USA/IL/vivid.EWOSLD/2020	1A.27
PRRSV2/USA/IL/vivid.NRADKK/2020	1A.27
PRRSV2/USA/MN/USSPD/PRRSV/swine/Minnesota/98233/2021/2021	1A.28
PRRSV2/USA/IA/vivid.SZZLRG/2019	1A.28
PRRSV2/USA/OH/vivid.IBKDJH/2019	1A.28
PRRSV2/USA/IA/vivid.DFYWOH/2019	1A.28
PRRSV2/USA/SD/vivid.ZORKNU/2019	1A.28
PRRSV2/USA/OH/vivid.UCNJBY/2019	1A.28
PRRSV2/USA/IA/vivid.QJCAYG/2020	1A.28
PRRSV2/USA/OH/vivid.TKJXXB/2020	1A.28
PRRSV2/USA/IA/vivid.OWXMCN/2021	1A.28
PRRSV2/USA/OH/vivid.74147/2021	1A.28
PRRSV2/USA/IA/vivid.52497/2021	1A.28
PRRSV2/USA/IA/vivid.52584/2021	1A.28
PRRSV2/USA/OH/vivid.56486/2022	1A.28
PRRSV2/USA/IA/vivid.LRZZPM/2019	1A.29
PRRSV2/USA/IA/vivid.FFMXHC/2020	1A.29
PRRSV2/USA/IA/vivid.LBBOTB/2020	1A.29
PRRSV2/USA/IA/vivid.QPFCFM/2020	1A.29
PRRSV2/USA/IA/vivid.NNZQSK/2020	1A.29
PRRSV2/USA/MN/vivid.DPXNHT/2020	1A.29
PRRSV2/USA/NC/vivid.ANYAPC/2018	1A.3
PRRSV2/USA/NC/vivid.HJNELY/2018	1A.3
PRRSV2/USA/NC/vivid.UMXNAU/2018	1A.3
PRRSV2/USA/NC/vivid.BQZHUB/2018	1A.3
PRRSV2/USA/MZ304012	1A.30
PRRSV2/USA/NE/USSPD/PRRSV/swine/Nebraska/93699/2021/2021	1A.30
PRRSV2/vivid.r191/2020	1A.30
PRRSV2/vivid.r177/2018	1A.30
PRRSV2/vivid.r179/2018	1A.30
PRRSV2/vivid.r181/2018	1A.30
PRRSV2/vivid.r187/2019	1A.30
PRRSV2/vivid.r194/2020	1A.30
PRRSV2/vivid.r197/2020	1A.30
PRRSV2/vivid.r201/2020	1A.30
PRRSV2/USA/NC/USSPD/PRRSV/swine/North_Carolina/84430/2021/2021	1A.31
PRRSV2/USA/NC/vivid.HSDTSL/2019	1A.31
PRRSV2/USA/NC/vivid.OPZVPX/2019	1A.31
PRRSV2/USA/NC/vivid.UZNAPQ/2019	1A.31
PRRSV2/USA/NC/vivid.BMHTEY/2020	1A.31
PRRSV2/USA/NC/vivid.ZFGVZP/2020	1A.31
PRRSV2/USA/NC/vivid.XEBVCW/2020	1A.31
PRRSV2/USA/NC/vivid.YCDSRQ/2020	1A.31
PRRSV2/USA/NC/vivid.52776/2021	1A.31
PRRSV2/USA/NC/vivid.52263/2021	1A.31
PRRSV2/USA/NC/vivid.52271/2021	1A.31
PRRSV2/USA/NC/vivid.53036/2021	1A.31
PRRSV2/USA/NC/vivid.53724/2022	1A.31
PRRSV2/USA/NC/vivid.53468/2022	1A.31
PRRSV2/USA/NC/vivid.ACBXMX/2019	1A.32
PRRSV2/USA/SC/vivid.GEWOKV/2020	1A.32
PRRSV2/USA/SC/vivid.HKLEEN/2020	1A.32
PRRSV2/USA/NC/vivid.JWLXAC/2020	1A.32
PRRSV2/USA/NC/vivid.52789/2021	1A.32
PRRSV2/USA/NC/vivid.52276/2021	1A.32
PRRSV2/USA/NC/vivid.60534/2023	1A.32
PRRSV2/USA/OH/USSPD/PRRSV/swine/Ohio/79230/2021/2021	1A.33
PRRSV2/USA/OH/vivid.52348/2021	1A.33
PRRSV2/USA/OH/vivid.60412/2022	1A.33
PRRSV2/USA/OH/vivid.60436/2022	1A.33
PRRSV2/USA/OH/vivid.60484/2022	1A.33
PRRSV2/USA/OH/vivid.60486/2022	1A.33
PRRSV2/USA/OH/vivid.74932/2023	1A.33
PRRSV2/USA/OH/vivid.62989/2023	1A.33
PRRSV2/USA/OH/vivid.66339/2023	1A.33
PRRSV2/USA/OH/vivid.66421/2023	1A.33
PRRSV2/USA/IN/vivid.68250/2024	1A.33
PRRSV2/USA/IN/vivid.75298/2024	1A.33
PRRSV2/USA/OH/vivid.68533/2024	1A.33
PRRSV2/USA/OH/vivid.75502/2024	1A.33
PRRSV2/USA/IA/vivid.77219/2024	1A.33
PRRSV2/USA/IN/vivid.77841/2024	1A.33
PRRSV2/USA/IL/vivid.RCPNZG/2019	1A.34
PRRSV2/USA/IL/vivid.OARNLX/2019	1A.34
PRRSV2/USA/IL/vivid.RUAVTY/2019	1A.34
PRRSV2/USA/IL/vivid.PWCUBV/2020	1A.34
PRRSV2/USA/IA/vivid.HXSLCC/2020	1A.34
PRRSV2/USA/IA/vivid.FTSLOP/2020	1A.34
PRRSV2/USA/IA/vivid.HAHKTA/2020	1A.34
PRRSV2/USA/IL/vivid.74510/2022	1A.34
PRRSV2/USA/IL/vivid.57438/2022	1A.34
PRRSV2/USA/IL/vivid.57517/2022	1A.34
PRRSV2/USA/IA/vivid.57528/2022	1A.34
PRRSV2/USA/IA/vivid.62633/2023	1A.34
PRRSV2/USA/IA/vivid.62634/2023	1A.34
PRRSV2/USA/IL/vivid.66325/2023	1A.34
PRRSV2/USA/IL/vivid.75396/2024	1A.34
PRRSV2/USA/IL/vivid.68464/2024	1A.34
PRRSV2/USA/IL/vivid.75443/2024	1A.34
PRRSV2/USA/IA/vivid.79557/2025	1A.34
PRRSV2/USA/MO/USSPD/PRRSV/swine/Missouri/109789/2021/2021	1A.35
PRRSV2/USA/IL/vivid.UVLFVF/2019	1A.35
PRRSV2/USA/IA/vivid.RGYKUI/2019	1A.35
PRRSV2/USA/IA/vivid.UFBVQR/2019	1A.35
PRRSV2/USA/IL/vivid.DAUSPV/2019	1A.35
PRRSV2/USA/IN/vivid.KKGUIF/2019	1A.35
PRRSV2/USA/IN/vivid.NINESQ/2019	1A.35
PRRSV2/USA/IL/vivid.VWPZMO/2020	1A.35
PRRSV2/USA/IL/vivid.ZQGHDC/2020	1A.35
PRRSV2/USA/IL/vivid.PMUJVS/2020	1A.35
PRRSV2/USA/IA/vivid.FDJAST/2021	1A.35
PRRSV2/USA/MO/vivid.53362/2022	1A.35
PRRSV2/USA/IL/vivid.58570/2022	1A.35
PRRSV2/USA/IL/vivid.74707/2022	1A.35
PRRSV2/USA/IL/vivid.74715/2022	1A.35
PRRSV2/USA/IL/vivid.74960/2023	1A.35
PRRSV2/USA/IL/vivid.75029/2023	1A.35
PRRSV2/USA/NC/vivid.OCIRHS/2019	1A.36
PRRSV2/USA/NC/vivid.INAQQX/2020	1A.36
PRRSV2/USA/NC/vivid.JDKWMZ/2020	1A.36
PRRSV2/USA/NE/vivid.52559/2021	1A.37
PRRSV2/USA/IA/vivid.MTIEDK/2020	1A.38
PRRSV2/USA/MN/vivid.XYNRQI/2020	1A.38
PRRSV2/USA/IA/vivid.PJTDZD/2020	1A.38
PRRSV2/USA/IA/vivid.BWJDBD/2020	1A.38
PRRSV2/USA/IA/vivid.SKPLTS/2020	1A.38
PRRSV2/USA/IL/USSPD/PRRSV/swine/Illinois/99814/2021/2021	1A.39
PRRSV2/USA/NC/vivid.GSHHPE/2018	1A.4
PRRSV2/USA/NC/vivid.AQMBKR/2018	1A.4
PRRSV2/USA/IA/vivid.WHBWPC/2019	1A.4
PRRSV2/USA/NC/USSPD/PRRSV/swine/North_Carolina/101021/2021/2021	1A.40
PRRSV2/USA/NC/vivid.JBPZJD/2020	1A.40
PRRSV2/USA/NC/vivid.BGMRWY/2020	1A.40
PRRSV2/USA/IA/vivid.DDJQTW/2021	1A.40
PRRSV2/USA/IA/vivid.HJOGQJ/2021	1A.40
PRRSV2/USA/NC/vivid.KIEXAR/2021	1A.40
PRRSV2/USA/NC/vivid.74094/2021	1A.40
PRRSV2/USA/NC/vivid.52764/2021	1A.40
PRRSV2/USA/NC/vivid.52767/2021	1A.40
PRRSV2/USA/NC/vivid.52571/2021	1A.40
PRRSV2/USA/NC/vivid.56470/2022	1A.40
PRRSV2/USA/IA/vivid.74857/2022	1A.41
PRRSV2/USA/IA/vivid.60444/2022	1A.41
PRRSV2/USA/IA/vivid.60642/2023	1A.41
PRRSV2/USA/IA/vivid.60825/2023	1A.41
PRRSV2/USA/IA/vivid.61717/2023	1A.41
PRRSV2/USA/IA/vivid.66229/2023	1A.41
PRRSV2/USA/NC/vivid.FYFUBR/2020	1A.42
PRRSV2/USA/NC/vivid.GTFCPY/2020	1A.42
PRRSV2/USA/NC/vivid.UUPUXF/2020	1A.42
PRRSV2/vivid.r215/2022	1A.43
PRRSV2/USA/NC/USSPD/PRRSV/swine/North_Carolina/107152/2021/2021	1A.44
PRRSV2/USA/NC/USSPD/PRRSV/swine/North_Carolina/110095/2021/2021	1A.44
PRRSV2/USA/NC/vivid.53663/2021	1A.44
PRRSV2/USA/NC/vivid.53680/2021	1A.44
PRRSV2/USA/NC/vivid.53695/2022	1A.44
PRRSV2/USA/NC/vivid.53371/2022	1A.44
PRRSV2/USA/NC/vivid.58614/2022	1A.44
PRRSV2/USA/NC/vivid.58624/2022	1A.44
PRRSV2/USA/NC/vivid.59488/2022	1A.44
PRRSV2/USA/NC/vivid.59676/2022	1A.44
PRRSV2/USA/NC/vivid.59786/2022	1A.44
PRRSV2/USA/NC/vivid.60497/2022	1A.44
PRRSV2/USA/NC/vivid.60964/2023	1A.44
PRRSV2/USA/NC/vivid.63373/2023	1A.44
PRRSV2/USA/NC/USSPD/PRRSV/swine/North_Carolina/72324/2021/2021	1A.45
PRRSV2/USA/NC/vivid.HHYNYJ/2021	1A.45
PRRSV2/USA/NC/vivid.CNCBTV/2021	1A.45
PRRSV2/USA/NC/vivid.52197/2021	1A.45
PRRSV2/USA/NC/vivid.52091/2021	1A.45
PRRSV2/USA/NC/vivid.52090/2021	1A.45
PRRSV2/USA/NC/vivid.59322/2022	1A.45
PRRSV2/USA/NC/vivid.61397/2023	1A.45
PRRSV2/USA/NC/vivid.61413/2023	1A.45
PRRSV2/USA/NC/vivid.66684/2024	1A.45
PRRSV2/USA/NC/vivid.66724/2024	1A.45
PRRSV2/USA/NC/vivid.66697/2024	1A.45
PRRSV2/USA/NC/vivid.68882/2024	1A.45
PRRSV2/USA/NC/vivid.68920/2024	1A.45
PRRSV2/USA/IL/vivid.79717/2025	1A.45
PRRSV2/USA/IA/USSPD/PRRSV/swine/Iowa/62863/2021/2021	1A.46
PRRSV2/USA/IA/vivid.MUIGJJ/2021	1A.46
PRRSV2/USA/MI/vivid.52489/2021	1A.46
PRRSV2/USA/MI/vivid.74350/2022	1A.46
PRRSV2/USA/MI/vivid.74732/2022	1A.46
PRRSV2/USA/MI/vivid.60326/2022	1A.46
PRRSV2/USA/MI/vivid.60325/2022	1A.46
PRRSV2/USA/MI/vivid.60478/2022	1A.46
PRRSV2/USA/IA/vivid.60597/2023	1A.46
PRRSV2/USA/MN/vivid.74673/2022	1A.47
PRRSV2/USA/IA/vivid.59711/2022	1A.47
PRRSV2/USA/IA/vivid.59822/2022	1A.47
PRRSV2/USA/IL/vivid.66249/2023	1A.48
PRRSV2/USA/IL/vivid.66290/2023	1A.48
PRRSV2/USA/IL/vivid.77425/2024	1A.48
PRRSV2/USA/IA/vivid.CDGFOA/2019	1A.5
PRRSV2/USA/IL/vivid.HLXVLO/2019	1A.5
PRRSV2/USA/IA/vivid.MZSDYW/2019	1A.5
PRRSV2/USA/IL/vivid.IVBFAI/2019	1A.5
PRRSV2/USA/IL/vivid.TKYOQW/2020	1A.5
PRRSV2/USA/IA/vivid.LDJANY/2020	1A.5
PRRSV2/USA/IL/vivid.JNPWEX/2020	1A.5
PRRSV2/USA/IL/vivid.ESMJYX/2021	1A.5
PRRSV2/USA/IL/vivid.52583/2021	1A.5
PRRSV2/USA/IL/vivid.74662/2022	1A.5
PRRSV2/USA/IL/vivid.59987/2022	1A.5
PRRSV2/USA/IL/vivid.62983/2023	1A.5
PRRSV2/USA/MI/USSPD/PRRSV/swine/Michigan/97431/2021/2021	1A.50
PRRSV2/USA/MI/USSPD/PRRSV/swine/Michigan/112571/2021/2021	1A.50
PRRSV2/USA/IA/vivid.80304/2025	1A.50
PRRSV2/USA/WI/USSPD/PRRSV/swine/Wisconsin/113199/2021/2021	1A.51
PRRSV2/CAN/vivid.5230/2022	1A.53
PRRSV2/CAN/vivid.5314/2022	1A.53
PRRSV2/CAN/vivid.5457/2022	1A.53
PRRSV2/CAN/vivid.6133/2024	1A.53
PRRSV2/USA/IN/vivid.79390/2025	1A.54
PRRSV2/vivid.r184/2018	1A.6
PRRSV2/vivid.r185/2018	1A.6
PRRSV2/USA/IA/vivid.LBJPPE/2018	1A.6
PRRSV2/USA/IA/vivid.TVABGO/2018	1A.6
PRRSV2/USA/IA/vivid.EGAGLV/2019	1A.7
PRRSV2/USA/IA/vivid.SRCHUJ/2019	1A.7
PRRSV2/USA/IA/vivid.NEOIVO/2019	1A.7
PRRSV2/USA/IA/vivid.SDJQRO/2020	1A.7
PRRSV2/USA/IA/vivid.YRRXRU/2020	1A.7
PRRSV2/USA/IA/vivid.DNUWPD/2020	1A.7
PRRSV2/USA/IA/vivid.HOWTSZ/2020	1A.7
PRRSV2/USA/SD/vivid.RUJJQU/2020	1A.7
PRRSV2/USA/MN/vivid.VSTWTV/2021	1A.7
PRRSV2/USA/IA/vivid.ZLJOKV/2021	1A.7
PRRSV2/USA/IA/vivid.NRWAJR/2021	1A.7
PRRSV2/USA/IA/vivid.MBPINR/2021	1A.7
PRRSV2/USA/IA/vivid.52575/2021	1A.7
PRRSV2/USA/IA/vivid.59544/2022	1A.7
PRRSV2/USA/IA/vivid.61685/2023	1A.7
PRRSV2/USA/IA/vivid.62277/2023	1A.7
PRRSV2/USA/MO/USSPD/PRRSV/swine/Missouri/60609/2021/2021	1A.8
PRRSV2/USA/MO/USSPD/PRRSV/swine/Missouri/69082/2021/2021	1A.8
PRRSV2/USA/MO/vivid.FRJVEN/2018	1A.8
PRRSV2/USA/MO/vivid.CYHZLX/2019	1A.8
PRRSV2/USA/IL/vivid.IWGLOL/2019	1A.8
PRRSV2/USA/IL/vivid.ZRFHVQ/2019	1A.8
PRRSV2/USA/MO/vivid.JRAJUM/2019	1A.8
PRRSV2/USA/IA/vivid.VFVIMO/2019	1A.8
PRRSV2/USA/IA/vivid.CFAARW/2019	1A.8
PRRSV2/USA/IL/vivid.GIONUZ/2019	1A.8
PRRSV2/USA/IA/vivid.VYVUYW/2019	1A.8
PRRSV2/USA/MN/vivid.FKETMA/2021	1A.8
PRRSV2/USA/MN/vivid.51931/2021	1A.8
PRRSV2/USA/IA/USSPD/PRRSV/swine/Iowa/80469/2021/2021	1A.9
PRRSV2/USA/IA/vivid.NCNZPC/2018	1A.9
PRRSV2/USA/IA/vivid.BHJEZR/2019	1A.9
PRRSV2/USA/IA/vivid.WMXQDW/2019	1A.9
PRRSV2/USA/IA/vivid.GBWWAU/2020	1A.9
PRRSV2/USA/IA/vivid.OKTQQF/2021	1A.9
PRRSV2/USA/IA/vivid.51808/2021	1A.9
PRRSV2/USA/IA/vivid.74177/2021	1A.9
PRRSV2/USA/IA/OR293459/2013	1B.1
PRRSV2/USA/MN/vivid.BPKTEY/2015	1B.1
PRRSV2/USA/MN/vivid.APYOCI/2015	1B.1
PRRSV2/USA/MN/vivid.KJUOVL/2016	1B.1
PRRSV2/USA/IA/USSPD/PRRSV/swine/Iowa/81443/2021/2021	1B.12
PRRSV2/USA/IA/vivid.IJQFZR/2019	1B.12
PRRSV2/USA/IA/vivid.NXRQIH/2019	1B.12
PRRSV2/USA/IA/vivid.ODBBKP/2019	1B.12
PRRSV2/USA/SD/vivid.OAQDTG/2020	1B.12
PRRSV2/USA/SD/vivid.ZBRBYJ/2021	1B.12
PRRSV2/USA/MN/vivid.LCWUGN/2021	1B.12
PRRSV2/USA/MN/vivid.VQZRXK/2019	1B.13
PRRSV2/USA/MN/vivid.YWBCVK/2020	1B.13
PRRSV2/USA/MN/vivid.LLVSLD/2020	1B.13
PRRSV2/USA/IA/vivid.PBAXLL/2020	1B.13
PRRSV2/USA/MN/vivid.SWCPJR/2020	1B.13
PRRSV2/USA/MN/vivid.KZYIJX/2020	1B.13
PRRSV2/USA/MO/OR293467/2018	1B.14
PRRSV2/USA/MO/vivid.JKYAIT/2018	1B.14
PRRSV2/USA/MO/vivid.XTXRER/2018	1B.14
PRRSV2/USA/MO/vivid.HYZWLZ/2018	1B.14
PRRSV2/USA/MO/vivid.ZQQUYL/2018	1B.14
PRRSV2/USA/MO/vivid.XRMWFY/2018	1B.14
PRRSV2/vivid.r205/2021	1B.16
PRRSV2/USA/IA/vivid.TXINET/2021	1B.17
PRRSV2/USA/NE/OR293463/2015	1B.2
PRRSV2/USA/NE/vivid.MEKOZF/2015	1B.2
PRRSV2/USA/NE/vivid.ITIEZM/2015	1B.2
PRRSV2/USA/MN499667/2012	1B.3
PRRSV2/USA/MN498518/2013	1B.3
PRRSV2/USA/NC/OR293466/2016	1B.3
PRRSV2/USA/NC/vivid.LNCHVQ/2015	1B.3
PRRSV2/USA/KU502529/2013	1B.4
PRRSV2/USA/MN/vivid.JGEWTE/2015	1B.4
PRRSV2/USA/IA/vivid.LWPAFG/2015	1B.4
PRRSV2/USA/IA/vivid.IUQJIL/2016	1B.4
PRRSV2/USA/MN/vivid.JRBYRN/2016	1B.5
PRRSV2/USA/MN/vivid.AILHKC/2016	1B.5
PRRSV2/USA/MN/vivid.CXBVWF/2016	1B.5
PRRSV2/USA/MN/vivid.DLAOST/2017	1B.5
PRRSV2/USA/MN/vivid.BWEKAW/2017	1B.5
PRRSV2/USA/KT905359	1B.6
PRRSV2/USA/MN502461	1B.6
PRRSV2/USA/MN502466	1B.6
PRRSV2/USA/MN500877	1B.6
PRRSV2/USA/MN502217	1B.6
PRRSV2/USA/MN498879	1B.6
PRRSV2/USA/MN502467	1B.6
PRRSV2/USA/MN499011	1B.6
PRRSV2/USA/MN500807	1B.6
PRRSV2/USA/MN500804	1B.6
PRRSV2/USA/MN500323	1B.6
PRRSV2/vivid.r158/2015	1B.7
PRRSV2/vivid.r163/2016	1B.7
PRRSV2/vivid.r165/2016	1B.7
PRRSV2/USA/KT904947	1B.8
PRRSV2/USA/OR293461	1B.8
PRRSV2/vivid.r151/2014	1B.8
PRRSV2/vivid.r152/2014	1B.8
PRRSV2/vivid.r153/2015	1B.8
PRRSV2/vivid.r154/2015	1B.8
PRRSV2/vivid.r155/2015	1B.8
PRRSV2/vivid.r156/2015	1B.8
PRRSV2/vivid.r157/2015	1B.8
PRRSV2/vivid.r159/2015	1B.8
PRRSV2/vivid.r161/2015	1B.8
PRRSV2/vivid.r162/2015	1B.8
PRRSV2/vivid.r164/2016	1B.8
PRRSV2/USA/IA/OR293461/2014	1B.8
PRRSV2/USA/MN/vivid.MYRKRY/2015	1B.8
PRRSV2/USA/MN/vivid.IWXQAQ/2016	1B.9
PRRSV2/USA/MN/vivid.MYHFMD/2016	1B.9
PRRSV2/USA/NC/vivid.ASOWFG/2016	1C.1
PRRSV2/USA/NC/vivid.WNLLYO/2016	1C.1
PRRSV2/USA/NC/vivid.RGWRKH/2016	1C.1
PRRSV2/USA/NC/vivid.BJGPIV/2016	1C.1
PRRSV2/USA/NC/vivid.HQHUWH/2017	1C.1
PRRSV2/USA/NC/vivid.YNXCKF/2017	1C.1
PRRSV2/USA/IA/vivid.YBBSHO/2017	1C.10
PRRSV2/USA/MN/vivid.80000/2025	1C.11
PRRSV2/USA/NE/USSPD/PRRSV/swine/Nebraska/67621/2021/2021	1C.13
PRRSV2/USA/NE/USSPD/PRRSV/swine/Nebraska/109104/2021/2021	1C.13
PRRSV2/USA/IA/vivid.KWDRRF/2018	1C.13
PRRSV2/USA/MN/vivid.BDOUOU/2019	1C.13
PRRSV2/USA/WY/vivid.61386/2023	1C.13
PRRSV2/USA/IA/vivid.61462/2023	1C.13
PRRSV2/USA/WY/vivid.66382/2023	1C.13
PRRSV2/USA/NC/vivid.CDUHUP/2016	1C.14
PRRSV2/USA/NC/vivid.IRVOPB/2016	1C.14
PRRSV2/USA/NC/vivid.JANZTJ/2016	1C.14
PRRSV2/USA/NC/vivid.XJOVCR/2016	1C.14
PRRSV2/USA/NC/vivid.YKJGPU/2016	1C.14
PRRSV2/USA/NC/vivid.YXRRPX/2016	1C.14
PRRSV2/USA/OH/vivid.MPVIPU/2018	1C.17
PRRSV2/USA/OH/vivid.EVYHFN/2018	1C.17
PRRSV2/USA/IA/vivid.NZVEYV/2018	1C.18
PRRSV2/USA/MN/vivid.ZHEAKT/2019	1C.18
PRRSV2/USA/IA/vivid.HMBREZ/2019	1C.18
PRRSV2/USA/MN/vivid.PIPQTB/2020	1C.18
PRRSV2/USA/OK/vivid.60078/2022	1C.2.24
PRRSV2/USA/OK/vivid.60103/2022	1C.2.24
PRRSV2/USA/OK/vivid.60285/2022	1C.2.24
PRRSV2/USA/OK/vivid.60713/2023	1C.2.24
PRRSV2/vivid.r225/2023	1C.2.39
PRRSV2/vivid.r226/2023	1C.2.39
PRRSV2/USA/CO/vivid.80257/2025	1C.2.39
PRRSV2/USA/MN/USSPD/PRRSV/swine/Minnesota/63971/2021/2021	1C.21
PRRSV2/USA/MN/vivid.RQIVRK/2020	1C.21
PRRSV2/USA/MN/vivid.53604/2022	1C.21
PRRSV2/USA/MN/vivid.53603/2022	1C.21
PRRSV2/USA/MN/vivid.74803/2022	1C.21
PRRSV2/USA/IL/vivid.EBNUVY/2020	1C.22
PRRSV2/USA/IL/vivid.QPMTTV/2020	1C.22
PRRSV2/USA/IL/vivid.OUILRY/2020	1C.22
PRRSV2/USA/IL/vivid.RCDOUC/2020	1C.22
PRRSV2/USA/IL/vivid.SWRBOL/2020	1C.22
PRRSV2/USA/IL/vivid.YVFMAN/2020	1C.22
PRRSV2/USA/IL/vivid.62464/2023	1C.25.30
PRRSV2/USA/MO/vivid.63450/2023	1C.25.30
PRRSV2/USA/IA/vivid.68219/2024	1C.25.30
PRRSV2/USA/IL/vivid.68444/2024	1C.25.30
PRRSV2/USA/IA/vivid.79821/2025	1C.25.30
PRRSV2/USA/IL/vivid.79868/2025	1C.25.30
PRRSV2/USA/IL/vivid.80155/2025	1C.25.30
PRRSV2/USA/NC/vivid.MXFBOO/2016	1C.3
PRRSV2/USA/NC/vivid.DPVDQE/2018	1C.3
PRRSV2/USA/NC/vivid.NLSNPM/2018	1C.3
PRRSV2/USA/NC/vivid.ZJFLUD/2018	1C.3
PRRSV2/USA/MN/vivid.QPEQJT/2021	1C.3
PRRSV2/USA/IA/vivid.74207/2021	1C.3
PRRSV2/USA/IA/vivid.61779/2023	1C.3.25
PRRSV2/USA/IA/vivid.66345/2023	1C.3.25
PRRSV2/USA/SD/vivid.68760/2024	1C.3.25
PRRSV2/USA/IN/USSPD/PRRSV/swine/Indiana/95719/2021/2021	1C.3.26
PRRSV2/USA/IL/vivid.INAPDC/2021	1C.3.26
PRRSV2/USA/IL/vivid.HVCWPL/2021	1C.3.26
PRRSV2/USA/IA/vivid.YQATWQ/2021	1C.3.26
PRRSV2/USA/OH/vivid.56519/2022	1C.3.26
PRRSV2/USA/IA/vivid.56944/2022	1C.3.26
PRRSV2/USA/IA/vivid.57014/2022	1C.3.26
PRRSV2/USA/IA/vivid.59773/2022	1C.3.26
PRRSV2/USA/IA/vivid.60331/2022	1C.3.26
PRRSV2/USA/OH/vivid.60537/2023	1C.3.26
PRRSV2/USA/IA/vivid.61452/2023	1C.3.26
PRRSV2/USA/IL/vivid.66748/2024	1C.3.26
PRRSV2/USA/IL/vivid.68925/2024	1C.3.26
PRRSV2/USA/IA/USSPD/PRRSV/swine/Iowa/94678/2021/2021	1C.3.27
PRRSV2/USA/IA/vivid.75171/2023	1C.3.27
PRRSV2/USA/IA/vivid.68705/2024	1C.3.27
PRRSV2/USA/IA/USSPD/PRRSV/swine/Iowa/73513/2021/2021	1C.3.29
PRRSV2/USA/IA/USSPD/PRRSV/swine/Iowa/76782/2021/2021	1C.3.29
PRRSV2/USA/IA/USSPD/PRRSV/swine/Iowa/82946/2021/2021	1C.3.29
PRRSV2/USA/IA/vivid.CDJDRU/2021	1C.3.29
PRRSV2/USA/IA/vivid.53039/2021	1C.3.29
PRRSV2/USA/IA/vivid.56415/2022	1C.3.29
PRRSV2/USA/MN500980	1C.4
PRRSV2/USA/KT902997	1C.4
PRRSV2/USA/MN499723	1C.4
PRRSV2/USA/MN501316	1C.4
PRRSV2/USA/MN502613	1C.4
PRRSV2/USA/VA/OR293536	1C.4
PRRSV2/USA/IA/OR293537	1C.4
PRRSV2/USA/PA/OR293538	1C.4
PRRSV2/USA/KT903592	1C.4
PRRSV2/USA/KT903699	1C.4
PRRSV2/USA/MN499371	1C.4
PRRSV2/USA/MN499899	1C.4
PRRSV2/USA/MN498308	1C.4
PRRSV2/USA/MN502107	1C.4
PRRSV2/USA/IA/OR293540	1C.4
PRRSV2/CAN/vivid.2655/2016	1C.41
PRRSV2/CAN/vivid.2939/2016	1C.41
PRRSV2/CAN/vivid.2994/2016	1C.41
PRRSV2/CAN/vivid.3265/2017	1C.41
PRRSV2/CAN/vivid.3382/2017	1C.41
PRRSV2/CAN/vivid.3405/2018	1C.41
PRRSV2/CAN/vivid.3811/2018	1C.41
PRRSV2/CAN/vivid.3887/2019	1C.41
PRRSV2/CAN/vivid.4087/2019	1C.41
PRRSV2/CAN/vivid.2253/2015	1C.42
PRRSV2/CAN/vivid.2254/2015	1C.42
PRRSV2/CAN/vivid.2298/2015	1C.42
PRRSV2/CAN/vivid.2339/2015	1C.42
PRRSV2/CAN/vivid.2586/2015	1C.42
PRRSV2/CAN/vivid.2892/2016	1C.42
PRRSV2/CAN/vivid.2982/2016	1C.42
PRRSV2/CAN/vivid.3314/2017	1C.42
PRRSV2/CAN/vivid.3372/2017	1C.42
PRRSV2/USA/IA/OR293559/2021	1C.5
PRRSV2/USA/MN/vivid.79940/2025	1C.5.32
PRRSV2/USA/NE/USSPD/PRRSV/swine/Nebraska/108785/2021/2021	1C.5.33
PRRSV2/USA/SD/vivid.79350/2025	1C.5.33
PRRSV2/USA/IA/vivid.66661/2024	1C.5.34
PRRSV2/USA/IA/vivid.79925/2025	1C.5.34
PRRSV2/USA/IA/vivid.79534/2025	1C.5.34
PRRSV2/USA/MN/vivid.79712/2025	1C.5.34
PRRSV2/USA/MN/vivid.79709/2025	1C.5.34
PRRSV2/USA/MN/vivid.79713/2025	1C.5.34
PRRSV2/USA/MN/vivid.80119/2025	1C.5.34
PRRSV2/USA/IA/vivid.80149/2025	1C.5.34
PRRSV2/USA/IA/vivid.80152/2025	1C.5.34
PRRSV2/USA/IL/vivid.69035/2024	1C.5.35
PRRSV2/USA/IL/vivid.79362/2025	1C.5.35
PRRSV2/USA/IA/vivid.79434/2025	1C.5.35
PRRSV2/USA/IA/vivid.79465/2025	1C.5.35
PRRSV2/USA/IL/vivid.79603/2025	1C.5.35
PRRSV2/USA/IL/vivid.79630/2025	1C.5.35
PRRSV2/USA/IA/vivid.79876/2025	1C.5.35
PRRSV2/USA/IA/vivid.80245/2025	1C.5.35
PRRSV2/USA/OH/vivid.80341/2025	1C.5.35
PRRSV2/USA/IA/vivid.79374/2025	1C.5.36
PRRSV2/USA/MN/vivid.79509/2025	1C.5.36
PRRSV2/USA/MN/vivid.79879/2025	1C.5.36
PRRSV2/USA/IA/vivid.79897/2025	1C.5.36
PRRSV2/USA/IA/vivid.80118/2025	1C.5.36
PRRSV2/USA/MN/vivid.79918/2025	1C.5.37
PRRSV2/USA/MN/vivid.79917/2025	1C.5.37
PRRSV2/USA/MN/vivid.79920/2025	1C.5.37
PRRSV2/USA/IA/vivid.79926/2025	1C.5.37
PRRSV2/USA/IA/vivid.79460/2025	1C.5.37
PRRSV2/USA/IA/vivid.79669/2025	1C.5.37
PRRSV2/USA/MN/vivid.80061/2025	1C.5.37
PRRSV2/vivid.r224/2023	1C.5.38
PRRSV2/vivid.r230/2023	1C.5.38
PRRSV2/USA/NC/vivid.KHFQGV/2016	1C.6
PRRSV2/USA/NC/vivid.FHVECS/2016	1C.6
PRRSV2/USA/NC/vivid.MFPMQN/2016	1C.6
PRRSV2/USA/NC/vivid.EDZZFY/2017	1C.6
PRRSV2/USA/NC/vivid.TAYRAF/2017	1C.6
PRRSV2/USA/NC/vivid.HTPWQI/2017	1C.6
PRRSV2/USA/NC/vivid.TPJOKP/2017	1C.6
PRRSV2/USA/NC/vivid.KMLUVA/2018	1C.6
PRRSV2/USA/OH/vivid.CBRSQG/2019	1C.6
PRRSV2/USA/IA/vivid.AOUALC/2015	1C.7
PRRSV2/USA/MN/vivid.UZUAPH/2016	1C.7
PRRSV2/USA/MN/vivid.QDHNJN/2016	1C.7
PRRSV2/USA/MN/vivid.ECZALI/2016	1C.7
PRRSV2/USA/MN/vivid.LBPLBR/2016	1C.7
PRRSV2/USA/MN/vivid.ZNWFLO/2019	1C.8
PRRSV2/USA/MN/vivid.MHCLSS/2019	1C.8
PRRSV2/USA/MN/vivid.UVUAKC/2020	1C.8
PRRSV2/USA/IA/vivid.UCNDQF/2020	1C.8
PRRSV2/USA/MN/vivid.MSCEWT/2021	1C.8
PRRSV2/USA/MN/vivid.IOJILK/2021	1C.8
PRRSV2/USA/MN/vivid.56936/2022	1C.8
PRRSV2/USA/MN/vivid.61967/2023	1C.8
PRRSV2/USA/MN/vivid.62043/2023	1C.8
PRRSV2/USA/IA/OR293594/2021	1C.9
PRRSV2/USA/MN/vivid.BMJKJW/2017	1C.9
PRRSV2/USA/IL/vivid.CFVHEP/2017	1C.9
PRRSV2/USA/IL/vivid.IOMNLS/2018	1C.9
PRRSV2/USA/IL/vivid.CAUMDV/2018	1C.9
PRRSV2/USA/IL/vivid.EBOIZX/2018	1C.9
PRRSV2/USA/IL/vivid.SSIZXC/2018	1C.9
PRRSV2/USA/IA/vivid.VAZMSI/2019	1C.9
PRRSV2/USA/IL/vivid.VAXMQM/2019	1C.9
PRRSV2/USA/IL/vivid.FQSUPG/2019	1C.9
PRRSV2/USA/IL/vivid.FHSDBI/2019	1C.9
PRRSV2/USA/IL/vivid.RWCPRO/2019	1C.9
PRRSV2/USA/IL/vivid.ZVAJJC/2019	1C.9
PRRSV2/USA/IL/vivid.MHUYYW/2019	1C.9
PRRSV2/USA/IL/vivid.UMBTGE/2020	1C.9
PRRSV2/USA/IL/vivid.HEHOUJ/2021	1C.9
PRRSV2/USA/KS/vivid.BCCQOM/2021	1C.9.28
PRRSV2/USA/KS/vivid.52060/2021	1C.9.28
PRRSV2/USA/IL/OR293602/2010	1D.2
PRRSV2/USA/IA/OR293620/2020	1D.2
PRRSV2/USA/NE/vivid.56535/2022	1D.2
PRRSV2/USA/IL/vivid.60583/2023	1D.2
PRRSV2/USA/IL/vivid.79552/2025	1D.2
PRRSV2/USA/IN/vivid.68360/2024	1D.2.4
PRRSV2/USA/IN/vivid.68361/2024	1D.2.4
PRRSV2/USA/IN/vivid.68362/2024	1D.2.4
PRRSV2/USA/IN/vivid.68363/2024	1D.2.4
PRRSV2/USA/IN/vivid.75369/2024	1D.2.4
PRRSV2/USA/IN/vivid.75370/2024	1D.2.4
PRRSV2/USA/IN/vivid.75371/2024	1D.2.4
PRRSV2/USA/IN/vivid.75372/2024	1D.2.4
PRRSV2/USA/IA/OR293603/2011	1D.3
PRRSV2/USA/IA/OR293604/2014	1D.3
PRRSV2/USA/IA/OR293606/2015	1D.3
PRRSV2/USA/IA/OR293608/2015	1D.3
PRRSV2/USA/IA/OR293607/2015	1D.3
PRRSV2/USA/IA/OR293609/2016	1D.3
PRRSV2/USA/IA/OR293610/2019	1D.3
PRRSV2/USA/KS/vivid.MBOMXM/2019	1E.1
PRRSV2/USA/OK/vivid.EUBVKK/2021	1E.1
PRRSV2/USA/TX/vivid.58363/2021	1E.1
PRRSV2/USA/TX/vivid.58341/2021	1E.1
PRRSV2/USA/KS/vivid.59261/2022	1E.1
PRRSV2/USA/OK/vivid.57269/2022	1E.1
PRRSV2/USA/TX/vivid.57127/2022	1E.1
PRRSV2/USA/TX/vivid.58888/2022	1E.1
PRRSV2/USA/TX/vivid.52831/2021	1E.1.6
PRRSV2/USA/TX/vivid.58504/2021	1E.1.6
PRRSV2/USA/TX/vivid.58320/2021	1E.1.6
PRRSV2/USA/TX/vivid.56917/2022	1E.1.6
PRRSV2/USA/TX/vivid.59272/2022	1E.1.6
PRRSV2/USA/TX/vivid.56842/2022	1E.1.6
PRRSV2/USA/TX/vivid.58196/2022	1E.1.6
PRRSV2/USA/TX/vivid.59119/2022	1E.1.6
PRRSV2/USA/TX/vivid.58150/2022	1E.1.6
PRRSV2/USA/TX/vivid.56746/2022	1E.1.6
PRRSV2/USA/TX/vivid.59101/2022	1E.1.6
PRRSV2/USA/TX/vivid.58111/2022	1E.1.6
PRRSV2/USA/TX/vivid.59080/2022	1E.1.6
PRRSV2/USA/TX/vivid.59044/2022	1E.1.6
PRRSV2/USA/TX/vivid.57283/2022	1E.1.6
PRRSV2/CAN/vivid.4554/2020	1E.10
PRRSV2/CAN/vivid.5426/2022	1E.10
PRRSV2/CAN/vivid.5456/2022	1E.10
PRRSV2/CAN/vivid.5598/2023	1E.10
PRRSV2/CAN/vivid.5811/2023	1E.10
PRRSV2/CAN/vivid.6187/2024	1E.10
PRRSV2/CAN/vivid.3943/2019	1E.11
PRRSV2/CAN/vivid.4149/2019	1E.11
PRRSV2/CAN/vivid.4196/2019	1E.11
PRRSV2/CAN/vivid.4232/2020	1E.11
PRRSV2/CAN/vivid.4266/2020	1E.11
PRRSV2/CAN/vivid.4529/2020	1E.11
PRRSV2/CAN/vivid.4992/2021	1E.11
PRRSV2/CAN/vivid.5018/2021	1E.11
PRRSV2/CAN/vivid.5031/2021	1E.11
PRRSV2/CAN/vivid.5350/2022	1E.11
PRRSV2/CAN/vivid.5529/2023	1E.11
PRRSV2/CAN/vivid.6130/2024	1E.11
PRRSV2/CAN/vivid.3612/2018	1E.12
PRRSV2/CAN/vivid.3698/2018	1E.12
PRRSV2/CAN/vivid.3824/2018	1E.12
PRRSV2/CAN/vivid.4071/2019	1E.12
PRRSV2/CAN/vivid.4249/2020	1E.12
PRRSV2/CAN/vivid.4509/2020	1E.12
PRRSV2/CAN/vivid.4544/2020	1E.12
PRRSV2/CAN/vivid.5263/2022	1E.12
PRRSV2/CAN/vivid.5465/2022	1E.12
PRRSV2/CAN/vivid.5466/2022	1E.12
PRRSV2/CAN/vivid.5622/2023	1E.12
PRRSV2/CAN/vivid.5721/2023	1E.12
PRRSV2/CAN/vivid.5759/2023	1E.12
PRRSV2/CAN/vivid.6271/2024	1E.12
PRRSV2/USA/MZ304167	1E.2
PRRSV2/vivid.r150/2014	1E.2
PRRSV2/vivid.r160/2015	1E.2
PRRSV2/USA/EU759027	1E.3
PRRSV2/USA/EU759096	1E.3
PRRSV2/USA/EU759294	1E.3
PRRSV2/USA/EU758938	1E.3
PRRSV2/USA/EU759232	1E.3
PRRSV2/USA/EU759233	1E.3
PRRSV2/USA/MZ304149	1E.3
PRRSV2/USA/MZ304155	1E.3
PRRSV2/USA/OR293634	1E.3
PRRSV2/USA/MZ304158	1E.3
PRRSV2/USA/OR293648	1E.3
PRRSV2/USA/MZ304169	1E.3
PRRSV2/USA/MZ304170	1E.3
PRRSV2/USA/MZ304171	1E.3
PRRSV2/USA/MZ304172	1E.3
PRRSV2/USA/MN/vivid.VXYKYT/2018	1E.4
PRRSV2/USA/IL/vivid.63470/2023	1E.4
PRRSV2/USA/IL/vivid.75212/2023	1E.4
PRRSV2/USA/IL/vivid.68313/2024	1E.4
PRRSV2/USA/IL/vivid.75327/2024	1E.4
PRRSV2/USA/IL/vivid.68512/2024	1E.4
PRRSV2/USA/IL/vivid.75482/2024	1E.4
PRRSV2/USA/OR293654	1E.5
PRRSV2/USA/AZ/USSPD/PRRSV/swine/Arizona/60550/2021/2021	1E.5
PRRSV2/CAN/vivid.2877/2016	1E.9
PRRSV2/CAN/vivid.2901/2016	1E.9
PRRSV2/CAN/vivid.3206/2017	1E.9
PRRSV2/CAN/vivid.3492/2018	1E.9
PRRSV2/USA/IA/USSPD/PRRSV/swine/Iowa/109740/2021/2021	1F.1
PRRSV2/USA/MN/DQ475444/2001	1F.1
PRRSV2/USA/MN/EU755578/2002	1F.1
PRRSV2/USA/MN/DQ476456/2003	1F.1
PRRSV2/USA/MN/DQ476932/2004	1F.1
PRRSV2/USA/IA/OR293658/2005	1F.1
PRRSV2/USA/MN/OR293659/2006	1F.1
PRRSV2/USA/IA/OR293661/2007	1F.1
PRRSV2/USA/IA/OR293666/2008	1F.1
PRRSV2/USA/IA/OR293670/2010	1F.1
PRRSV2/USA/IA/OR293671/2011	1F.1
PRRSV2/USA/KU504149/2012	1F.1
PRRSV2/USA/IA/OR293675/2013	1F.1
PRRSV2/USA/VA/vivid.EQUABG/2018	1F.1
PRRSV2/USA/VA/vivid.ILKRFF/2018	1F.1
PRRSV2/USA/IA/vivid.61458/2023	1F.1
PRRSV2/CAN/vivid.3095/2017	1F.1.2
PRRSV2/CAN/vivid.3455/2018	1F.1.2
PRRSV2/CAN/vivid.4999/2021	1F.1.2
PRRSV2/CAN/vivid.5082/2021	1F.1.2
PRRSV2/USA/KS/vivid.OIQJQJ/2016	1H.1
PRRSV2/USA/TX/vivid.TGORFD/2018	1H.1
PRRSV2/USA/KS/vivid.LIYJZX/2018	1H.1
PRRSV2/USA/TX/vivid.VSIPQJ/2018	1H.1
PRRSV2/USA/OK/vivid.AQBGNF/2019	1H.1
PRRSV2/USA/OK/vivid.PGITYD/2021	1H.1
PRRSV2/USA/OK/vivid.JWIARN/2017	1H.10
PRRSV2/USA/OK/vivid.NAEEMS/2018	1H.10
PRRSV2/USA/OK/vivid.XTWDSA/2019	1H.10
PRRSV2/USA/KS/vivid.VLILMG/2019	1H.10
PRRSV2/USA/IA/vivid.YLKEGU/2019	1H.10
PRRSV2/USA/IL/vivid.NKFXFW/2021	1H.10
PRRSV2/USA/IL/vivid.KOMYNG/2021	1H.10
PRRSV2/USA/TX/vivid.52360/2021	1H.10
PRRSV2/USA/TX/vivid.58233/2022	1H.10
PRRSV2/USA/TX/vivid.59202/2022	1H.10
PRRSV2/USA/KS/vivid.BTJGKA/2021	1H.11.35
PRRSV2/USA/KS/vivid.CDRWWN/2021	1H.11.35
PRRSV2/USA/KS/vivid.FUOVCN/2021	1H.11.35
PRRSV2/USA/KS/vivid.52813/2021	1H.11.35
PRRSV2/USA/KS/vivid.52509/2021	1H.11.35
PRRSV2/USA/OK/vivid.58960/2022	1H.11.35
PRRSV2/USA/OK/vivid.57199/2022	1H.11.35
PRRSV2/USA/KS/vivid.58952/2022	1H.11.35
PRRSV2/USA/KS/vivid.57191/2022	1H.11.35
PRRSV2/USA/KS/vivid.58951/2022	1H.11.35
PRRSV2/USA/KS/vivid.57920/2022	1H.11.35
PRRSV2/USA/KS/vivid.57128/2022	1H.11.35
PRRSV2/USA/OK/vivid.57846/2022	1H.11.35
PRRSV2/USA/OK/vivid.58815/2022	1H.11.35
PRRSV2/USA/OK/vivid.57591/2022	1H.11.35
PRRSV2/USA/OK/vivid.60701/2023	1H.11.35
PRRSV2/USA/OK/vivid.60721/2023	1H.11.35
PRRSV2/vivid.r217/2022	1H.11.50
PRRSV2/vivid.r219/2022	1H.11.50
PRRSV2/USA/TX/vivid.KBEMZM/2017	1H.12
PRRSV2/USA/TX/vivid.SJSKDJ/2017	1H.12
PRRSV2/USA/CO/vivid.TROCFH/2018	1H.12
PRRSV2/USA/TX/vivid.HPYCOP/2018	1H.12
PRRSV2/USA/TX/vivid.KJJUMT/2018	1H.12
PRRSV2/USA/TX/vivid.OBGCXR/2019	1H.12
PRRSV2/USA/TX/vivid.LMNDKT/2020	1H.12
PRRSV2/USA/TX/vivid.GRDDCO/2021	1H.12
PRRSV2/USA/TX/vivid.52818/2021	1H.12
PRRSV2/USA/TX/vivid.57797/2022	1H.12
PRRSV2/USA/TX/vivid.61544/2023	1H.12
PRRSV2/USA/IA/vivid.NOBVEX/2020	1H.13
PRRSV2/USA/MI/vivid.75103/2023	1H.13
PRRSV2/USA/IN/vivid.75107/2023	1H.13
PRRSV2/USA/IN/vivid.68358/2024	1H.13
PRRSV2/USA/IN/vivid.75367/2024	1H.13
PRRSV2/USA/MI/vivid.69073/2024	1H.13
PRRSV2/USA/MI/vivid.69072/2024	1H.13
PRRSV2/USA/MI/vivid.69161/2024	1H.13
PRRSV2/USA/MI/vivid.69175/2024	1H.13
PRRSV2/USA/IN/vivid.69239/2024	1H.13
PRRSV2/USA/MI/vivid.76148/2024	1H.13
PRRSV2/USA/OK/vivid.LBPMKW/2018	1H.14
PRRSV2/USA/TX/vivid.OXYNRI/2018	1H.14
PRRSV2/USA/OK/vivid.KSXWTQ/2018	1H.14
PRRSV2/USA/NC/vivid.BCNQSG/2018	1H.15
PRRSV2/USA/NC/vivid.BQDBQC/2018	1H.15
PRRSV2/USA/NC/vivid.OCFKIB/2018	1H.15
PRRSV2/USA/IA/USSPD/PRRSV/swine/Iowa/100822/2021/2021	1H.17
PRRSV2/USA/IA/vivid.VQFRSX/2017	1H.17
PRRSV2/USA/IA/vivid.KYJTGH/2018	1H.17
PRRSV2/USA/IA/vivid.QAOSWM/2018	1H.17
PRRSV2/USA/MN/vivid.OHEEXH/2018	1H.17
PRRSV2/USA/MN/vivid.FTFYVK/2019	1H.17
PRRSV2/USA/IA/vivid.LVKKLB/2020	1H.17
PRRSV2/USA/IA/vivid.BZGMDX/2020	1H.17
PRRSV2/USA/IA/vivid.WFHIEP/2020	1H.17
PRRSV2/USA/IA/vivid.SCMCKN/2021	1H.17
PRRSV2/USA/IA/vivid.KNJBQK/2021	1H.17
PRRSV2/USA/IA/vivid.XZIKJT/2021	1H.17
PRRSV2/USA/IA/vivid.59970/2022	1H.17
PRRSV2/USA/vivid.80354/2025	1H.18
PRRSV2/USA/MN/vivid.WBSCUA/2018	1H.18
PRRSV2/USA/MN/vivid.URCBSC/2019	1H.18
PRRSV2/USA/MN/vivid.ZTBSKT/2020	1H.18
PRRSV2/USA/MN/vivid.JVGTOR/2020	1H.18
PRRSV2/USA/MN/vivid.GNMRBZ/2020	1H.18
PRRSV2/USA/IA/vivid.VQZRZW/2020	1H.18
PRRSV2/USA/MN/vivid.UZUPFP/2021	1H.18
PRRSV2/USA/MN/vivid.ASYHHZ/2021	1H.18
PRRSV2/USA/IA/vivid.53482/2022	1H.18
PRRSV2/USA/MN/vivid.80107/2025	1H.18
PRRSV2/USA/IA/vivid.TCUCLC/2018	1H.19
PRRSV2/USA/IA/vivid.BWDATT/2018	1H.19
PRRSV2/USA/MN/vivid.ASIBVP/2018	1H.19
PRRSV2/USA/IL/vivid.CDPIVV/2018	1H.20
PRRSV2/USA/IL/vivid.VFHSYZ/2018	1H.20
PRRSV2/USA/OK/vivid.QEHIDW/2018	1H.20
PRRSV2/USA/MO/vivid.WJEMIF/2018	1H.20
PRRSV2/USA/IA/vivid.SWTVPZ/2018	1H.20
PRRSV2/USA/IL/USSPD/PRRSV/swine/Illinois/73622/2021/2021	1H.21
PRRSV2/USA/IA/vivid.ZXBLNH/2018	1H.21
PRRSV2/USA/IL/vivid.KOVJMZ/2019	1H.21
PRRSV2/USA/IA/vivid.EHABUA/2019	1H.21
PRRSV2/USA/IL/vivid.EVNVSV/2020	1H.21
PRRSV2/USA/IL/vivid.MONFIV/2020	1H.21
PRRSV2/USA/IL/vivid.FIVIJS/2021	1H.21
PRRSV2/USA/IA/vivid.61707/2023	1H.21
PRRSV2/USA/IL/vivid.61770/2023	1H.21
PRRSV2/USA/IL/vivid.62165/2023	1H.21
PRRSV2/USA/IA/vivid.62170/2023	1H.21
PRRSV2/USA/IL/vivid.62176/2023	1H.21
PRRSV2/USA/IL/vivid.62177/2023	1H.21
PRRSV2/USA/IA/vivid.79414/2025	1H.21
PRRSV2/USA/OK/vivid.PVMKCJ/2018	1H.22
PRRSV2/USA/OK/vivid.WRDFGM/2018	1H.22
PRRSV2/USA/OK/vivid.FNWNLW/2019	1H.22
PRRSV2/USA/OK/vivid.LVSWDP/2019	1H.22
PRRSV2/USA/OK/vivid.REVMZB/2019	1H.22
PRRSV2/USA/OK/vivid.FTHNCQ/2019	1H.22
PRRSV2/USA/OK/vivid.HZEQQH/2019	1H.22
PRRSV2/USA/OK/vivid.MVHNLU/2019	1H.22
PRRSV2/USA/OK/vivid.DRBHYH/2019	1H.22
PRRSV2/USA/IL/OR293721/2021	1H.23
PRRSV2/USA/IA/USSPD/PRRSV/swine/Iowa/95524/2021/2021	1H.23
PRRSV2/USA/IL/vivid.CZAWFM/2020	1H.23
PRRSV2/USA/IL/vivid.OORDKI/2020	1H.23
PRRSV2/USA/IL/vivid.USULVZ/2021	1H.23
PRRSV2/USA/IL/vivid.WPSFTO/2021	1H.23
PRRSV2/USA/IL/vivid.74188/2021	1H.23
PRRSV2/USA/IL/vivid.74256/2021	1H.23
PRRSV2/USA/IA/vivid.53549/2022	1H.23
PRRSV2/USA/IA/vivid.57536/2022	1H.23
PRRSV2/vivid.r199/2020	1H.24
PRRSV2/USA/IA/vivid.ASCQBE/2020	1H.25
PRRSV2/USA/IA/vivid.NJRHQJ/2020	1H.25
PRRSV2/USA/MN/vivid.XWJTYF/2021	1H.25
PRRSV2/USA/MN/vivid.ZBZBMO/2021	1H.25
PRRSV2/USA/IA/vivid.KRJJBQ/2021	1H.25
PRRSV2/USA/OK/vivid.KCZJUK/2019	1H.26
PRRSV2/USA/OK/vivid.XMLMPE/2019	1H.26
PRRSV2/USA/KS/vivid.NLBICQ/2019	1H.26
PRRSV2/USA/KS/vivid.QHYUUP/2019	1H.26
PRRSV2/USA/KS/vivid.RIYZGS/2019	1H.26
PRRSV2/USA/KS/vivid.QWFVQV/2020	1H.26
PRRSV2/USA/KS/vivid.EFVNRB/2020	1H.26
PRRSV2/USA/KS/vivid.RTGIIH/2021	1H.26
PRRSV2/USA/IA/USSPD/PRRSV/swine/Iowa/110702/2021/2021	1H.27
PRRSV2/vivid.r192/2020	1H.27
PRRSV2/vivid.r195/2020	1H.27
PRRSV2/vivid.r196/2020	1H.27
PRRSV2/vivid.r198/2020	1H.27
PRRSV2/vivid.r200/2020	1H.27
PRRSV2/vivid.r202/2020	1H.27
PRRSV2/vivid.r203/2020	1H.27
PRRSV2/vivid.r204/2020	1H.27
PRRSV2/vivid.r208/2021	1H.27
PRRSV2/vivid.r209/2021	1H.27
PRRSV2/vivid.r210/2021	1H.27
PRRSV2/vivid.r211/2022	1H.27
PRRSV2/vivid.r218/2022	1H.27
PRRSV2/USA/MN/vivid.HJBKTP/2020	1H.27
PRRSV2/USA/OK/vivid.OVKOPV/2019	1H.28
PRRSV2/USA/OK/vivid.RYHMQY/2019	1H.28
PRRSV2/USA/TX/vivid.KPCCGZ/2020	1H.28
PRRSV2/USA/OK/vivid.PUTIWN/2020	1H.28
PRRSV2/USA/OK/vivid.NMSATM/2021	1H.28
PRRSV2/USA/OK/vivid.61550/2023	1H.28
PRRSV2/USA/OK/vivid.61640/2023	1H.28
PRRSV2/USA/KS/vivid.63495/2023	1H.28
PRRSV2/USA/OK/vivid.65996/2023	1H.28
PRRSV2/USA/KS/vivid.66212/2023	1H.28
PRRSV2/USA/KS/vivid.76147/2024	1H.28
PRRSV2/USA/KS/vivid.77376/2024	1H.28
PRRSV2/USA/KS/vivid.77925/2024	1H.28
PRRSV2/USA/KS/vivid.80147/2025	1H.28
PRRSV2/USA/IL/USSPD/PRRSV/swine/Illinois/77508/2021/2021	1H.29
PRRSV2/USA/IL/vivid.QZRDYW/2021	1H.29
PRRSV2/USA/IL/vivid.57405/2022	1H.29
PRRSV2/USA/IL/vivid.62656/2023	1H.29
PRRSV2/USA/IL/vivid.62723/2023	1H.29
PRRSV2/USA/IL/vivid.62754/2023	1H.29
PRRSV2/USA/IL/vivid.62911/2023	1H.29
PRRSV2/USA/IL/vivid.65984/2023	1H.29
PRRSV2/USA/IL/vivid.68587/2024	1H.29
PRRSV2/USA/IL/vivid.75544/2024	1H.29
PRRSV2/USA/IL/vivid.68608/2024	1H.29
PRRSV2/USA/IL/vivid.75570/2024	1H.29
PRRSV2/USA/IL/vivid.77467/2024	1H.29
PRRSV2/USA/IL/vivid.79527/2025	1H.29
PRRSV2/USA/OK/vivid.UHAAHD/2018	1H.3
PRRSV2/USA/OK/vivid.SIEKGF/2018	1H.3
PRRSV2/USA/OK/vivid.XUOTWJ/2018	1H.3
PRRSV2/USA/OK/vivid.TGYGPU/2018	1H.3
PRRSV2/USA/OK/vivid.NWJLTQ/2018	1H.3
PRRSV2/USA/OK/vivid.IKGBDB/2019	1H.3
PRRSV2/USA/OK/vivid.RXTOVB/2019	1H.3
PRRSV2/USA/OK/vivid.CBCDOF/2019	1H.3
PRRSV2/USA/OK/vivid.AWXPRJ/2019	1H.3
PRRSV2/USA/OK/vivid.RHVTGD/2019	1H.3
PRRSV2/USA/OK/vivid.AZZKSL/2019	1H.3
PRRSV2/USA/OK/vivid.YOKQEF/2019	1H.3
PRRSV2/USA/OK/vivid.MQTXWJ/2019	1H.3
PRRSV2/USA/OK/vivid.UJAZKG/2020	1H.3
PRRSV2/USA/IA/USSPD/PRRSV/swine/Iowa/102517/2021/2021	1H.30
PRRSV2/USA/IA/USSPD/PRRSV/swine/Iowa/111968/2021/2021	1H.30
PRRSV2/USA/IA/vivid.VBNTFM/2020	1H.30
PRRSV2/USA/IA/vivid.LEZJOR/2020	1H.30
PRRSV2/USA/IA/vivid.PUDQRB/2021	1H.30
PRRSV2/USA/MN/vivid.AMHWZF/2021	1H.30
PRRSV2/USA/IA/vivid.66273/2023	1H.30
PRRSV2/USA/IA/vivid.66371/2023	1H.30
PRRSV2/USA/IA/USSPD/PRRSV/swine/Iowa/70949/2021/2021	1H.31
PRRSV2/USA/IA/USSPD/PRRSV/swine/Iowa/93594/2021/2021	1H.31
PRRSV2/USA/IA/USSPD/PRRSV/swine/Iowa/95784/2021/2021	1H.31
PRRSV2/USA/IA/vivid.CDBUPN/2021	1H.31
PRRSV2/USA/IA/vivid.52134/2021	1H.31
PRRSV2/USA/IA/vivid.53043/2021	1H.31
PRRSV2/USA/MO/vivid.56527/2022	1H.31
PRRSV2/USA/IA/vivid.62265/2023	1H.31
PRRSV2/CAN/vivid.3768/2018	1H.36
PRRSV2/CAN/vivid.3929/2019	1H.36
PRRSV2/CAN/vivid.4125/2019	1H.36
PRRSV2/CAN/vivid.4415/2020	1H.36
PRRSV2/CAN/vivid.4487/2020	1H.36
PRRSV2/CAN/vivid.5141/2022	1H.36
PRRSV2/CAN/vivid.5268/2022	1H.36
PRRSV2/CAN/vivid.5555/2023	1H.36
PRRSV2/CAN/vivid.6045/2024	1H.36
PRRSV2/CAN/vivid.5288/2022	1H.36.52
PRRSV2/CAN/vivid.5537/2023	1H.36.52
PRRSV2/CAN/vivid.2555/2015	1H.37
PRRSV2/CAN/vivid.2580/2015	1H.37
PRRSV2/CAN/vivid.2591/2015	1H.37
PRRSV2/CAN/vivid.2671/2016	1H.37
PRRSV2/CAN/vivid.3021/2016	1H.37
PRRSV2/CAN/vivid.3133/2017	1H.37
PRRSV2/CAN/vivid.3303/2017	1H.37
PRRSV2/CAN/vivid.3313/2017	1H.37
PRRSV2/CAN/vivid.3425/2018	1H.37
PRRSV2/CAN/vivid.3671/2018	1H.37
PRRSV2/CAN/vivid.3737/2018	1H.37
PRRSV2/CAN/vivid.3964/2019	1H.37
PRRSV2/CAN/vivid.4083/2019	1H.37
PRRSV2/CAN/vivid.4159/2019	1H.37
PRRSV2/CAN/vivid.4720/2021	1H.37
PRRSV2/CAN/vivid.5226/2021	1H.37
PRRSV2/CAN/vivid.5236/2021	1H.37
PRRSV2/CAN/vivid.4640/2021	1H.38
PRRSV2/CAN/vivid.4973/2021	1H.38
PRRSV2/CAN/vivid.5121/2022	1H.38
PRRSV2/CAN/PV179387/2019	1H.39
PRRSV2/CAN/vivid.2288/2015	1H.39
PRRSV2/CAN/vivid.2275/2015	1H.39
PRRSV2/CAN/vivid.2334/2015	1H.39
PRRSV2/CAN/vivid.2811/2016	1H.39
PRRSV2/CAN/vivid.2838/2016	1H.39
PRRSV2/CAN/vivid.2849/2016	1H.39
PRRSV2/CAN/vivid.3052/2017	1H.39
PRRSV2/CAN/vivid.3100/2017	1H.39
PRRSV2/CAN/vivid.3311/2017	1H.39
PRRSV2/CAN/vivid.3430/2018	1H.39
PRRSV2/CAN/vivid.3504/2018	1H.39
PRRSV2/CAN/vivid.3541/2018	1H.39
PRRSV2/CAN/vivid.4023/2019	1H.39
PRRSV2/CAN/vivid.4254/2020	1H.39
PRRSV2/CAN/vivid.4387/2020	1H.39
PRRSV2/CAN/vivid.5559/2023	1H.39
PRRSV2/USA/OK/vivid.BIKCPJ/2018	1H.4
PRRSV2/USA/OK/vivid.RDAFOZ/2018	1H.4
PRRSV2/USA/OK/vivid.DCIJZH/2019	1H.4
PRRSV2/USA/OK/vivid.HUQDBQ/2019	1H.4
PRRSV2/USA/OK/vivid.VBKCCJ/2019	1H.4
PRRSV2/USA/OK/vivid.AAMGTX/2019	1H.4
PRRSV2/USA/OK/vivid.PXBXWC/2019	1H.4
PRRSV2/USA/OK/vivid.GIPIWS/2019	1H.4
PRRSV2/USA/OK/vivid.QLJJWY/2019	1H.4
PRRSV2/USA/OK/vivid.FLWSVA/2020	1H.4
PRRSV2/USA/IA/vivid.JUCCVV/2021	1H.4
PRRSV2/CAN/PV179377/2017	1H.40
PRRSV2/CAN/vivid.2592/2015	1H.40
PRRSV2/CAN/vivid.2594/2015	1H.40
PRRSV2/CAN/vivid.2948/2016	1H.40
PRRSV2/CAN/vivid.4205/2020	1H.40
PRRSV2/CAN/vivid.4375/2020	1H.40
PRRSV2/CAN/vivid.4395/2020	1H.40
PRRSV2/CAN/vivid.4398/2020	1H.40
PRRSV2/CAN/PV179385/2018	1H.41
PRRSV2/CAN/vivid.3019/2016	1H.41
PRRSV2/CAN/vivid.3060/2017	1H.41
PRRSV2/CAN/vivid.3098/2017	1H.41
PRRSV2/CAN/vivid.3126/2017	1H.41
PRRSV2/CAN/vivid.3477/2018	1H.41
PRRSV2/CAN/vivid.3859/2019	1H.41
PRRSV2/CAN/vivid.3958/2019	1H.41
PRRSV2/CAN/PV179375/2017	1H.42
PRRSV2/CAN/vivid.2392/2015	1H.42
PRRSV2/CAN/vivid.2614/2015	1H.42
PRRSV2/CAN/vivid.2882/2016	1H.42
PRRSV2/CAN/vivid.2960/2016	1H.42
PRRSV2/CAN/vivid.3232/2017	1H.42
PRRSV2/CAN/vivid.3835/2018	1H.42
PRRSV2/CAN/vivid.3827/2018	1H.42
PRRSV2/CAN/vivid.4123/2019	1H.42
PRRSV2/CAN/vivid.4553/2019	1H.42
PRRSV2/CAN/vivid.4591/2020	1H.42
PRRSV2/CAN/vivid.4635/2021	1H.42
PRRSV2/CAN/vivid.5069/2021	1H.42
PRRSV2/CAN/vivid.5422/2022	1H.42
PRRSV2/CAN/vivid.5425/2022	1H.42
PRRSV2/CAN/vivid.6174/2024	1H.42
PRRSV2/CAN/PV179383/2018	1H.43
PRRSV2/CAN/PV179391/2019	1H.43
PRRSV2/CAN/vivid.2465/2015	1H.43
PRRSV2/CAN/vivid.2576/2015	1H.43
PRRSV2/CAN/vivid.2831/2016	1H.43
PRRSV2/CAN/vivid.2949/2016	1H.43
PRRSV2/CAN/vivid.3750/2018	1H.43
PRRSV2/CAN/vivid.3842/2019	1H.43
PRRSV2/CAN/vivid.4271/2020	1H.43
PRRSV2/CAN/vivid.4498/2020	1H.43
PRRSV2/CAN/vivid.4682/2021	1H.43
PRRSV2/CAN/vivid.4863/2021	1H.43
PRRSV2/CAN/vivid.5193/2022	1H.43
PRRSV2/CAN/vivid.5223/2022	1H.43
PRRSV2/CAN/vivid.5910/2023	1H.43
PRRSV2/CAN/PV179413/2021	1H.44
PRRSV2/CAN/vivid.5354/2020	1H.44
PRRSV2/CAN/vivid.6295/2021	1H.44
PRRSV2/CAN/vivid.5372/2022	1H.44
PRRSV2/CAN/vivid.5412/2022	1H.44
PRRSV2/CAN/vivid.5525/2022	1H.44
PRRSV2/CAN/vivid.5542/2023	1H.44
PRRSV2/CAN/vivid.5812/2023	1H.44
PRRSV2/CAN/vivid.5952/2023	1H.44
PRRSV2/CAN/vivid.6050/2024	1H.44
PRRSV2/CAN/vivid.6080/2024	1H.44
PRRSV2/CAN/vivid.6255/2024	1H.44
PRRSV2/CAN/PV179382/2018	1H.45
PRRSV2/CAN/PV179406/2023	1H.45
PRRSV2/CAN/vivid.2270/2015	1H.45
PRRSV2/CAN/vivid.2303/2015	1H.45
PRRSV2/CAN/vivid.3354/2017	1H.45
PRRSV2/CAN/vivid.3374/2017	1H.45
PRRSV2/CAN/vivid.3694/2018	1H.45
PRRSV2/CAN/vivid.4012/2019	1H.45
PRRSV2/CAN/vivid.4146/2019	1H.45
PRRSV2/CAN/vivid.4304/2020	1H.45
PRRSV2/CAN/vivid.4577/2020	1H.45
PRRSV2/CAN/vivid.4705/2021	1H.45
PRRSV2/CAN/vivid.4820/2021	1H.45
PRRSV2/CAN/vivid.5253/2022	1H.45
PRRSV2/CAN/vivid.5395/2022	1H.45
PRRSV2/CAN/vivid.5616/2023	1H.45
PRRSV2/CAN/vivid.6147/2024	1H.45
PRRSV2/CAN/vivid.6166/2024	1H.45
PRRSV2/CAN/PV179386/2019	1H.46
PRRSV2/CAN/vivid.3353/2017	1H.46
PRRSV2/CAN/vivid.3558/2018	1H.46
PRRSV2/CAN/vivid.3651/2018	1H.46
PRRSV2/CAN/vivid.4165/2019	1H.46
PRRSV2/CAN/vivid.4393/2020	1H.46
PRRSV2/CAN/vivid.4414/2020	1H.46
PRRSV2/CAN/vivid.4598/2021	1H.46
PRRSV2/CAN/vivid.4698/2021	1H.46
PRRSV2/CAN/vivid.5089/2022	1H.46
PRRSV2/CAN/vivid.5200/2022	1H.46
PRRSV2/CAN/vivid.5552/2023	1H.46
PRRSV2/CAN/vivid.5566/2023	1H.46
PRRSV2/CAN/vivid.6064/2024	1H.46
PRRSV2/CAN/vivid.6156/2024	1H.46
PRRSV2/CAN/vivid.2946/2016	1H.47
PRRSV2/CAN/vivid.3593/2018	1H.47
PRRSV2/CAN/vivid.3906/2019	1H.47
PRRSV2/CAN/vivid.4038/2019	1H.47
PRRSV2/CAN/vivid.4257/2020	1H.47
PRRSV2/CAN/vivid.4540/2020	1H.47
PRRSV2/CAN/vivid.4783/2021	1H.47
PRRSV2/CAN/vivid.4800/2021	1H.47
PRRSV2/CAN/vivid.5065/2022	1H.47
PRRSV2/CAN/vivid.5229/2022	1H.47
PRRSV2/CAN/vivid.5898/2023	1H.47
PRRSV2/CAN/vivid.5907/2023	1H.47
PRRSV2/CAN/PV179389/2019	1H.48
PRRSV2/CAN/PV179392/2019	1H.48
PRRSV2/CAN/vivid.2245/2015	1H.48
PRRSV2/CAN/vivid.2588/2015	1H.48
PRRSV2/CAN/vivid.2712/2016	1H.48
PRRSV2/CAN/vivid.2964/2016	1H.48
PRRSV2/CAN/vivid.3058/2017	1H.48
PRRSV2/CAN/vivid.3392/2017	1H.48
PRRSV2/CAN/vivid.3825/2018	1H.48
PRRSV2/CAN/vivid.4441/2020	1H.48
PRRSV2/CAN/vivid.4620/2020	1H.48
PRRSV2/CAN/vivid.4786/2021	1H.48
PRRSV2/CAN/vivid.4890/2021	1H.48
PRRSV2/CAN/vivid.5433/2022	1H.48
PRRSV2/CAN/vivid.5527/2022	1H.48
PRRSV2/CAN/PV179397/2020	1H.49
PRRSV2/CAN/vivid.3616/2018	1H.49
PRRSV2/CAN/vivid.3666/2018	1H.49
PRRSV2/CAN/vivid.3736/2018	1H.49
PRRSV2/CAN/vivid.4036/2019	1H.49
PRRSV2/CAN/vivid.4046/2019	1H.49
PRRSV2/CAN/vivid.4166/2019	1H.49
PRRSV2/CAN/vivid.4479/2020	1H.49
PRRSV2/CAN/vivid.4493/2020	1H.49
PRRSV2/CAN/vivid.4902/2021	1H.49
PRRSV2/CAN/vivid.4987/2021	1H.49
PRRSV2/CAN/vivid.5051/2021	1H.49
PRRSV2/CAN/vivid.5102/2022	1H.49
PRRSV2/CAN/vivid.5150/2022	1H.49
PRRSV2/CAN/vivid.5313/2022	1H.49
PRRSV2/CAN/vivid.5557/2023	1H.49
PRRSV2/CAN/vivid.5908/2023	1H.49
PRRSV2/CAN/vivid.5939/2023	1H.49
PRRSV2/USA/KS/vivid.JTPZIQ/2018	1H.5
PRRSV2/USA/KS/vivid.PTCUJI/2018	1H.5
PRRSV2/USA/KS/vivid.QSGNEP/2019	1H.5
PRRSV2/USA/IA/vivid.UFLKDP/2019	1H.5
PRRSV2/USA/KS/vivid.FJDJHX/2020	1H.5
PRRSV2/USA/IA/vivid.AWGONQ/2021	1H.5
PRRSV2/USA/IA/vivid.TMHYEP/2021	1H.5
PRRSV2/USA/OK/vivid.HALMDQ/2021	1H.5
PRRSV2/USA/OK/vivid.57629/2022	1H.5
PRRSV2/USA/OK/vivid.59391/2022	1H.5
PRRSV2/USA/IA/vivid.PKWFRZ/2017	1H.6
PRRSV2/USA/IA/vivid.ZIIZVZ/2017	1H.6
PRRSV2/USA/IA/vivid.KTGFMD/2018	1H.6
PRRSV2/USA/IA/vivid.YGDICU/2019	1H.6
PRRSV2/USA/IL/vivid.ZOLHMG/2018	1H.7
PRRSV2/USA/IL/vivid.ZMMZBQ/2019	1H.7
PRRSV2/USA/IL/vivid.PNPTRI/2019	1H.7
PRRSV2/USA/IL/vivid.BDMIJH/2019	1H.7
PRRSV2/USA/IL/vivid.CNXOZE/2019	1H.7
PRRSV2/USA/IL/vivid.VSRSFJ/2020	1H.7
PRRSV2/USA/IL/vivid.ZUJNZX/2020	1H.7
PRRSV2/USA/IL/vivid.CFUEJL/2021	1H.7
PRRSV2/USA/IL/vivid.52296/2021	1H.7
PRRSV2/USA/IL/vivid.52496/2021	1H.7
PRRSV2/USA/OK/vivid.KTNERY/2016	1H.8
PRRSV2/USA/OK/vivid.AJWJRQ/2016	1H.8
PRRSV2/USA/OK/vivid.RLRVGB/2016	1H.8
PRRSV2/USA/OK/vivid.EMAKDK/2017	1H.8
PRRSV2/USA/OK/vivid.JHJYKL/2017	1H.8
PRRSV2/USA/KS/vivid.YQODRD/2017	1H.8
PRRSV2/USA/OK/vivid.AOCZHX/2017	1H.8
PRRSV2/USA/OK/vivid.FEWXLN/2018	1H.8
PRRSV2/USA/OK/vivid.GIWMIY/2018	1H.8
PRRSV2/USA/KS/vivid.LQDRFK/2018	1H.8
PRRSV2/USA/OK/vivid.BGQMOU/2018	1H.8
PRRSV2/USA/OK/vivid.NBTMID/2019	1H.8
PRRSV2/USA/KS/vivid.DMOPGC/2019	1H.8
PRRSV2/USA/OK/vivid.QBVDHK/2021	1H.8
PRRSV2/USA/IA/USSPD/PRRSV/swine/Iowa/61315/2021/2021	1H.9
PRRSV2/USA/IA/USSPD/PRRSV/swine/Iowa/63900/2021/2021	1H.9
PRRSV2/USA/NE/USSPD/PRRSV/swine/Nebraska/78011/2021/2021	1H.9
PRRSV2/USA/IA/USSPD/PRRSV/swine/Iowa/82891/2021/2021	1H.9
PRRSV2/USA/CO/USSPD/PRRSV/swine/Colorado/91970/2021/2021	1H.9
PRRSV2/USA/KA/USSPD/PRRSV/swine/Kansas/93826/2021/2021	1H.9
PRRSV2/USA/NE/USSPD/PRRSV/swine/Nebraska/112596/2021/2021	1H.9
PRRSV2/USA/IA/vivid.QIVRVI/2019	1H.9
PRRSV2/USA/NE/vivid.BPQEKV/2020	1H.9
PRRSV2/vivid.r206/2021	1H.9.33
PRRSV2/vivid.r207/2021	1H.9.33
PRRSV2/vivid.r212/2022	1H.9.33
PRRSV2/vivid.r213/2022	1H.9.33
PRRSV2/vivid.r214/2022	1H.9.33
PRRSV2/vivid.r216/2022	1H.9.33
PRRSV2/vivid.r220/2022	1H.9.33
PRRSV2/vivid.r221/2022	1H.9.33
PRRSV2/vivid.r222/2023	1H.9.33
PRRSV2/vivid.r223/2023	1H.9.33
PRRSV2/vivid.r227/2023	1H.9.33
PRRSV2/USA/MN/vivid.59936/2022	1H.9.33
PRRSV2/USA/MN/vivid.60007/2022	1H.9.33
PRRSV2/USA/IA/USSPD/PRRSV/swine/Iowa/112691/2021/2021	1H.9.34
PRRSV2/USA/IA/vivid.56541/2022	1H.9.34
PRRSV2/USA/IL/vivid.62279/2023	1H.9.34
PRRSV2/USA/IL/vivid.62289/2023	1H.9.34
PRRSV2/USA/IL/vivid.62655/2023	1H.9.34
PRRSV2/USA/IL/vivid.66555/2024	1H.9.34
PRRSV2/USA/IL/vivid.68368/2024	1H.9.34
PRRSV2/USA/IL/vivid.75374/2024	1H.9.34
PRRSV2/USA/IL/vivid.68939/2024	1H.9.34
PRRSV2/USA/IL/vivid.79597/2025	1H.9.34
PRRSV2/USA/IL/vivid.80111/2025	1H.9.34
PRRSV2/USA/IL/vivid.80187/2025	1H.9.34
PRRSV2/USA/IL/vivid.79474/2025	1H.9.51
PRRSV2/USA/IL/vivid.79463/2025	1H.9.51
PRRSV2/USA/IL/vivid.79612/2025	1H.9.51
PRRSV2/USA/IA/OR293723/2003	1I.1
PRRSV2/USA/DQ474988/2004	1I.1
PRRSV2/USA/IA/OR293726/2004	1I.1
PRRSV2/USA/IA/OR293728/2004	1I.1
PRRSV2/USA/IA/OR293731/2006	1I.1
PRRSV2/USA/IA/OR293733/2006	1I.1
PRRSV2/USA/IA/OR293730/2006	1I.1
PRRSV2/USA/IA/OR293734/2009	1I.1
PRRSV2/USA/IA/OR293735/2009	1I.1
PRRSV2/USA/IA/OR293736/2009	1I.1
PRRSV2/USA/IA/OR293738/2010	1I.1
PRRSV2/USA/IA/OR293737/2010	1I.1
PRRSV2/CAN/vivid.2765/2016	1K.1
PRRSV2/CAN/vivid.3001/2016	1K.1
PRRSV2/CAN/vivid.3057/2017	1K.1
PRRSV2/CAN/vivid.4203/2020	1K.1
PRRSV2/CAN/vivid.4437/2020	1K.1
PRRSV2/CAN/vivid.4672/2021	1K.1
PRRSV2/CAN/vivid.5030/2021	1K.1
PRRSV2/CAN/vivid.5213/2022	1K.1
PRRSV2/CAN/vivid.5703/2023	1K.1
PRRSV2/CAN/PV179214/2015	1K.2
PRRSV2/CAN/PV179243/2016	1K.2
PRRSV2/CAN/PV179218/2017	1K.2
PRRSV2/CAN/PV179223/2020	1K.2
PRRSV2/CAN/PV179227/2021	1K.2
PRRSV2/CAN/vivid.2222/2015	1K.2
PRRSV2/CAN/vivid.2347/2015	1K.2
PRRSV2/CAN/vivid.2685/2016	1K.2
PRRSV2/CAN/vivid.2721/2016	1K.2
PRRSV2/CAN/vivid.3147/2017	1K.2
PRRSV2/CAN/vivid.3383/2017	1K.2
PRRSV2/CAN/vivid.3441/2018	1K.2
PRRSV2/CAN/vivid.3519/2018	1K.2
PRRSV2/CAN/vivid.3576/2018	1K.2
PRRSV2/CAN/vivid.4241/2020	1K.2
PRRSV2/CAN/vivid.4526/2020	1K.2
PRRSV2/CAN/vivid.4938/2021	1K.2
PRRSV2/CAN/vivid.5655/2023	1K.2
PRRSV2/USA/IL/vivid.52971/2021	1K.3
PRRSV2/USA/IL/vivid.53014/2021	1K.3
PRRSV2/USA/IL/vivid.53025/2021	1K.3
PRRSV2/USA/IL/vivid.53024/2021	1K.3
PRRSV2/USA/IL/vivid.53027/2021	1K.3
PRRSV2/CAN/PV179234/2024	1K.4
PRRSV2/CAN/vivid.6285/2024	1K.4
PRRSV2/CAN/PV179112/2015	1L.1
PRRSV2/CAN/PV179113/2017	1L.1
PRRSV2/CAN/PV179115/2018	1L.1
PRRSV2/CAN/PV179149/2019	1L.1
PRRSV2/CAN/PV179136/2023	1L.1
PRRSV2/CAN/vivid.2340/2015	1L.1
PRRSV2/CAN/vivid.2878/2016	1L.1
PRRSV2/CAN/vivid.3007/2016	1L.1
PRRSV2/CAN/vivid.3041/2017	1L.1
PRRSV2/CAN/vivid.3703/2018	1L.1
PRRSV2/CAN/vivid.3874/2019	1L.1
PRRSV2/CAN/vivid.4293/2020	1L.1
PRRSV2/CAN/vivid.4552/2020	1L.1
PRRSV2/CAN/vivid.4636/2021	1L.1
PRRSV2/CAN/vivid.5019/2021	1L.1
PRRSV2/CAN/vivid.5569/2022	1L.1
PRRSV2/CAN/vivid.5560/2023	1L.1
PRRSV2/CAN/PV179114/2018	1L.2
PRRSV2/CAN/PV179116/2018	1L.2
PRRSV2/CAN/PV179120/2020	1L.2
PRRSV2/CAN/PV179121/2020	1L.2
PRRSV2/CAN/vivid.3701/2018	1L.2
PRRSV2/CAN/vivid.4163/2019	1L.2
PRRSV2/CAN/vivid.4201/2019	1L.2
PRRSV2/CAN/vivid.4444/2020	1L.2
PRRSV2/CAN/vivid.4668/2021	1L.2
PRRSV2/CAN/vivid.5048/2021	1L.2
PRRSV2/CAN/vivid.5100/2022	1L.2
PRRSV2/CAN/vivid.5117/2022	1L.2
PRRSV2/CAN/vivid.5153/2022	1L.2
PRRSV2/CAN/PV179127/2022	1L.2.5
PRRSV2/CAN/PV179134/2023	1L.2.5
PRRSV2/CAN/PV179140/2024	1L.2.5
PRRSV2/CAN/PV179142/2024	1L.2.5
PRRSV2/CAN/vivid.5225/2022	1L.2.5
PRRSV2/CAN/vivid.5235/2022	1L.2.5
PRRSV2/CAN/vivid.5518/2022	1L.2.5
PRRSV2/CAN/vivid.5794/2023	1L.2.5
PRRSV2/CAN/vivid.5846/2023	1L.2.5
PRRSV2/CAN/vivid.5893/2023	1L.2.5
PRRSV2/CAN/vivid.5964/2023	1L.2.5
PRRSV2/CAN/vivid.6075/2024	1L.2.5
PRRSV2/CAN/vivid.6165/2024	1L.2.5
PRRSV2/CAN/vivid.6199/2024	1L.2.5
PRRSV2/CAN/PV179138/2023	1L.3
PRRSV2/CAN/PV179137/2023	1L.3
PRRSV2/CAN/vivid.6122/2024	1L.3
PRRSV2/CAN/vivid.6197/2024	1L.3
PRRSV2/CAN/vivid.6204/2024	1L.3
PRRSV2/CAN/vivid.6248/2024	1L.3
PRRSV2/CAN/vivid.6224/2024	1L.3
PRRSV2/CAN/vivid.6249/2024	1L.3
PRRSV2/CAN/vivid.6251/2024	1L.3
PRRSV2/CAN/PV179130/2023	1L.4
PRRSV2/CAN/vivid.5734/2023	1L.4
PRRSV2/CAN/vivid.5753/2023	1L.4
PRRSV2/CAN/vivid.5800/2023	1L.4
PRRSV2/CAN/vivid.6153/2024	1L.4
PRRSV2/USA/MN/vivid.UHNPJN/2015	5A.1
PRRSV2/USA/IA/vivid.HHRRVP/2018	5A.1
PRRSV2/USA/OK/vivid.PBAIBN/2018	5A.1
PRRSV2/USA/TX/vivid.EGZYGF/2019	5A.1
PRRSV2/USA/IL/vivid.EDRJGR/2019	5A.1
PRRSV2/USA/IL/vivid.OYXYPP/2019	5A.1
PRRSV2/USA/OK/vivid.TSBZRK/2020	5A.1
PRRSV2/USA/IL/vivid.GJZUZG/2020	5A.1
PRRSV2/USA/TX/vivid.SPLKLG/2021	5A.1
PRRSV2/USA/CO/vivid.52157/2021	5A.1
PRRSV2/CAN/vivid.2559/2015	8A.1
PRRSV2/CAN/vivid.3549/2018	8A.1
PRRSV2/CAN/vivid.4076/2019	8A.1
PRRSV2/USA/OK/vivid.EXPAYG/2020	8A.1
PRRSV2/USA/OK/vivid.HHCUIE/2020	8A.1
PRRSV2/USA/OK/vivid.HETSVI/2021	8A.1
PRRSV2/USA/CO/vivid.NTRFPM/2021	8A.1
PRRSV2/USA/IL/vivid.74625/2022	8A.1
PRRSV2/vivid.r056/2006	8B.1
PRRSV2/vivid.r057/2006	8B.1
PRRSV2/vivid.r058/2006	8B.1
PRRSV2/vivid.r060/2007	8B.1
PRRSV2/vivid.r061/2007	8B.1
PRRSV2/vivid.r062/2007	8B.1
PRRSV2/vivid.r068/2008	8B.1
PRRSV2/vivid.r075/2008	8B.1
PRRSV2/vivid.r083/2009	8B.1
PRRSV2/vivid.r091/2009	8B.1
PRRSV2/vivid.r092/2009	8B.1
PRRSV2/vivid.r026/2004	8B.2
PRRSV2/vivid.r030/2004	8B.2
PRRSV2/vivid.r037/2004	8B.2
PRRSV2/vivid.r038/2004	8B.2
PRRSV2/vivid.r041/2004	8B.2
PRRSV2/vivid.r043/2004	8B.2
PRRSV2/vivid.r015/2003	8B.3
PRRSV2/vivid.r049/2004	8B.3
PRRSV2/vivid.r005/2002	8B.3
PRRSV2/vivid.r002/2002	8B.3
PRRSV2/vivid.r003/2002	8B.3
PRRSV2/vivid.r064/2007	8B.4
PRRSV2/vivid.r069/2008	8B.4
PRRSV2/vivid.r070/2008	8B.4
PRRSV2/vivid.r072/2008	8B.4
PRRSV2/CAN/vivid.2399/2015	8C.1
PRRSV2/CAN/vivid.3543/2018	8C.1
PRRSV2/CAN/vivid.4290/2020	8C.1
PRRSV2/USA/IA/OR293870/2012	8C.1
PRRSV2/USA/IL/OR293888/2017	8C.1
PRRSV2/USA/IL/OR293906/2020	8C.1
PRRSV2/USA/NC/vivid.YLVTBI/2017	8C.1
PRRSV2/USA/NE/vivid.AXZQSB/2018	8C.1
PRRSV2/USA/NC/vivid.IVDPXP/2018	8C.1
PRRSV2/USA/IL/vivid.UKTIVC/2020	8C.1
PRRSV2/USA/UT/OR293986/2021	8C.1.2
PRRSV2/USA/UT/OR293988/2021	8C.1.2
PRRSV2/USA/UT/OR294008/2021	8C.1.2
PRRSV2/USA/UT/OR294003/2021	8C.1.2
PRRSV2/USA/IA/OR294007/2021	8C.1.2
PRRSV2/USA/UT/OR293907/2021	8C.1.2
PRRSV2/USA/UT/OR294002/2021	8C.1.2
PRRSV2/USA/UT/OR294004/2021	8C.1.2
PRRSV2/USA/UT/OR294009/2021	8C.1.2
PRRSV2/USA/UT/OR293990/2021	8C.1.2
PRRSV2/USA/UT/OR293994/2021	8C.1.2
PRRSV2/USA/UT/OR293996/2021	8C.1.2
PRRSV2/USA/UT/OR294002/2021	8C.1.2
PRRSV2/USA/UT/OR294005/2021	8C.1.2
PRRSV2/USA/UT/USSPD/PRRSV/swine/Utah/57835/2021/2021	8C.1.2
PRRSV2/vivid.r105/2011	9A.1
PRRSV2/vivid.r071/2008	9A.1
PRRSV2/vivid.r090/2009	9A.1
PRRSV2/vivid.r109/2012	9A.1
PRRSV2/vivid.r114/2013	9A.1
PRRSV2/USA/IA/OR293953/2008	9A.1
PRRSV2/vivid.r047/2004	9B.1
PRRSV2/vivid.r023/2004	9B.1
PRRSV2/vivid.r029/2004	9B.1
PRRSV2/vivid.r046/2004	9B.1
PRRSV2/vivid.r059/2007	9B.2
PRRSV2/vivid.r017/2003	9B.2
PRRSV2/vivid.r032/2004	9B.2
PRRSV2/vivid.r048/2004	9B.2
PRRSV2/vivid.r009/2002	9B.2
PRRSV2/vivid.r019/2003	9B.2
PRRSV2/vivid.r010/2002	9B.2
PRRSV2/vivid.r065/2007	9C.1
PRRSV2/vivid.r085/2009	9C.1
PRRSV2/vivid.r116/2013	9C.1
PRRSV2/vivid.r055/2006	9C.1
PRRSV2/vivid.r053/2005	9C.1
PRRSV2/vivid.r104/2010	9C.1
PRRSV2/vivid.r028/2004	9C.1
PRRSV2/vivid.r076/2008	9C.1
PRRSV2/vivid.r106/2011	9C.1
PRRSV2/USA/NC/vivid.DYIEGZ/2015	9C.1
PRRSV2/USA/NC/vivid.PMXOEN/2015	9C.1
PRRSV2/USA/NC/vivid.GQUEYM/2016	9C.1
PRRSV2/USA/NC/vivid.OESGWU/2017	9C.1
PRRSV2/vivid.r054/2005	9D.1
PRRSV2/vivid.r020/2003	9D.1
PRRSV2/vivid.r021/2003	9D.1
PRRSV2/vivid.r022/2003	9D.1
PRRSV2/vivid.r024/2004	9D.1
PRRSV2/vivid.r025/2004	9D.1
PRRSV2/vivid.r050/2005	9D.1
PRRSV2/vivid.r027/2004	9D.1
PRRSV2/vivid.r042/2004	9D.1
PRRSV2/vivid.r051/2005	9D.1
PRRSV2/vivid.r052/2005	9D.1
PRRSV2/vivid.r033/2004	9D.1
PRRSV2/USA/MN/EU755706/2003	9D.1
PRRSV2/USA/MN/EU755999/2005	9D.1
PRRSV2/vivid.r093/2009	9D.2
PRRSV2/vivid.r098/2010	9D.2
PRRSV2/vivid.r100/2010	9D.2
PRRSV2/vivid.r103/2010	9D.2
PRRSV2/vivid.r095/2010	9D.2
PRRSV2/vivid.r096/2010	9D.2
PRRSV2/vivid.r097/2010	9D.2
PRRSV2/vivid.r099/2010	9D.2
PRRSV2/vivid.r101/2010	9D.2
PRRSV2/vivid.r001/2001	9D.3
PRRSV2/vivid.r012/2003	9D.3
PRRSV2/vivid.r013/2003	9D.3
PRRSV2/vivid.r014/2003	9D.3
PRRSV2/vivid.r081/2009	9D.4
PRRSV2/vivid.r082/2009	9D.4
PRRSV2/vivid.r086/2009	9D.4
PRRSV2/vivid.r087/2009	9D.4
PRRSV2/vivid.r089/2009	9D.4
PRRSV2/USA/OK/EU755866/1998	9E.1
PRRSV2/vivid.r073/2008	9E.2
PRRSV2/vivid.r074/2008	9E.2
PRRSV2/vivid.r080/2009	9E.2
PRRSV2/vivid.r094/2010	9E.2
PRRSV2/vivid.r102/2010	9E.2
PRRSV2/vivid.r066/2008	9E.2
PRRSV2/vivid.r079/2009	9E.2
PRRSV2/vivid.r088/2009	9E.2
PRRSV2/vivid.r115/2013	9E.2
PRRSV2/vivid.r078/2009	9E.3
PRRSV2/vivid.r063/2007	9E.3
PRRSV2/vivid.r077/2009	9E.3
PRRSV2/USA/IA/OR293982/2013	9E.3
PRRSV2/USA/OH/vivid.81336/2024	1A.10.63
PRRSV2/USA/OH/vivid.82820/2025	1A.10.63
PRRSV2/USA/IN/vivid.82209/2025	1A.10.63
PRRSV2/USA/IN/vivid.82085/2025	1A.10.63
PRRSV2/USA/IN/vivid.80945/2024	1A.10.63
PRRSV2/USA/IA/vivid.79311/2024	1K.1.6
PRRSV2/CAN/CAN/vivid.6192/2024	1K.1.6
PRRSV2/USA/IA/vivid.84688/2025	1K.1.6
PRRSV2/USA/IA/vivid.82357/2025	1A.2.62
PRRSV2/USA/IA/vivid.82306/2025	1A.2.62
PRRSV2/USA/IA/vivid.83927/2025	1A.2.62
PRRSV2/USA/IL/vivid.84610/2025	1A.61
PRRSV2/USA/IL/vivid.84033/2025	1A.61
PRRSV2/USA/IL/vivid.84661/2025	1A.61
PRRSV2/CAN/ON/vivid.d6441/2025	1H.46.54
PRRSV2/CAN/CAN/vivid.5510/2022	1H.46.54
PRRSV2/CAN/CAN/vivid.5424/2022	1H.46.54
PRRSV2/CAN/CAN/vivid.5957/2023	1H.46.54
PRRSV2/CAN/CAN/vivid.6211/2024	1H.46.54
PRRSV2/USA/IA/vivid.60928/2023	1K.1.5
PRRSV2/USA/IA/vivid.60917/2023	1K.1.5
PRRSV2/USA/IA/vivid.60926/2023	1K.1.5
PRRSV2/USA/IA/vivid.60914/2023	1K.1.5
PRRSV2/CAN/ON/vivid.d6469/2025	1K.1.5
PRRSV2/CAN/ON/vivid.d6576/2025	1K.1.5
PRRSV2/CAN/CAN/vivid.5540/2023	1K.1.5
PRRSV2/CAN/ON/vivid.d6345/2024	1E.12.13
PRRSV2/CAN/ON/vivid.d6609/2025	1E.12.13
PRRSV2/CAN/ON/vivid.d6691/2025	1E.12.13
PRRSV2/CAN/ON/vivid.d6617/2025	1E.12.13
PRRSV2/CAN/ON/vivid.d6610/2025	1E.12.13
PRRSV2/CAN/ON/vivid.d6611/2025	1E.12.13
PRRSV2/CAN/ON/vivid.d6634/2025	1E.12.13
PRRSV2/CAN/ON/vivid.d6579/2025	1E.12.13
PRRSV2/USA/NC/vivid.79507/2025	1A.55
PRRSV2/USA/NC/vivid.82077/2025	1A.55
PRRSV2/USA/NC/vivid.82328/2025	1A.55
PRRSV2/USA/NC/vivid.80070/2025	1A.55
PRRSV2/USA/NC/vivid.82165/2025	1A.55
PRRSV2/USA/IA/vivid.82410/2025	1A.55
PRRSV2/USA/IA/vivid.79446/2025	1A.55
PRRSV2/CAN/CAN/vivid.5652/2023	1H.53
PRRSV2/CAN/CAN/vivid.5670/2023	1H.53
PRRSV2/CAN/CAN/vivid.5660/2023	1H.53
PRRSV2/CAN/CAN/vivid.5562/2023	1H.53
PRRSV2/CAN/CAN/vivid.5697/2023	1H.53
PRRSV2/CAN/ON/vivid.d6492/2025	1H.53
PRRSV2/CAN/CAN/vivid.5139/2022	1H.36.52
PRRSV2/USA/IL/vivid.84602/2025	1H.9.51
PRRSV2/USA/IL/vivid.80784/2024	1H.9.51
PRRSV2/USA/IL/vivid.81250/2024	1H.9.51
PRRSV2/USA/IL/vivid.84489/2025	1H.9.51
PRRSV2/USA/MO/vivid.80964/2024	1H.9.51
PRRSV2/USA/IN/vivid.80911/2024	1A.54
PRRSV2/USA/IN/vivid.84305/2025	1A.54
PRRSV2/USA/IA/vivid.83723/2025	1A.54
PRRSV2/USA/IN/vivid.84707/2025	1A.54
PRRSV2/CAN/AB/vivid.d6378/2024	1A.53
PRRSV2/CAN/CAN/vivid.2651/2015	1C.42
PRRSV2/CAN/CAN/vivid.6021/2024	1K.4
PRRSV2/CAN/CAN/vivid.5657/2023	1K.4
PRRSV2/CAN/CAN/vivid.6024/2024	1K.4
PRRSV2/CAN/CAN/vivid.6071/2024	1K.4
PRRSV2/CAN/ON/vivid.d6577/2025	1K.4
PRRSV2/CAN/CAN/vivid.5050/2021	1K.4
PRRSV2/USA/MN/vivid.82997/2025	1F.1.2
PRRSV2/USA/IA/vivid.81335/2024	1F.1.2
PRRSV2/CAN/CAN/vivid.5316/2022	1H.41
PRRSV2/CAN/CAN/vivid.6167/2024	1H.40
PRRSV2/CAN/ON/vivid.d6408/2025	1E.10
PRRSV2/CAN/CAN/vivid.5201/2022	1H.38
PRRSV2/CAN/ON/vivid.d6327/2024	1H.38
PRRSV2/CAN/CAN/vivid.2310/2015	1E.9
PRRSV2/USA/CO/vivid.83533/2025	1C.2.39
PRRSV2/USA/CO/vivid.84629/2025	1C.2.39
PRRSV2/USA/CO/vivid.83762/2025	1C.2.39
PRRSV2/USA/CO/vivid.83966/2025	1C.2.39
PRRSV2/USA/CO/vivid.83400/2025	1C.2.39
PRRSV2/USA/CO/vivid.84109/2025	1C.2.39
PRRSV2/USA/CO/vivid.80730/2024	1C.2.39
PRRSV2/USA/MO/vivid.83652/2025	1C.5.38
PRRSV2/USA/IA/vivid.81114/2024	1C.5.38
PRRSV2/USA/MN/vivid.80063/2025	1C.5.37
PRRSV2/USA/WI/vivid.84907/2025	1C.5.37
PRRSV2/USA/IA/vivid.83124/2025	1C.5.37
PRRSV2/USA/MN/vivid.83636/2025	1C.5.37
PRRSV2/USA/IA/vivid.82312/2025	1C.5.37
PRRSV2/USA/IA/vivid.82292/2025	1C.5.37
PRRSV2/USA/IA/vivid.80848/2024	1C.5.36
PRRSV2/USA/IA/vivid.82303/2025	1C.5.36
PRRSV2/USA/IA/vivid.82265/2025	1C.5.36
PRRSV2/USA/SD/vivid.82383/2025	1C.5.36
PRRSV2/USA/IN/vivid.82109/2025	1A.50
PRRSV2/USA/IN/vivid.83759/2025	1A.50
PRRSV2/USA/IN/vivid.80260/2025	1A.50
PRRSV2/USA/OH/vivid.83688/2025	1A.50
PRRSV2/USA/vivid.84229/2025	1B.18
PRRSV2/USA/IA/vivid.83146/2025	1A.13.49
PRRSV2/USA/vivid.66195/2023	1C.3.27
PRRSV2/USA/IA/vivid.59743/2022	1C.3.27
PRRSV2/USA/IA/vivid.80471/2024	1C.3.25
PRRSV2/USA/IA/vivid.80467/2024	1C.3.25
PRRSV2/USA/IA/vivid.80466/2024	1C.3.25
PRRSV2/USA/IA/vivid.81384/2024	1C.3.25
PRRSV2/USA/IA/vivid.80797/2024	1H.30
PRRSV2/USA/OK/vivid.ZUYQRV/2020	1H.30
PRRSV2/USA/vivid.MWRKZW/2021	1A.42
PRRSV2/USA/OK/vivid.IIJASG/2020	1H.26
PRRSV2/USA/IA/vivid.NSCFBN/2021	1H.26
PRRSV2/USA/SD/vivid.HXJNZX/2020	1A.21
PRRSV2/USA/NC/vivid.NJMJOF/2018	1A.17
PRRSV2/USA/NC/vivid.52125/2021	1A.17
PRRSV2/USA/NE/vivid.56445/2022	1A.13
PRRSV2/USA/NC/vivid.KREJPJ/2018	1A.4
PRRSV2/USA/NC/vivid.MRVKDZ/2018	1A.4
PRRSV2/USA/IL/vivid.CNMDWJ/2019	1A.4
PRRSV2/USA/KS/vivid.VZIOVH/2018	1H.15
PRRSV2/USA/IA/vivid.MHNZXH/2016	1C.17
PRRSV2/USA/IA/vivid.MUCZDQ/2016	1C.17
PRRSV2/USA/vivid.MWXUHU/2020	1C.15
PRRSV2/CAN/CAN/vivid.2983/2016	8A.1
PRRSV2/USA/IL/vivid.74646/2022	8A.1
PRRSV2/USA/OK/vivid.52822/2021	8A.1
PRRSV2/USA/NC/vivid.OCYTKY/2016	1C.1
PRRSV2/USA/IA/vivid.KXUXHK/2020	1B.5
PRRSV2/USA/IA/vivid.TZNNNZ/2015	1B.5
PRRSV2/USA/vivid.r233/2017	1A.60
PRRSV2/USA/vivid.r234/2022	1A.60
PRRSV2/USA/vivid.r235/2022	1A.60
PRRSV2/USA/vivid.r237/2022	1A.60
PRRSV2/USA/vivid.r238/2022	1H.11.50
PRRSV2/USA/vivid.r239/2023	1C.5.38
PRRSV2/USA/vivid.r240/2023	1C.5.38
PRRSV2/USA/vivid.r241/2023	1C.5.36
PRRSV2/USA/vivid.r242/2022	1C.5.33
PRRSV2/USA/vivid.r243/2022	1C.5.33
PRRSV2/USA/vivid.r244/2023	1C.5.33
PRRSV2/USA/vivid.r245/2023	1C.5.33
PRRSV2/USA/vivid.r246/2022	1C.5.33
PRRSV2/USA/vivid.r248/2023	1A.2.52
PRRSV2/USA/vivid.r249/2023	1A.2.52
PRRSV2/USA/vivid.r250/2023	1A.2.52
PRRSV2/USA/vivid.r251/2022	1E.1.7
PRRSV2/USA/vivid.r252/2022	1E.1.7
PRRSV2/USA/vivid.r254/2021	1E.1.7
PRRSV2/USA/vivid.r255/2021	1E.1.7
PRRSV2/USA/vivid.r256/2021	1E.1.7
PRRSV2/USA/vivid.r257/2023	1E.1.7
PRRSV2/USA/vivid.r258/2023	1E.1.7
PRRSV2/USA/vivid.r259/2022	1E.1.7
PRRSV2/USA/vivid.r260/2009	9D.4
PRRSV2/USA/vivid.r261/2009	9D.4
PRRSV2/USA/vivid.r262/2009	9D.4
PRRSV2/USA/vivid.r263/2009	9D.4
PRRSV2/USA/vivid.r264/2009	9D.4
PRRSV2/USA/vivid.r265/2009	9E.3
PRRSV2/USA/vivid.r278/2006	9B.2
PRRSV2/USA/vivid.r279/2007	9B.2
PRRSV2/USA/vivid.r281/2013	9A.1
PRRSV2/USA/vivid.r282/2009	9A.1
PRRSV2/USA/vivid.r283/2008	9A.1
PRRSV2/USA/vivid.r284/2009	9A.1
PRRSV2/USA/vivid.r285/2009	8B.3
PRRSV2/USA/vivid.r290/2006	2.4
PRRSV2/USA/vivid.r291/2009	9E.2
PRRSV2/USA/vivid.r292/2010	9D.2
PRRSV2/USA/vivid.r293/2007	9B.1
PRRSV2/USA/vivid.r294/2021	1C.3.27
PRRSV2/USA/vivid.r295/2021	1C.3.27
PRRSV2/USA/vivid.r296/2021	1C.3.27
PRRSV2/USA/vivid.r297/2021	1C.3.27
PRRSV2/USA/vivid.r298/2022	1C.3.27
PRRSV2/USA/vivid.r300/2023	1C.3.25
PRRSV2/USA/vivid.r301/2022	1C.2.24
PRRSV2/USA/vivid.r302/2022	1C.2.24
PRRSV2/USA/vivid.r303/2023	1C.2.24
PRRSV2/USA/vivid.r304/2023	1C.2.24
PRRSV2/USA/vivid.r305/2023	1H.31
PRRSV2/USA/vivid.r306/2022	1A.43
PRRSV2/USA/vivid.r307/2022	1A.41
PRRSV2/USA/vivid.r308/2019	1A.39
PRRSV2/USA/vivid.r309/2020	1A.39
PRRSV2/USA/vivid.r310/2019	1A.38
PRRSV2/USA/vivid.r311/2020	1A.38
PRRSV2/USA/vivid.r312/2019	1A.38
PRRSV2/USA/vivid.r313/2019	1A.38
PRRSV2/USA/vivid.r314/2020	1A.38
PRRSV2/USA/vivid.r316/2020	1H.25
PRRSV2/USA/vivid.r317/2020	1H.25
PRRSV2/USA/vivid.r318/2021	1H.25
PRRSV2/USA/vivid.r319/2021	1H.25
PRRSV2/USA/vivid.r320/2021	1B.17
PRRSV2/USA/vivid.r321/2021	1B.17
PRRSV2/USA/vivid.r322/2021	1B.17
PRRSV2/USA/vivid.r324/2022	1C.21
PRRSV2/USA/vivid.r325/2020	1C.21
PRRSV2/USA/vivid.r326/2020	1C.21
PRRSV2/USA/vivid.r327/2020	1C.21
PRRSV2/USA/vivid.r328/2021	1C.21
PRRSV2/USA/vivid.r329/2021	1A.29
PRRSV2/USA/vivid.r330/2020	1H.24
PRRSV2/USA/vivid.r331/2017	1A.26
PRRSV2/USA/vivid.r332/2020	1A.26
PRRSV2/USA/vivid.r333/2018	1A.26
PRRSV2/USA/vivid.r334/2020	1A.26
PRRSV2/USA/vivid.r335/2016	1A.26
PRRSV2/USA/vivid.r336/2020	1A.26
PRRSV2/USA/vivid.r337/2017	1A.26
PRRSV2/USA/vivid.r338/2017	1A.26
PRRSV2/USA/vivid.r339/2018	1H.19
PRRSV2/USA/vivid.r343/2018	1H.19
PRRSV2/USA/vivid.r344/2018	1H.19
PRRSV2/USA/vivid.r345/2019	1C.18
PRRSV2/USA/vivid.r346/2018	1C.18
PRRSV2/USA/vivid.r347/2019	1C.18
PRRSV2/USA/vivid.r348/2020	1C.18
PRRSV2/USA/vivid.r349/2019	1C.18
PRRSV2/USA/vivid.r350/2019	1C.18
PRRSV2/USA/vivid.r351/2018	1A.6
PRRSV2/USA/vivid.r352/2018	1A.6
PRRSV2/USA/vivid.r353/2019	1H.16
PRRSV2/USA/vivid.r354/2019	1H.16
PRRSV2/USA/vivid.r355/2019	1H.16
PRRSV2/USA/vivid.r356/2019	1H.16
PRRSV2/USA/vivid.r357/2019	1H.16
PRRSV2/USA/vivid.r358/2019	1H.16
PRRSV2/USA/vivid.r359/2018	1H.15
PRRSV2/USA/vivid.r360/2021	1B.16
PRRSV2/USA/vivid.r361/2018	1H.14
PRRSV2/USA/vivid.r362/2016	1H.14
PRRSV2/USA/vivid.r363/2017	1H.14
PRRSV2/USA/vivid.r364/2013	1H.14
PRRSV2/USA/vivid.r365/2015	1H.14
PRRSV2/USA/vivid.r366/2014	1H.14
PRRSV2/USA/vivid.r367/2016	1H.14
PRRSV2/USA/vivid.r368/2015	1C.17
PRRSV2/USA/vivid.r369/2017	1A.3
PRRSV2/USA/vivid.r374/2019	1A.2
PRRSV2/USA/vivid.r375/2021	1A.2
PRRSV2/USA/vivid.r376/2019	1A.2
PRRSV2/USA/vivid.r377/2018	1C.15
PRRSV2/USA/vivid.r383/2017	1H.6
PRRSV2/USA/vivid.r384/2017	1H.6
PRRSV2/USA/vivid.r385/2017	1H.6
PRRSV2/USA/vivid.r386/2019	1H.6
PRRSV2/USA/vivid.r387/2018	1H.6
PRRSV2/USA/vivid.r388/2020	1B.13
PRRSV2/USA/vivid.r389/2018	1B.13
PRRSV2/USA/vivid.r390/2020	1B.13
PRRSV2/USA/vivid.r391/2019	1B.12
PRRSV2/USA/vivid.r392/2019	1H.1
PRRSV2/USA/vivid.r393/2017	1H.1
PRRSV2/CAN/vivid.6261/2024	1H.36.58
PRRSV2/CAN/QC/vivid.d6551/2025	1H.36.58
PRRSV2/CAN/vivid.6098/2024	1H.48.57
PRRSV2/CAN/ON/vivid.d6719/2025	1H.48.57
PRRSV2/CAN/ON/vivid.d6558/2025	1H.48.57
PRRSV2/CAN/ON/vivid.d6714/2025	1H.48.57
PRRSV2/CAN/ON_vivid.d6722_2025	1H.48.57
PRRSV2/CAN/ON_vivid.d6730_2025	1H.48.57
PRRSV2/USA/KS/vivid.81383/2024	1H.11.56
PRRSV2/USA/KS/vivid.81265/2024	1H.11.56
PRRSV2/USA/IL_vivid.85201_2025	1C.2.43
PRRSV2/USA/IL/vivid.82721/2025	1C.2.43
PRRSV2/USA/IL/vivid.80631/2024	1C.2.43
PRRSV2/USA/IL/vivid.83616/2025	1C.2.43
PRRSV2/USA/IL_vivid.85437_2025	1C.2.43
PRRSV2/USA/IL/vivid.83569/2025	1C.2.43
PRRSV2/USA/IL/vivid.84301/2025	1C.2.43
PRRSV2/USA/IA/vivid.83648/2025	1C.2.43
PRRSV2/USA/IA_vivid.85108_2025	1C.2.43
PRRSV2/USA/IA/vivid.84400/2025	1C.2.43
PRRSV2/USA/IA/vivid.83856/2025	1C.2.43
PRRSV2/CAN/ON_vivid.d6800_2025	1H.55
PRRSV2/CAN/ON/vivid.d6467/2025	1H.55
PRRSV2/CAN/ON_vivid.d6785_2025	1H.55
PRRSV2/CAN/ON_vivid.d6744_2025	1H.55
PRRSV2/CAN/ON/vivid.d6712/2025	1H.55
PRRSV2/CAN/ON/vivid.d6409/2025	1H.55
PRRSV2/CAN/ON_vivid.d6778_2025	1H.55
PRRSV2/CAN/ON/vivid.d6689/2025	1H.55
PRRSV2/CAN/vivid.5262/2022	1K.1.6
PRRSV2/CAN/vivid.4301/2020	1K.1.6
PRRSV2/CAN/vivid.3969/2019	1K.1.6
PRRSV2/CAN/vivid.4103/2019	1K.1.6
PRRSV2/CAN/vivid.3117/2017	1K.1.6
PRRSV2/CAN/vivid.2985/2016	1K.1.6
PRRSV2/CAN/vivid.3190/2017	1K.1.6
PRRSV2/USA/IL_vivid.85198_2025	1A.61
PRRSV2/USA/IL_vivid.85242_2025	1A.61
PRRSV2/CAN/vivid.4389/2020	1K.1.5
PRRSV2/USA/IA/vivid.52243/2021	1K.1.5
PRRSV2/USA/IA/vivid.60929/2023	1K.1.5
PRRSV2/CAN/ON_vivid.d6759_2025	1K.1.5
PRRSV2/CAN/ON_vivid.d6720_2025	1E.12.13
PRRSV2/CAN/ON_vivid.d6793_2025	1E.12.13
PRRSV2/USA/OK/vivid.84638/2025	1A.58
PRRSV2/USA/OK/vivid.79650/2025	1A.58
PRRSV2/USA/OK/vivid.79783/2025	1A.58
PRRSV2/USA/OK/vivid.79725/2025	1A.58
PRRSV2/USA/TX/vivid.80140/2025	1A.58
PRRSV2/USA/TX/vivid.82917/2025	1A.58
PRRSV2/USA/TX/vivid.84539/2025	1A.58
PRRSV2/USA/TX/vivid.82594/2025	1A.58
PRRSV2/USA/KS/vivid.84299/2025	1A.58
PRRSV2/USA/IA/vivid.79886/2025	1A.59
PRRSV2/USA/IA/vivid.79845/2025	1A.59
PRRSV2/USA/NC/vivid.82771/2025	1A.55
PRRSV2/CAN/vivid.4719/2021	1H.53
PRRSV2/CAN/vivid.2724/2016/L1H/1H.36	1H.36.52
PRRSV2/CAN/vivid.3346/2017	1H.36.52
PRRSV2/CAN/vivid.4650/2021	1H.36.52
PRRSV2/CAN/vivid.4911/2021	1H.36.52
PRRSV2/CAN/vivid.2571/2015/L1H/1H.36	1H.36.52
PRRSV2/CAN/vivid.2574/2015/L1H/1H.36	1H.36.52
PRRSV2/CAN/vivid.4923/2021	1H.36.52
PRRSV2/CAN/QC_vivid.d6774_2025	1L.2.5
PRRSV2/CAN/QC/vivid.d6495/2025	1L.2.5
PRRSV2/CAN/QC/vivid.d6532/2025	1L.2.5
PRRSV2/CAN/QC/vivid.d6620/2025	1L.2.5
PRRSV2/CAN/QC/vivid.d6583/2025	1L.2.5
PRRSV2/USA/IL/vivid.83415/2025	1H.9.51
PRRSV2/USA/IL/vivid.84114/2025	1H.9.51
PRRSV2/USA/IN/vivid.83756/2025	1A.54
PRRSV2/USA/IA_vivid.85825_2025	1A.54
PRRSV2/USA/IN_vivid.86349_2025	1A.54
PRRSV2/USA/IA/vivid.80125/2025/L1H/1H.48	1H.48
PRRSV2/CAN/ON_vivid.d6747_2025	1H.48
PRRSV2/USA/IN_vivid.85249_2025	1H.48
PRRSV2/CAN/vivid.5650/2023	1K.4
PRRSV2/USA/IA_vivid.86175_2025	1K.4
PRRSV2/CAN/ON/vivid.d6664/2025	1H.47
PRRSV2/CAN/ON/vivid.d6411/2025	1H.47
PRRSV2/CAN/ON_vivid.d6737_2025	1H.46
PRRSV2/CAN/QC_vivid.d6727_2025	1H.45
PRRSV2/CAN/QC/vivid.d6552/2025	1H.45
PRRSV2/CAN/QC/vivid.d6512/2025	1H.45
PRRSV2/CAN/QC/vivid.d6567/2025	1H.45
PRRSV2/CAN/QC/vivid.d6505/2025	1H.45
PRRSV2/CAN/QC/vivid.d6553/2025	1L.3
PRRSV2/CAN/QC/vivid.d6566/2025	1L.3
PRRSV2/CAN/QC/vivid.d6510/2025	1L.3
PRRSV2/CAN/QC_vivid.d6717_2025	1L.3
PRRSV2/CAN/QC/vivid.d6527/2025	1L.3
PRRSV2/CAN/ON/vivid.d6615/2025	1E.12
PRRSV2/CAN/ON/vivid.d6698/2025	1E.12
PRRSV2/CAN/ON/vivid.d6442/2025	1E.12
PRRSV2/USA/OH/vivid.84536/2025	1E.12
PRRSV2/CAN/ON/vivid.d6416/2025	1H.44
PRRSV2/CAN/ON/vivid.d6630/2025	1H.44
PRRSV2/CAN/ON/vivid.d6412/2025	1H.44
PRRSV2/CAN/ON/vivid.d6414/2025	1H.44
PRRSV2/CAN/ON/vivid.d6405/2025	1H.44
PRRSV2/CAN/QC/vivid.d6589/2025	1H.42
PRRSV2/CAN/QC/vivid.d6671/2025	1H.42
PRRSV2/CAN/QC/vivid.d6666/2025	1H.42
PRRSV2/CAN/QC/vivid.d6704/2025	1H.42
PRRSV2/CAN/QC/vivid.d6644/2025	1H.42
PRRSV2/CAN/QC/vivid.d6550/2025	1L.2
PRRSV2/CAN/ON/vivid.d6667/2025	1K.1
PRRSV2/CAN/ON/vivid.d6658/2025	1K.1
PRRSV2/CAN/ON/vivid.d6713/2025	1K.1
PRRSV2/CAN/ON/vivid.d6681/2025	1K.1
PRRSV2/CAN/ON/vivid.d6578/2025	1K.1
PRRSV2/USA/CO/vivid.83766/2025	1C.2.39
PRRSV2/USA/CO/vivid.83672/2025	1C.2.39
PRRSV2/USA/CO_vivid.85322_2025	1C.2.39
PRRSV2/USA/IA_vivid.85741_2025	1C.2.39
PRRSV2/USA/MN_vivid.85949_2025	1C.5.37
PRRSV2/USA/IA/vivid.82441/2025	1C.5.37
PRRSV2/USA/IA/vivid.82246/2025	1C.5.37
PRRSV2/USA/MN/vivid.83640/2025	1C.5.37
PRRSV2/USA/IA_vivid.86378_2025	1C.5.37
PRRSV2/USA/WI/vivid.84910/2025	1C.5.37
PRRSV2/USA/IA_vivid.86092_2025	1C.5.37
PRRSV2/USA/IA/vivid.79395/2025/L1C/1C.5.36	1C.5.36
PRRSV2/USA/IA/vivid.82472/2025	1C.5.36
PRRSV2/USA/IA/vivid.82586/2025	1C.5.36
PRRSV2/USA/MN/vivid.82884/2025	1C.5.36
PRRSV2/USA/MN_vivid.85989_2025	1C.5.36
PRRSV2/USA/IA/vivid.82681/2025	1C.5.35
PRRSV2/USA/IL_vivid.85893_2025	1C.5.35
PRRSV2/USA/IN_vivid.85859_2025	1C.5.35
PRRSV2/USA/vivid.83414/2025	1C.5.35
PRRSV2/USA/OH/vivid.84571/2025	1C.5.35
PRRSV2/USA/IA/vivid.84568/2025	1C.5.35
PRRSV2/USA/IA/vivid.79375/2025	1C.5.34
PRRSV2/USA/MN/vivid.79711/2025	1C.5.34
PRRSV2/USA/CO/vivid.83530/2025	1C.5.33
PRRSV2/USA/IA_vivid.86063_2025	1C.5.33
PRRSV2/USA/NE_vivid.86290_2025	1C.5.33
PRRSV2/USA/IA/vivid.80022/2025	1C.5.32
PRRSV2/USA/IA/vivid.80161/2025	1C.5.32
PRRSV2/USA/IL/vivid.81197/2024	1C.5.32
PRRSV2/USA/vivid.83126/2025	1C.5.32
PRRSV2/USA/MN/vivid.83025/2025	1C.5.32
PRRSV2/USA/IN_vivid.85389_2025	1A.50
PRRSV2/vivid.79515/2025/L1B/1B.18	1B.18
PRRSV2/vivid.79514/2025/L1B/1B.18	1B.18
PRRSV2/vivid.79516/2025/L1B/1B.18	1B.18
PRRSV2/USA/_vivid.85862_2025	1B.18
PRRSV2/USA/IA/vivid.81464/2024	1A.13.49
PRRSV2/USA/MN/vivid.83563/2025	1A.13.49
PRRSV2/USA/IL/vivid.81480/2024	1A.48
PRRSV2/USA/IL_vivid.85545_2025	1C.25.30
PRRSV2/USA/IL/vivid.79606/2025	1C.25.30
PRRSV2/USA/IA/vivid.84572/2025	1C.25.30
PRRSV2/USA/IL_vivid.86524_2026	1H.9.34
PRRSV2/USA/IL/vivid.84480/2025	1H.9.34
PRRSV2/USA/IL/vivid.82379/2025	1H.9.34
PRRSV2/USA/IL/vivid.80188/2025	1H.9.34
PRRSV2/USA/IL/vivid.82066/2025	1H.9.34
PRRSV2/USA/MI_vivid.86119_2025	1A.46
PRRSV2/USA/IA/vivid.80468/2024	1C.3.25
PRRSV2/vivid.66185/2023/L1C/1C.3.25	1C.3.25
PRRSV2/USA/SD/vivid.80741/2024	1C.3.25
PRRSV2/vivid.61892/2023/L1C/1C.2.24	1C.2.24
PRRSV2/vivid.52538/2021/L1A/1A.43	1A.43
PRRSV2/USA/IA/vivid.81252/2024	1D.2
PRRSV2/vivid.TKBOIC/2020/L1A/1A.42	1A.42
PRRSV2/USA/IL/vivid.84225/2025	1H.29
PRRSV2/USA/IL/vivid.82803/2025	1H.29
PRRSV2/USA/KS_vivid.85624_2025	1H.28
PRRSV2/USA/KS/vivid.84807/2025	1H.28
PRRSV2/USA/KS_vivid.85424_2025	1H.28
PRRSV2/USA/IL_vivid.85758_2025	1A.34
PRRSV2/USA/IL_vivid.85569_2025	1A.34
PRRSV2/USA/IA/vivid.74818/2022/L1A/1A.32	1A.32
PRRSV2/vivid.52771/2021/L1A/1A.32	1A.32
PRRSV2/vivid.AHTHKC/2020/L1H/1H.25	1H.25
PRRSV2/vivid.RHPEAI/2021/L1B/1B.17	1B.17
PRRSV2/vivid.KXPAPT/2021/L1B/1B.17	1B.17
PRRSV2/vivid.ZCVGXD/2021/L1B/1B.17	1B.17
PRRSV2/vivid.VBKYTL/2021/L1A/1A.24	1A.24
PRRSV2/vivid.MJGKEH/2018/L1H/1H.20	1H.20
PRRSV2/vivid.52066/2021/L1A/1A.13	1A.13
PRRSV2/vivid.HZFXGB/2021/L1A/1A.13	1A.13
PRRSV2/vivid.52224/2021/L1A/1A.13	1A.13
PRRSV2/USA/IA/vivid.84799/2025	1A.11
PRRSV2/USA/_vivid.86637_2025	1H.18
PRRSV2/vivid.IHZCOH/2018/L1A/1A.9	1A.9
PRRSV2/vivid.JZVJXS/2018/L1A/1A.9	1A.9
PRRSV2/USA/IA_vivid.85591_2025	1F.1
PRRSV2/USA/IA_vivid.85038_2025	1F.1
PRRSV2/USA/IA/vivid.84223/2025	1A.5
PRRSV2/USA/IL/vivid.79719/2025	1A.5
PRRSV2/USA/IL/vivid.80222/2025	1A.5
PRRSV2/vivid.OCTEWI/2018/L1C/1C.17	1C.17
PRRSV2/vivid.ZHVSWM/2018/L1C/1C.17	1C.17
PRRSV2/USA/IN/vivid.82195/2025	1H.13
PRRSV2/USA/TX_vivid.86239_2025	1H.12
PRRSV2/USA/TX_vivid.86299_2025	1H.12
PRRSV2/USA/TX_vivid.85501_2025	1H.12
PRRSV2/USA/IA/vivid.83307/2025	1C.2
PRRSV2/USA/IA/vivid.80053/2025	1C.2
PRRSV2/USA/IA/vivid.82625/2025	1C.2
PRRSV2/USA/IA/vivid.82180/2025	1C.2
PRRSV2/vivid.VSBHKU/2021/L1A/1A.2	1A.2
PRRSV2/USA/OK/vivid.84451/2025	1A.2
PRRSV2/USA/IN/vivid.79896/2025	1H.9
PRRSV2/vivid.NEXUSE/2017/L1C/1C.15	1C.15
PRRSV2/vivid.GTEKTX/2017/L1C/1C.15	1C.15
PRRSV2/vivid.EVTXGM/2019/L1C/1C.15	1C.15
PRRSV2/vivid.ZCHKZR/2019/L1H/1H.6	1H.6
PRRSV2/vivid.HSEEJC/2017/L1E/1E.4	1E.4
PRRSV2/vivid.ESXXSA/2017/L1E/1E.4	1E.4
PRRSV2/USA/IL_vivid.86441_2025	1E.4
PRRSV2/vivid.CKHONZ/2020/L1B/1B.13	1B.13
PRRSV2/vivid.VGVAUB/2016/L1B/1B.12	1B.12
PRRSV2/USA/OK_vivid.86149_2025	5A.1
PRRSV2/USA/OK_vivid.85066_2025	5A.1
PRRSV2/USA/IL_vivid.85752_2025	5A.1
PRRSV2/USA/IL_vivid.85056_2025	5A.1
PRRSV2/USA/KS/vivid.60019/2022/L1H/1H.1	1H.1
PRRSV2/USA/KS/vivid.58783/2022	1E.1
PRRSV2/USA/OK/vivid.58840/2022	1E.1
PRRSV2/USA/TX/vivid.57919/2022	1E.1
PRRSV2/vivid.CJAHFT/2017/L1C/1C.10	1C.10
PRRSV2/vivid.KQJKAW/2017/L1C/1C.10	1C.10
PRRSV2/vivid.CSMZGW/2016/L1C/1C.10	1C.10
PRRSV2/vivid.ISFYKN/2015/L1C/1C.7	1C.7
PRRSV2/USA/IA/vivid.57041/2022/L1C/1C.3	1C.3
PRRSV2/vivid.FDGEQH/2016/L1C/1C.6	1C.6
PRRSV2/vivid.IPQOJQ/2016/L1C/1C.6	1C.6
PRRSV2/USA/NC/vivid.YCTJIU/2017	1C.6
PRRSV2/USA/OH/vivid.DXWENE/2019/L1C/1C.6	1C.6
PRRSV2/USA/IA/vivid.82973/2025	1C.5
PRRSV2/vivid.YJIFDA/2017/L1B/1B.5	1B.5
PRRSV2/vivid.CGSVPA/2016/L1B/1B.2	1B.2
PRRSV2/vivid.MFGHLV/2017/L1B/1B.1	1B.1
IA|vivid.81034|2024	1C.2.45
IA|vivid.81000|2024	1C.2.45
PRRSV2/USA/IA/vivid.81138/2024	1C.2.45
IA_vivid.85980_2025	1C.2.45
IA|vivid.83204|2025	1C.2.45
IA_vivid.85931_2025	1C.2.45
IL_vivid.85875_2025	1C.2.45
IL|vivid.80807|2024	1C.2.45
PRRSV2/USA/IL/vivid.80852/2024	1C.2.45
MN|vivid.84158|2025	1C.2.45
OH_vivid.85329_2025	1C.2.44
USA/OH/vivid.79730/2025	1C.2.44
USA/OH/vivid.79336/2025	1C.2.44
IN|vivid.82069|2025	1C.2.44
IN|vivid.82674|2025	1C.2.44
OH|vivid.82417|2025	1C.2.44
IN|vivid.83577|2025	1C.2.44
CAN/vivid.6264/2024	1H.59
CAN_QC|vivid.d6321|2024	1H.59
CAN_QC|vivid.d6429|2025	1H.59
CAN_QC|vivid.d6682|2025	1H.59
CAN_QC_vivid.d6822_2026	1H.59
PRRSV2/USA/CO/vivid.79418/2025	1H.11.56
PRRSV2/USA/CO/vivid.79419/2025	1H.11.56
PRRSV2/USA/KS/vivid.79593/2025	1H.11.56
PRRSV2/USA/KS/vivid.79591/2025	1H.11.56
PRRSV2/USA/KS/vivid.79360/2025	1H.11.56
PRRSV2/USA/KS/vivid.81130/2024	1H.11.56
CAN_ON_vivid.d6874_2026	1H.55
USA/IN/vivid.80154/2025	1A.60
IL_vivid.87989_2026	1A.61
IL_vivid.87653_2026	1A.61
USA/OK/vivid.79598/2025	1A.58
TX|vivid.84537|2025	1A.58
PRRSV2/USA/OK/vivid.58709/2022/L1H/1H.11.50	1H.11.50
IN_vivid.86214_2025	1A.54
IN_vivid.85788_2025	1A.54
IA_vivid.86369_2025	1A.54
IN_vivid.86507_2026	1A.54
CAN_AB_vivid.d6835_2026	1A.53
CAN_AB_vivid.d6891_2026	1A.53
CAN_AB_vivid.d6894_2026	1A.53
CAN_AB_vivid.d6892_2026	1A.53
IA_vivid.87669_2026	1F.1.2
IA_vivid.86899_2026	1F.1.2
CAN_ON_vivid.d6856_2026	1E.10
PRRSV2/CAN/vivid.3298/2017/L1E/1E.10	1E.10
CAN/vivid.4391/2020	1H.36
PRRSV2/USA/IA/vivid.79651/2025/L1C/1C.5.32	1C.5.32
PRRSV2/USA/IA/vivid.79997/2025	1C.5.32
USA/MN/vivid.79939/2025	1C.5.32
IL_vivid.87542_2026	1C.5.32
MN_vivid.85153_2025	1C.5.32
OK|vivid.83783|2025	1C.5.32
IA_vivid.85829_2025	1C.5.32
IA_vivid.86114_2025	1C.5.32
IA|vivid.82891|2025	1A.13.49
IA_vivid.87196_2026	1A.13.49
MN|vivid.83177|2025	1A.13.49
MN|vivid.84145|2025	1A.13.49
IL_vivid.86444_2026	1A.13.49
IA_vivid.85107_2025	1D.2
IL|vivid.81493|2024	1D.2
OK|vivid.81363|2024	1D.2
IN_vivid.86747_2026	1D.2
PRRSV2/USA/OH/vivid.75136/2023/L1A/1A.39	1A.39
USA/NC/vivid.52280/2021	1A.32
PRRSV2/USA/IA/vivid.66056/2023/L1A/1A.29	1A.29
IA_vivid.88184_2026	1A.29
MN_vivid.88164_2026	1A.29
USA/IA/vivid.79448/2025	1C.2
USA/IA/vivid.80049/2025	1C.2
IA_vivid.86101_2025	1C.2
PRRSV2/USA/KS/vivid.PFNAWE/2019	1C.2
USA/MN/vivid.79986/2025	1C.2
USA/vivid.79398/2025	1C.2
IA|vivid.83012|2025	1C.2
|vivid.83239|2025	1C.2
MN|vivid.83585|2025	1C.2
IN_vivid.87027_2026	1C.2
SD_vivid.87825_2026	1C.2
USA/OK/vivid.79692/2025	1A.2
OK|vivid.80987|2024	1A.2
IL|vivid.80963|2024	1A.2
KS|vivid.82975|2025	1A.2
TX_vivid.85682_2025	1A.2
PRRSV2/vivid.ZWZEBM/2018/L1C/1C.13	1C.13
PRRSV2/vivid.FFUHTE/2018/L1C/1C.13	1C.13
USA/WY/vivid.61448/2023	1C.13
MN|vivid.80912|2024	1C.5
IA_vivid.86705_2026	1C.5
IN_vivid.87651_2026	1C.5
USA/vivid.r395/2023	1C.2.44
USA/vivid.r396/2023	1H.11.56
USA/vivid.r397/2023	1A.60
USA/vivid.r398/2022	1A.60
USA/vivid.r399/2022	1A.60
USA/vivid.r400/2022	1A.60
USA/vivid.r401/2022	1A.60
USA/vivid.r402/2021	1E.1.7
USA/vivid.r403/2021	1E.1.7
USA/vivid.r404/2008	8B.4
USA/vivid.r405/2008	8B.4
USA/vivid.r406/2008	8B.4
USA/vivid.r407/2008	8B.4
USA/vivid.r408/2008	8B.4
USA/vivid.r409/2008	8B.4
USA/vivid.r410/2021	1B.17
USA/vivid.r411/2021	1A.23
USA/vivid.r412/2016	1H.15
USA/vivid.r413/2015	1C.17
USA/vivid.r414/2016	1C.17
USA/vivid.r415/2015	1C.17
USA/vivid.r416/2022	1H.11
USA/vivid.r417/2019	1H.11
USA/vivid.r418/2019	1H.11
USA/vivid.r419/2019	1H.11
USA/vivid.r420/2019	1H.11
USA/vivid.r421/2018	1H.11
USA/vivid.r422/2020	1H.11
USA/vivid.r423/2022	1H.11
USA/vivid.r424/2019	1H.11
USA/vivid.r425/2018	1H.11
USA/vivid.r426/2017	1C.15
USA/vivid.r427/2018	1C.15
USA/vivid.r428/2018	1C.15
USA/vivid.r429/2017	1C.15
USA/vivid.r430/2018	1C.15
USA/vivid.r431/2012	1B.14
USA/vivid.r432/2012	1B.14
USA/vivid.r433/2013	1B.14
USA/vivid.r434/2013	1B.14
USA/vivid.r435/2018	1H.1
USA/vivid.r436/2013	1E.2
USA/vivid.r437/2013	1E.2
USA/vivid.r438/2012	1E.2
USA/vivid.r439/2015	1C.10
USA/vivid.r440/2014	1C.10
USA/vivid.r441/2016	1C.10
USA/vivid.r442/2015	1C.10
USA/vivid.r443/2013	1C.10
USA/vivid.r444/2016	1C.10
USA/vivid.r445/2017	1C.8
USA/vivid.r446/2015	1C.7
USA/vivid.r447/2015	1C.7
USA/vivid.r448/2015	1C.7
USA/vivid.r449/2014	1C.7
USA/vivid.r450/2018	1C.3
USA/vivid.r451/2021	1C.3
USA/vivid.r452/2021	1C.3
USA/vivid.r453/2023	1C.5
USA/vivid.r454/2021	1C.5
USA/vivid.r455/2021	1C.5
USA/vivid.r456/2021	1C.5
USA/vivid.r457/2023	1C.5
USA/vivid.r458/2017	1C.1
USA/vivid.r459/2015	1C.1
USA/vivid.r460/2010	1C.1
USA/vivid.r461/2017	1B.9
USA/vivid.r462/2017	1B.9
USA/vivid.r463/2012	1B.9
USA/vivid.r464/2016	1B.9
USA/vivid.r465/2016	1B.9
USA/vivid.r466/2016	1B.9
USA/vivid.r467/2014	1B.9
USA/vivid.r468/2015	1B.9
USA/vivid.r469/2015	1B.5
USA/vivid.r470/2015	1B.5
USA/vivid.r471/2015	1B.4
USA/vivid.r472/2015	1B.4
USA/vivid.r473/2012	1B.4
USA/vivid.r474/2016	1B.4
USA/vivid.r475/2013	1B.4
USA/vivid.r476/2017	1B.4
USA/vivid.r477/2015	1B.3
USA/vivid.r478/2016	1B.3
USA/vivid.r479/2015	1B.3
USA/vivid.r480/2013	1B.3
USA/vivid.r481/2013	1B.3
USA/vivid.r482/2013	1B.3
USA/vivid.r483/2015	1B.2
USA/vivid.r484/2016	1B.2
USA/vivid.r485/2016	1B.2
USA/vivid.r486/2015	1B.2
USA/vivid.r487/2016	1B.2
USA/vivid.r488/2016	1B.2
USA/vivid.r489/2017	1B.1
USA/vivid.r490/2013	1B.1
USA/vivid.r491/2017	1B.1
USA/vivid.r492/2012	1B.1
USA/vivid.r493/2014	1B.1
USSPD/PRRSV/swine/Illinois/85561/2021	1A.48
USSPD/PRRSV/swine/Illinois/112874/2021	1A.48
USSPD/PRRSV/swine/Iowa/84529/2021	1A.47
