AB009663	Cosmopolitan_B1.1.1
AB044824	Cosmopolitan_A1
AB085828	Cosmopolitan_A1.3.1
AB128149	Cosmopolitan_A1
AB362483	Cosmopolitan_A1.3.2
AB517659	Cosmopolitan_A1.3.2
AB517660	Cosmopolitan_A1.3.2
AB519641	Bat_B1.1
AB519642	Bat_B1.1
AB569299	Indian-Sub_B1
AB608731	Bat_C1
AB635373	Indian-Sub_B1
AB645847	Cosmopolitan_A1.3
AB699220	Arctic AL1a_A1
AB810256	Bats_A1
AB839169	Cosmopolitan_A1.3.1
AB839170	Cosmopolitan_A1.3.1
AB981663	Asian SEA3_A1
AB981664	Asian SEA3_A1
AF499686	Cosmopolitan Vac_A1.1
AY705373	Bat_C1
AY956319	Arctic AL1a_A1
CS614408	Vac_A1.1
DD161903	Cosmopolitan Vac_A1.1
DD161904	Cosmopolitan Vac_A1.1
DD161905	Cosmopolitan Vac_A1.1
DD161906	Cosmopolitan Vac_A1.1
DI035301	Cosmopolitan Vac_A1.1
DI043469	Cosmopolitan Vac_A1.1
DI046747	Cosmopolitan Vac_A1.1
DI084725	Cosmopolitan Vac_A1.1
DQ099524	Cosmopolitan_A1.3.1
DQ099525	Cosmopolitan_A1.3.1
DQ875050	Cosmopolitan_A1.3.1
DQ875051	Cosmopolitan_A1
EF206707	Vac_A1.1
EF206708	Vac_B1
EF206709	Cosmopolitan Vac_A1.1
EF206710	Vac_B1
EF206711	Vac_B1
EF206712	Vac_B1
EF206713	Vac_B1
EF206714	Vac_B1
EF206715	Cosmopolitan Vac_A1
EF206716	Cosmopolitan Vac_A1.1
EF206717	Vac_A1.2
EF206718	Vac_A1.2
EF206719	Cosmopolitan Vac_A1.1.1
EF206720	Vac_B1
EF437215	Arctic AL1a_A1
EF542830	Cosmopolitan_A1
EF564174	Asian_A1.1
EU182346	Vac_A1
EU182347	Vac_A1
EU293111	Asian SEA3_A1
EU293113	Bat_B1.1
EU293115	Cosmopolitan WE_A1
EU293116	Bat_B1
EU293121	Asian SEA3_A1.1
EU311738	RAC-SK_A1
EU549783	Asian SEA1b_B1
EU643590	Asian_A1.1.1
EU877067	Cosmopolitan Vac_A1.1
EU877068	Cosmopolitan Vac_A1.1
EU877069	Cosmopolitan Vac_A1.1
EU877070	Cosmopolitan Vac_A1.1
EU877071	Cosmopolitan Vac_A1.1
EU886631	Cosmopolitan Vac_A1
EU886632	Cosmopolitan Vac_A1.1
EU886633	Cosmopolitan Vac_A1.1
EU886634	Cosmopolitan Vac_A1.1
EU886635	Cosmopolitan Vac_A1.1
EU886636	Cosmopolitan Vac_A1
FJ577895	Cosmopolitan_A1.3.1
FJ712193	Asian SEA1b_A1.1.1
FJ712194	Asian SEA1b_A1.1.1
FJ712195	Asian_A1.1.1
FJ712196	Asian_A1.1.1
FJ866835	Asian SEA1b_B1
FJ866836	Asian SEA1b_B1
FJ913470	Vac_A1
FJ959397	Asian_A1.1
GQ412744	Cosmopolitan_A1
GQ918139	Cosmopolitan_A1.3.1
GU345746	Asian_A1.1
GU345747	Asian_A1.1
GU345748	Asian SEA1b_A1.1.1
GU358653	Asian_A1.1.1
GU565703	Cosmopolitan_A1.3.1
GU565704	Cosmopolitan_A1.3.1
GU647092	Asian_A1.1.1
HE802675	Arctic AL1a_A1
HE802676	Arctic AL1a_A1
HM535790	Cosmopolitan_A1.3.1
HQ317918	Asian_A1.1
HQ450385	Asian SEA1b_A1.1
HQ450386	Cosmopolitan AM2a_A1
HQ891318	Cosmopolitan_A1.3.1
JN234411	Cosmopolitan_A1
JN609295	Asian SEA1b_A1.1.1
JN786877	Asian SEA3_A1.1
JN786878	Asian SEA3_A1.1
JQ423952	Asian SEA1b_B1
JQ647510	Asian SEA1b_A1.1
JQ685892	Bats EF-W1_A1.2
JQ685893	Bats EF-W1_B1
JQ685894	Cosmopolitan_A1.3
JQ685895	Bat_C1
JQ685896	Bats EF-W1_A1.2
JQ685897	Bats EF-W1_A1.1
JQ685898	Bats EF-W1_A1.2
JQ685899	Cosmopolitan_A1.3.1
JQ685900	Bat_C1
JQ685901	RAC-SK_B1.1
JQ685902	Bat_C1
JQ685903	Bat_A1
JQ685904	Bats EF-W1_B1
JQ685905	Bat_B1.1
JQ685906	Bats EF-W1_B1
JQ685907	Bats EF-W1_A1
JQ685908	Bats EF-W1_A1.2
JQ685909	Bats EF-W1_A1.1
JQ685910	Bat_C1
JQ685911	Bats EF-W1_A1.1.1
JQ685912	Bats EF-W1_A1.2
JQ685913	Bats EF-W1_A1
JQ685914	Bat_A1
JQ685915	Bat_C1
JQ685916	Bat_C1
JQ685917	Bats EF-W1_A1.1
JQ685918	Bat_D1
JQ685919	Bat_C1
JQ685920	Bat_D1
JQ685921	Bat_D1
JQ685922	Bat_C1
JQ685923	Bats EF-W1_B1
JQ685924	Bat_A1
JQ685925	Bat_D1
JQ685926	Bats EF-W1_A1.1.1
JQ685927	Bats EF-W1_B1
JQ685928	Bats EF-W1_A1.2
JQ685929	RAC-SK_B1.1
JQ685930	Bats EF-W1_A1.1.1
JQ685931	Bat_A1
JQ685932	Bats EF-W1_B1
JQ685933	Bats EF-W1_A1.1
JQ685934	Bats EF-W1_A1.2
JQ685935	Bats EF-W1_B1
JQ685936	Bat_B1.1
JQ685937	Bats EF-W1_A1.2
JQ685938	RAC-SK_B1.1
JQ685939	Bats EF-W1_A1.2
JQ685940	Bats EF-W1_A1.1.1
JQ685941	Bats EF-W1_A1.2
JQ685942	Bat_A1
JQ685943	Cosmopolitan_A1.3.1
JQ685944	Cosmopolitan_A1.3
JQ685945	Bats EF-W1_A1.1
JQ685946	Bats EF-W1_A1
JQ685947	Bat_C1
JQ685948	Bat_A1
JQ685949	Bats EF-W1_B1
JQ685950	Bats EF-W1_A1.1
JQ685951	Bats EF-W1_A1
JQ685952	Bat_D1
JQ685953	Bat_B1.1
JQ685954	RAC-SK_B1.1
JQ685955	Bat_A1
JQ685956	Bats EF-W1_A1.1
JQ685957	Bat_D1
JQ685958	Bats EF-W1_B1
JQ685959	Bats EF-W1_A1.1.1
JQ685960	Bats EF-W1_A1.1
JQ685961	Bats EF-W1_A1.1
JQ685962	Bats EF-W1_A1.1.1
JQ685963	Bat_B1.1
JQ685964	Bats EF-W1_A1.2
JQ685965	Bat_D1
JQ685966	Bats EF-W1_B1
JQ685967	Cosmopolitan_A1.3
JQ685968	RAC-SK_B1.1
JQ685969	Bats EF-W1_A1.1.1
JQ685970	Cosmopolitan_A1.3
JQ685971	Bat_D1
JQ685972	Bats EF-W1_A1.2
JQ685973	Bat_A1
JQ685974	Bats EF-W1_A1.2
JQ685975	Vac_A1.2
JQ685976	Bats EF-W1_A1.2
JQ685977	Bat_A1
JQ730682	Asian SEA3_A1
JQ944704	Cosmopolitan NEE_A1.2
JQ944705	Cosmopolitan_B1.1
JQ944706	Cosmopolitan CA2_A1
JQ944707	Arctic A_A1
JQ944708	Cosmopolitan_B1
JQ944709	Cosmopolitan_A1.3.1
JQ946087	Asian_A1.1.1
JQ970480	Asian_A1.1.1
JQ970481	Asian SEA1b_B1
JQ970482	Asian SEA1b_B1
JQ970483	Asian SEA1b_A1.1.1
JQ970484	Asian SEA1b_A1.1
JQ970485	Asian SEA1b_A1
JQ970486	Asian SEA1b_B1
JQ970487	Asian SEA1b_A1.1.1
JX088694	Asian_A1.1.1
JX276550	Vac_A1.2
JX473838	Cosmopolitan AF1b_A2
JX473839	Cosmopolitan AF1b_A2
JX473840	Cosmopolitan AF1b_A2
JX473841	Cosmopolitan AF1b_A2
KC169986	Asian SEA1b_A1
KC171643	Arctic AL2_A1
KC171644	Arctic AL2_A1
KC171645	Arctic AL2_A1
KC178555	Cosmopolitan Vac_A1
KC178556	Cosmopolitan Vac_A1
KC193267	Asian SEA1b_B1
KC196743	Africa-2_A1
KC252633	Cosmopolitan_B1.1
KC252634	Asian SEA1b_B1
KC595280	Cosmopolitan_B1.1
KC595281	Cosmopolitan_B1.1
KC595282	Cosmopolitan_B1.1
KC595283	Cosmopolitan_B1.1
KC660078	Asian SEA1b_B1
KC737850	Cosmopolitan_A1.3.2
KC762941	Asian SEA1b_A1
KC977995	Asian SEA1b_A1.1.1
KF154996	Arctic AL1a_A1
KF154997	Cosmopolitan NEE_A1.2
KF154998	Cosmopolitan_A1.3
KF154999	Indian-Sub_B1
KF155000	Cosmopolitan CA2_A1
KF155001	Cosmopolitan AF1a_A1
KF155002	Cosmopolitan AF1b_C1
KF620487	Asian_A1
KF620488	Asian_A1
KF620489	Asian_A1
KF726852	Asian_A1.1.1
KF726853	Asian SEA1b_A1.1.2
KF977826	Africa-2_A1
KJ004416	Asian SEA1b_B1
KJ466147	Asian_A1.1
KJ564280	Asian SEA1b_B1
KM016899	Cosmopolitan_B1.1
KM198893	Cosmopolitan_A1
KM272192	Arctic AL2_A1.1
KM594023	Bat_C1
KM594024	Bat_C1
KM594025	Bat_C1
KM594029	Bat_A1
KM594030	Bat_D1
KM594031	Bat_D1
KM594032	Bat_D1
KM594033	Bat_A1
KM594034	Bat_A1
KM594035	Bat_A1
KM594036	Bat_A1
KM594037	Bat_B1
KM594038	Bat_B1
KM594039	Cosmopolitan_A1.3.2
KM594040	Bat_B1.1
KM594041	Bat_B1.1
KM594042	Bat_B1.1
KM594043	Bat_B1.1
KP723638	Cosmopolitan AF1a_A1.1
KP997032	Cosmopolitan_B1.1
KR230089	Asian SEA1b_B1
KR230090	Asian SEA1b_B1
KR534217	Cosmopolitan AF1b_A1.1.1
KR534218	Cosmopolitan AF1b_A1.1.1
KR534219	Cosmopolitan_A1.2.2
KR534220	Cosmopolitan AF1b_A1.1.1
KR534228	Cosmopolitan_A1.2.2
KR534229	Cosmopolitan AF1b_B1.1
KR534230	Cosmopolitan_G1
KR534231	Cosmopolitan_A1.2.2
KR534232	Cosmopolitan AF1b_B1.1
KR534233	Cosmopolitan AF1b_B1.1
KR534234	Cosmopolitan_A1.2.2
KR534235	Cosmopolitan AF1b_B1.3
KR534236	Cosmopolitan AF1b_B1.3
KR534237	Cosmopolitan AF1b_B1.3
KR534238	Cosmopolitan_A1.2.2
KR534244	Cosmopolitan AF1b_B1.1.1
KR534245	Cosmopolitan AF1b_B1.1.1
KR534246	Cosmopolitan AF1b_B1.1.1
KR534247	Cosmopolitan AF1b_B1.1.1
KR534248	Cosmopolitan AF1b_B1.1.1
KR534249	Cosmopolitan AF1b_B1.1.1
KR534250	Cosmopolitan AF1b_B1.3
KR534251	Cosmopolitan_A1.2.2
KR534252	Cosmopolitan_A1.2.2
KR534253	Cosmopolitan AF1b_B1.2
KR534254	Cosmopolitan AF1b_B1.1.1
KR534256	Cosmopolitan AF1b_B1.3
KR906734	Cosmopolitan_A1.2.2
KR906735	Cosmopolitan AF1b_A1
KR906736	Cosmopolitan AF1b_A1
KR906737	Cosmopolitan AF1b_A1.1.1
KR906738	Cosmopolitan AF1b_B1
KR906739	Cosmopolitan_A1.2.2
KR906740	Cosmopolitan AF1b_C1
KR906741	Cosmopolitan AF1b_A1.1.2
KR906742	Cosmopolitan AF1b_C1
KR906743	Cosmopolitan_A1.2.2
KR906744	Cosmopolitan_A1.2.2
KR906745	Cosmopolitan AF1b_A1.1.1
KR906746	Cosmopolitan_A1.2.1
KR906747	Cosmopolitan_A1.2.1
KR906748	Cosmopolitan_A1.2
KR906749	Cosmopolitan AF1b_A1.1.2
KR906750	Cosmopolitan AF1b_C1
KR906751	Cosmopolitan_A1.2.1
KR906752	Cosmopolitan_A1.2
KR906753	Cosmopolitan AF1b_A1.1.2
KR906754	Cosmopolitan AF1b_C1
KR906755	Cosmopolitan AF1b_B1.1.1
KR906756	Cosmopolitan AF1b_B1.1
KR906757	Cosmopolitan_A1.2.1
KR906758	Cosmopolitan AF1b_B1.1.1
KR906759	Cosmopolitan_A1.2.2
KR906760	Cosmopolitan AF1b_B1.1
KR906761	Cosmopolitan AF1b_A1.1.2
KR906762	Cosmopolitan AF1b_A1.1.2
KR906763	Cosmopolitan AF1b_A1
KR906764	Cosmopolitan AF1b_A1
KR906765	Cosmopolitan AF1b_A1
KR906766	Cosmopolitan AF1b_A1
KR906767	Cosmopolitan AF1b_A1.1.2
KR906768	Cosmopolitan AF1b_C1
KR906769	Cosmopolitan_G1
KR906770	Cosmopolitan_G1
KR906771	Cosmopolitan AF1b_B1.1.1
KR906772	Cosmopolitan AF1b_B1.1
KR906773	Cosmopolitan AF1b_B1.2
KR906774	Cosmopolitan_A1.2.2
KR906775	Cosmopolitan AF1b_A1.1
KR906776	Cosmopolitan_G1
KR906777	Cosmopolitan_G1
KR906778	Cosmopolitan AF1b_B1.2
KR906779	Cosmopolitan_A1.2.2
KR906780	Cosmopolitan AF1b_B1.2
KR906781	Cosmopolitan AF1b_B1.2
KR906782	Cosmopolitan AF1b_B1.1.1
KR906783	Cosmopolitan AF1b_A1.1.1
KR906784	Cosmopolitan_G1
KR906785	Cosmopolitan_A1.2.2
KR906786	Cosmopolitan AF1b_B1
KR906787	Cosmopolitan AF1b_B1.1.1
KR906788	Cosmopolitan AF1b_B1.3
KR906789	Cosmopolitan_G1
KR906790	Cosmopolitan_A1.2.2
KR906791	Cosmopolitan_A1.2.2
KR906792	Cosmopolitan AF1b_B1.3
KT006769	Cosmopolitan AM2a_A1
KT336432	Cosmopolitan_C1.1
KT336433	Cosmopolitan_A1.2
KT336434	Cosmopolitan_A1.2.1
KT336435	Cosmopolitan_C1
KT336436	Cosmopolitan_C1
KT336437	Cosmopolitan_C1
KT728348	Cosmopolitan CA1_A1
KT728349	Cosmopolitan CA1_A1
KU198460	Arctic A_A1
KU198461	Arctic A_A1
KU198462	Arctic A_A1
KU198463	Arctic A_A1
KU198464	Arctic A_A1
KU198465	Arctic A_B1
KU198466	Arctic A_A1.1.1
KU198467	Arctic A_C1.1
KU198468	Arctic A_D1.1.1
KU198469	Arctic A_B1.4
KU198470	Arctic A_E1.2
KU198471	Arctic A_A1
KU198472	Arctic A_E1.1
KU198473	Arctic A_E1.1
KU198474	Arctic A_E1.1.1
KU198475	Arctic A_E1.1
KU198476	Arctic A_C1.2
KU198477	Arctic A_E1.1.2
KU198478	Arctic A_A1.4
KU198479	Arctic A_E1.1.2
KU523255	Bat_B1.1
KU938752	Cosmopolitan AM2a_A1
KU938829	Cosmopolitan_A1
KU946961	Asian_A1.1
KX036361	Arctic A_A1
KX036362	Arctic A_A1.2
KX036363	Arctic A_A1.2
KX036364	Arctic A_A1.2
KX036365	Arctic A_A1.2
KX036366	Arctic A_A1.1.2
KX036367	Arctic A_A1.2
KX148100	Bat_B1.1
KX148101	Cosmopolitan_A1.3
KX148102	Cosmopolitan AM2a_A1
KX148103	Cosmopolitan_A1.2.1
KX148104	Cosmopolitan_A1.1
KX148105	Arctic A_A1
KX148106	Arctic A_B1.5
KX148107	Africa_A1
KX148108	Indian-Sub_A1
KX148109	Bat_B1.1
KX148110	Cosmopolitan AM2a_A1
KX148111	Cosmopolitan AM2a_A1
KX148112	Cosmopolitan AM2a_A1
KX148113	Cosmopolitan CE_A1
KX148114	Cosmopolitan CE_A1
KX148115	Cosmopolitan CE_A1
KX148116	Cosmopolitan CE_A1
KX148117	Cosmopolitan CE_A1
KX148118	Cosmopolitan CE_A1
KX148119	Cosmopolitan CE_A1
KX148120	Cosmopolitan CE_A1
KX148121	Cosmopolitan CE_A1
KX148122	Cosmopolitan CE_A1
KX148123	Cosmopolitan CE_A1
KX148124	Cosmopolitan CE_A1
KX148125	Cosmopolitan WE_A1
KX148126	Cosmopolitan WE_A1
KX148127	Cosmopolitan WE_A1
KX148128	Cosmopolitan WE_A1
KX148129	Cosmopolitan WE_A1
KX148130	Cosmopolitan WE_A1
KX148131	Cosmopolitan WE_A1
KX148132	Cosmopolitan WE_A1
KX148133	Cosmopolitan WE_A1
KX148134	Cosmopolitan WE_A1
KX148135	Cosmopolitan_A1.1.1
KX148136	Cosmopolitan EE_A1
KX148137	Cosmopolitan EE_A1
KX148138	Cosmopolitan EE_A1
KX148139	Cosmopolitan EE_A1
KX148140	Cosmopolitan EE_A1
KX148141	Cosmopolitan EE_A1
KX148142	Cosmopolitan EE_A1
KX148143	Cosmopolitan EE_A1
KX148144	Cosmopolitan EE_A1
KX148145	Cosmopolitan EE_A1
KX148146	Cosmopolitan NEE_A1.2
KX148147	Cosmopolitan NEE_A1.2
KX148148	Cosmopolitan NEE_A1.2
KX148149	Cosmopolitan NEE_A1.2
KX148150	Cosmopolitan NEE_A1.2
KX148151	Cosmopolitan NEE_A1
KX148152	Cosmopolitan NEE_A1
KX148153	Cosmopolitan NEE_A1
KX148154	Cosmopolitan NEE_A1
KX148155	Cosmopolitan NEE_A1
KX148156	Cosmopolitan NEE_A1
KX148157	Cosmopolitan NEE_A1
KX148158	Cosmopolitan NEE_A1
KX148159	Cosmopolitan CA1_A1
KX148160	Cosmopolitan_B1
KX148161	Cosmopolitan_A1.1.1
KX148162	Cosmopolitan ME2_A1
KX148163	Cosmopolitan ME2_A1
KX148164	Cosmopolitan ME2_A1
KX148165	Cosmopolitan ME2_A1
KX148166	Cosmopolitan ME2_A1
KX148167	Cosmopolitan ME2_A1
KX148168	Cosmopolitan_D1
KX148169	Cosmopolitan_D1
KX148170	Cosmopolitan_D1
KX148171	Cosmopolitan_D1
KX148172	Cosmopolitan_D1
KX148173	Cosmopolitan_D1
KX148174	Cosmopolitan_D1
KX148175	Cosmopolitan_D1
KX148176	Cosmopolitan_D1
KX148177	Cosmopolitan_F1
KX148178	Cosmopolitan_F1
KX148179	Cosmopolitan_F1
KX148180	Cosmopolitan_F1
KX148181	Cosmopolitan_F1
KX148182	Cosmopolitan_F1
KX148183	Cosmopolitan_F1
KX148184	Cosmopolitan_F1
KX148185	Cosmopolitan ME1a_A1
KX148186	Cosmopolitan_E1
KX148187	Cosmopolitan_A1.1.2
KX148188	Cosmopolitan_A1.1.2
KX148189	Cosmopolitan_A1.1.2
KX148190	Cosmopolitan_A1.1.2
KX148191	Cosmopolitan_A1.1.2
KX148192	Cosmopolitan_A1.1.2
KX148193	Cosmopolitan AF1a_A1
KX148194	Cosmopolitan AF1a_A1
KX148195	Cosmopolitan AF1a_A1
KX148196	Cosmopolitan AF1a_A1
KX148197	Cosmopolitan AF1a_A1
KX148198	Cosmopolitan AF1a_A1.1
KX148199	Cosmopolitan AF1a_A1.1
KX148200	Cosmopolitan AF1a_A1.1
KX148201	Cosmopolitan_A1
KX148202	Cosmopolitan_A1
KX148203	Cosmopolitan_C1
KX148204	Cosmopolitan AF1b_A2
KX148205	Cosmopolitan AF1b_A1
KX148206	Cosmopolitan_A1.2.2
KX148207	Cosmopolitan_A1.2.2
KX148208	Cosmopolitan_A1.2
KX148209	Cosmopolitan_A1.2
KX148210	Cosmopolitan_A1.2
KX148211	Cosmopolitan_A1.2
KX148212	Cosmopolitan CA2_A1
KX148213	Cosmopolitan_A1.3
KX148214	Cosmopolitan_A1.3.2
KX148215	Cosmopolitan_A1.3.2
KX148216	Cosmopolitan_A1.3.2
KX148217	Cosmopolitan_A1.3.2
KX148218	Africa_A1
KX148219	Africa_A1
KX148220	Africa_A1
KX148221	Africa_A1
KX148222	Africa_A1
KX148223	Africa_A1
KX148224	Arctic A_B1.3
KX148225	Arctic_A1
KX148226	Arctic_A1
KX148227	Arctic_A1
KX148228	Arctic_A1
KX148229	Africa-2_A1
KX148230	Africa-2_A1
KX148231	Africa-2_A1
KX148232	Africa-2_A1
KX148233	Africa-2_A1
KX148234	Africa-2_A1
KX148235	Africa-2_A1
KX148236	Africa-2_A1
KX148237	Africa-2_A1
KX148238	Africa-2_A1.1
KX148239	Africa-2_A1.1
KX148240	Africa-2_A1
KX148241	Africa-2_A1
KX148242	Africa-2_A1.3
KX148243	Africa-2_A1.3
KX148244	Africa_A1
KX148245	Indian-Sub_A1
KX148246	Indian-Sub_A1.1
KX148247	Asian SEA3_A1
KX148248	Asian SEA3_A1
KX148249	Asian SEA3_A1.1
KX148250	Asian SEA3_A1.1
KX148251	Asian SEA3_A1.1
KX148252	Asian SEA3_A1.1
KX148253	Asian SEA3_A1.1
KX148254	Asian SEA3_A1.1
KX148255	Asian SEA3_A1
KX148256	Asian SEA3_A1
KX148257	Asian SEA3_A1
KX148258	Asian SEA3_A1
KX148259	Asian SEA4_A1
KX148260	Asian SEA4_A1
KX148261	Asian SEA4_A1
KX148262	Asian SEA4_A1
KX148263	Asian SEA4_A1
KX148264	Asian_A1.1.1
KX148265	Asian SEA1b_A1.1.1
KX148266	Asian_A1.1
KX148267	Asian_A1.1
KX148268	Bat_B1.1
KX148269	Bat_B1
KX708499	Cosmopolitan_A1.3
KX708500	Cosmopolitan_A1.3
KX708501	Cosmopolitan_A1.3
KX708502	Cosmopolitan AM2a_A1
KX708503	Cosmopolitan AM2a_A1
KX708504	Cosmopolitan AM2a_A1
KX954123	Arctic A_A1
KY026414	RAC-SK_F1.1
KY026415	RAC-SK_J1
KY026416	RAC-SK_A1
KY026417	RAC-SK_A1
KY026418	RAC-SK_Z1.1
KY026419	RAC-SK_A1.2
KY026420	RAC-SK_C1.1
KY026421	RAC-SK_A1.2
KY026422	RAC-SK_Z1
KY026423	RAC-SK_Z1
KY026424	RAC-SK_A1
KY026425	RAC-SK_Z1
KY026426	RAC-SK_A1
KY026427	RAC-SK_A1
KY026428	RAC-SK_Z1
KY026429	RAC-SK_Z1
KY026430	RAC-SK_Z1
KY026431	RAC-SK_Z1
KY026432	RAC-SK_A2
KY026433	RAC-SK_Z1
KY026434	RAC-SK_Z1
KY026435	RAC-SK_Z1
KY026436	RAC-SK_Z1
KY026437	RAC-SK_Z1
KY026438	RAC-SK_Z1
KY026439	RAC-SK_Z1
KY026440	RAC-SK_Z1
KY026441	RAC-SK_Z1
KY026442	RAC-SK_Z1
KY026443	RAC-SK_Z1
KY026444	RAC-SK_Z1
KY026445	RAC-SK_Z1
KY026446	RAC-SK_Z1.1
KY026447	RAC-SK_Z1
KY026448	RAC-SK_Z1
KY026449	RAC-SK_Z1
KY026450	RAC-SK_Z1
KY026451	RAC-SK_Z1.1
KY026452	RAC-SK_Z1
KY026453	RAC-SK_Z1
KY026454	RAC-SK_Z1.1
KY026455	RAC-SK_Z1
KY026456	RAC-SK_Z1
KY026457	RAC-SK_Z1
KY026458	RAC-SK_Z1.1
KY026459	RAC-SK_Z1
KY026460	RAC-SK_Z1.1
KY026461	RAC-SK_A2
KY026462	RAC-SK_A2
KY026463	RAC-SK_Z1.1
KY026464	RAC-SK_A2
KY026465	RAC-SK_Z1.1
KY026466	RAC-SK_A2
KY026467	RAC-SK_A2
KY026468	RAC-SK_A2
KY026469	RAC-SK_A2
KY026470	RAC-SK_A2
KY026471	RAC-SK_A2
KY026472	RAC-SK_Z1.1
KY026473	RAC-SK_Z1.1
KY026474	RAC-SK_Z1.1
KY026475	RAC-SK_Z1.1
KY026476	RAC-SK_Z1.1
KY026477	RAC-SK_Z1.1
KY026478	RAC-SK_N1
KY026479	RAC-SK_D1.1.3
KY026480	RAC-SK_D1.1.3
KY026481	RAC-SK_D1.1
KY026482	RAC-SK_G1.1
KY026483	RAC-SK_G1.1
KY175229	Arctic AL2_A1.1
KY175230	Arctic AL2_A1.1
KY210220	Cosmopolitan AF1b_A1.1.1
KY210221	Cosmopolitan AF1b_A1.1.1
KY210222	Cosmopolitan AF1b_A1.1.1
KY210223	Cosmopolitan_A1.2.2
KY210224	Cosmopolitan AF1b_B1.3
KY210225	Cosmopolitan AF1b_B1.1.1
KY210226	Cosmopolitan AF1b_B1.3
KY210227	Cosmopolitan_G1
KY210228	Cosmopolitan AF1b_B1
KY210229	Cosmopolitan AF1b_B1.1.1
KY210230	Cosmopolitan AF1b_B1.3
KY210231	Cosmopolitan AF1b_B1.1.1
KY210232	Cosmopolitan AF1b_B1.1.1
KY210233	Cosmopolitan_G1
KY210234	Cosmopolitan AF1b_B1.1.1
KY210235	Cosmopolitan AF1b_B1.1.1
KY210236	Cosmopolitan AF1b_B1.3
KY210237	Cosmopolitan_G1
KY210238	Cosmopolitan AF1b_B1.1.1
KY210239	Cosmopolitan AF1b_B1.1.1
KY210240	Cosmopolitan_G1
KY210241	Cosmopolitan AF1b_B1.1.1
KY210242	Cosmopolitan_G1
KY210243	Cosmopolitan AF1b_B1.1.1
KY210244	Cosmopolitan AF1b_B1.3
KY210245	Cosmopolitan_A1.2.2
KY210246	Cosmopolitan AF1b_B1.1.1
KY210247	Cosmopolitan AF1b_B1.1.1
KY210248	Cosmopolitan AF1b_B1.3
KY210249	Cosmopolitan AF1b_B1.1.1
KY210250	Cosmopolitan AF1b_B1.1.1
KY210251	Cosmopolitan AF1b_B1.1.1
KY210252	Cosmopolitan_A1.2.2
KY210253	Cosmopolitan_A1.2.2
KY210254	Cosmopolitan_A1.2.2
KY210255	Cosmopolitan_A1.2.2
KY210256	Cosmopolitan_A1.2.2
KY210257	Cosmopolitan_G1
KY210258	Cosmopolitan AF1b_B1.1.1
KY210259	Cosmopolitan AF1b_B1.1.1
KY210260	Cosmopolitan AF1b_B1.1.1
KY210261	Cosmopolitan_G1
KY210262	Cosmopolitan AF1b_B1.3
KY210263	Cosmopolitan_A1.2.2
KY210264	Cosmopolitan_A1.2.2
KY210265	Cosmopolitan AF1b_B1.3
KY210266	Cosmopolitan_A1.2.2
KY210267	Cosmopolitan AF1b_B1.1
KY210268	Cosmopolitan AF1b_B1.2
KY210269	Cosmopolitan_G1
KY210270	Cosmopolitan_G1
KY210271	Cosmopolitan AF1b_B1.1.1
KY210272	Cosmopolitan AF1b_B1.1.1
KY210273	Cosmopolitan AF1b_B1.3
KY210274	Cosmopolitan_G1
KY210275	Cosmopolitan AF1b_A1.1
KY210276	Cosmopolitan AF1b_B1.3
KY210277	Cosmopolitan_G1
KY210278	Cosmopolitan AF1b_B1.2
KY210279	Cosmopolitan_G1
KY210280	Cosmopolitan_A1.2.2
KY210281	Cosmopolitan_A1.2.2
KY210282	Cosmopolitan_A1.2.2
KY210283	Cosmopolitan_G1
KY210284	Cosmopolitan_G1
KY210285	Cosmopolitan_A1.2.2
KY210286	Cosmopolitan AF1b_B1.2
KY210287	Cosmopolitan AF1b_B1.2
KY210288	Cosmopolitan AF1b_B1.2
KY210289	Cosmopolitan AF1b_B1.1.1
KY210290	Cosmopolitan AF1b_B1.1.1
KY210291	Cosmopolitan AF1b_B1.1.1
KY210292	Cosmopolitan AF1b_B1.1.1
KY210293	Cosmopolitan AF1b_B1.1.1
KY210294	Cosmopolitan_G1
KY210295	Cosmopolitan AF1b_B1.2
KY210296	Cosmopolitan AF1b_B1.2
KY210297	Cosmopolitan AF1b_B1.3
KY210298	Cosmopolitan AF1b_B1.3
KY210299	Cosmopolitan AF1b_B1.1.1
KY210300	Cosmopolitan AF1b_B1.1.1
KY210301	Cosmopolitan AF1b_B1.1.1
KY210302	Cosmopolitan AF1b_B1.1.1
KY210303	Cosmopolitan AF1b_B1.3
KY210304	Cosmopolitan_G1
KY210305	Cosmopolitan AF1b_B1.3
KY210306	Cosmopolitan_A1.2.2
KY210307	Cosmopolitan AF1b_B1.1.1
KY210308	Cosmopolitan AF1b_B1.2
KY210309	Cosmopolitan_A1.2.2
KY210310	Cosmopolitan_G1
KY210311	Cosmopolitan_A1.2.2
KY451767	Asian_A1.1.1
KY649620	Cosmopolitan_B1.1
KY765901	Cosmopolitan_B1.1
KY775603	Arctic AL1a_A1
KY775604	Arctic AL1a_A1
KY780299	Asian SEA1b_A1.1.1
KY860583	Cosmopolitan ME2_A1.1.1
KY860584	Cosmopolitan ME2_A1.1.1
KY860585	Cosmopolitan ME2_A1.1.1
KY860586	Cosmopolitan ME2_A1.1.1
KY860587	Cosmopolitan ME2_A1.1.1
KY860588	Cosmopolitan ME2_A1.1.1
KY860589	Cosmopolitan ME2_B1
KY860590	Cosmopolitan ME2_A1.1.1
KY860591	Cosmopolitan ME2_B1
KY860592	Cosmopolitan ME2_B1
KY860593	Cosmopolitan ME2_B1
KY860594	Cosmopolitan ME2_B1
KY860595	Cosmopolitan ME2_A1.1.1
KY860596	Cosmopolitan ME2_B1
KY860597	Cosmopolitan ME2_B1
KY860598	Cosmopolitan ME2_B1
KY860599	Cosmopolitan ME2_B1
KY860600	Cosmopolitan ME2_B1
KY860601	Cosmopolitan ME2_B1
KY860602	Cosmopolitan ME2_B1
KY860603	Cosmopolitan ME2_A1.1.1
KY860604	Cosmopolitan_F1
KY860605	Cosmopolitan_F1
KY860606	Cosmopolitan_A1.1.2
KY860607	Cosmopolitan ME2_A1.1.1
KY860608	Cosmopolitan ME2_A1.1.1
KY860609	Cosmopolitan ME2_A1
KY860610	Cosmopolitan CA2_A1
KY860611	Cosmopolitan_A1.1.2
KY860612	Cosmopolitan ME2_A1.1
KY860613	Arctic AL2_A1
KY912036	Arctic AL2_A1.1
KY952219	Arctic AL2_A1.1
KY952220	Arctic AL2_A1.1
KY964322	Arctic AL2_A1.1
KY964323	Arctic AL2_A1.1
KY982922	Arctic AL2_A1
KY982923	Arctic AL2_A1.1
KY997452	Arctic AL2_A1.1
LC029889	Cosmopolitan AF1b_A1.1
LC325820	Cosmopolitan_A1.3.1
LC553558	Arctic AL2_A1
LC571945	Asian SEA4_A1
LC571946	Asian SEA4_A1
LC619707	Asian SEA4_A1.2
LC628899	Asian SEA4_A1.1.2
LC717409	Cosmopolitan AM3b_A1.2.1
LC717410	Cosmopolitan AM3b_A1.2.1
LC717411	Cosmopolitan AM3b_A1.2.1
LC717412	Cosmopolitan AM3b_A1.2.1
LC717413	Cosmopolitan AM3b_A1.2.1
LC717414	Cosmopolitan AM3b_A1.2.1
LC717415	Cosmopolitan_A1
LC717416	Cosmopolitan_A1
LC717417	Cosmopolitan_A1.3.1
LC717418	Cosmopolitan_A1.3.1
LC717419	Cosmopolitan_A1
LC717420	Cosmopolitan_A1.3.1
LC717421	Cosmopolitan AM4_A1
LC717422	Asian SEA3_A1.1
LC717423	Asian SEA3_A1
LC717424	Asian SEA3_A1
LC717425	Asian SEA5_A1.3
LC717426	Asian SEA3_A1.1
LC717427	Asian SEA3_A1.1
LC717428	Asian SEA3_A1.1
LC785439	Cosmopolitan_A1.3.1
LC785440	Cosmopolitan AM3b_A1.2.1
LC785441	Cosmopolitan AM3b_A1.2.1
LM645015	Arctic A_E1.1
LM645016	Arctic A_E1.1
LM645017	Arctic A_E1.1
LM645018	Arctic A_A1.2
LM645019	Arctic A_A1.2.1
LM645020	Arctic A_C1.2
LM645021	Arctic A_A1.2.1
LM645022	Arctic A_A1.2
LM645023	Arctic A_A1.2.1
LM645024	Arctic A_A1.2
LM645025	Arctic A_A1.2.1
LM645026	Arctic A_A1.2
LM645027	Arctic A_C1.2
LM645028	Arctic A_A1.2.1
LM645029	Arctic A_A1.2
LM645030	Arctic A_A1.2
LM645031	Arctic A_A1.2
LM645032	Arctic A_A1.2.1
LM645033	Arctic A_A1.2.1
LM645034	Arctic A_A1.2.1
LM645035	Arctic A_A1.2.1
LM645036	Arctic A_A1.2.1
LM645037	Arctic A_A1
LM645038	Arctic A_A1.2.1
LM645039	Arctic A_A1.3.1
LM645040	Arctic A_A1.3.1
LM645041	Arctic A_A1.3.1
LM645042	Arctic A_A1.3.1
LM645043	Arctic A_A1.3.1
LM645044	Arctic A_A1.3.1
LM645045	Arctic A_A1.3
LM645046	Arctic A_A1.3.1
LM645047	Arctic A_A1.3.1
LM645048	Arctic A_A1.3.1
LM645049	Arctic A_A1.3
LM645050	Arctic A_A1.3
LM645051	Arctic A_A1.3
LM645052	Arctic A_A1.3
LM645053	Arctic A_A1.3
LM645054	Arctic A_A1.3
LM645055	Arctic A_A1.3
LM645056	Arctic A_A1.3.1
LN713542	Cosmopolitan Vac_A1.1
LN713543	Cosmopolitan Vac_A1.1
LN713544	Cosmopolitan Vac_A1.1
LN713545	Cosmopolitan Vac_A1.1
LN713546	Cosmopolitan Vac_A1.1
LN713547	Vac_B1.1
LN713548	Vac_B1.1
LN713549	Vac_B1.1
LN713550	Vac_B1.1
LN713551	Vac_B1.1
LN713552	Vac_B1
LN713553	Cosmopolitan Vac_A1.2
LN713554	Vac_B1
LN713555	Cosmopolitan Vac_A1.2
LN713556	Cosmopolitan Vac_A1.2
LN713557	Vac_B1.1
LN713558	Cosmopolitan Vac_A1.2
LN713559	Vac_B1
LN713560	Cosmopolitan Vac_A1.2
LN713561	Cosmopolitan Vac_A1
LN713562	Vac_B1
LN713563	Vac_B1
LN713564	Cosmopolitan Vac_A1.2
LN713565	Vac_B1
LN713566	Vac_B1
LN713567	Vac_B1
LN713568	Vac_B1
LN713569	Cosmopolitan Vac_A1.2
LN713570	Cosmopolitan Vac_A1
LN713571	Cosmopolitan Vac_A1.1
LN713572	Cosmopolitan Vac_A1
LN713573	Vac_B1
LN713574	Cosmopolitan Vac_A1.1
LN713575	Vac_B1
LN713576	Cosmopolitan Vac_A1
LN713577	Vac_B1
LN713578	Cosmopolitan Vac_A1
LN713579	Vac_B1
LN713580	Vac_B1
LN713581	Vac_B1
LN713582	Cosmopolitan Vac_A1.1
LN713583	Cosmopolitan Vac_A1
LN713584	Vac_B1
LN713585	Vac_B1
LN713586	Cosmopolitan Vac_A1
LN713587	Vac_B1.1
LN713588	Vac_B1.1
LN713589	Vac_B1.1
LN713590	Vac_B1.1
LN713591	Vac_B1
LN713592	Cosmopolitan Vac_A1.2
LN713593	Cosmopolitan Vac_A1.2
LN713594	Vac_B1
LN713595	Cosmopolitan Vac_A1.2
LN713596	Cosmopolitan Vac_A1.2
LN713597	Vac_B1.1
LN713598	Cosmopolitan Vac_A1.2
LN713599	Cosmopolitan Vac_A1.2
LN713600	Cosmopolitan Vac_A1.2
LN713601	Vac_B1
LN713602	Vac_B1.1
LN713603	Cosmopolitan Vac_A1.2
LN713604	Cosmopolitan Vac_A1.2
LN713605	Vac_B1.1
LN713606	Cosmopolitan Vac_A1.2
LN713607	Cosmopolitan Vac_A1.2
LN713608	Cosmopolitan Vac_A1
LN713609	Vac_B1
LN713610	Cosmopolitan Vac_A1
LN713611	Vac_B1
LN713612	Cosmopolitan Vac_A1
LN713613	Cosmopolitan Vac_A1
LN713614	Vac_B1
LN713615	Vac_B1
LN713616	Vac_B1
LN713617	Cosmopolitan Vac_A1
LN713618	Cosmopolitan Vac_A1
LN713619	Vac_B1
LN713620	Vac_B1
LN713621	Cosmopolitan Vac_A1
LN713622	Cosmopolitan Vac_A1
LN713623	Cosmopolitan Vac_A1
LN713624	Vac_B1
LN713625	Vac_B1
LN713626	Cosmopolitan Vac_A1
LN713627	Vac_B1
LN713628	Cosmopolitan Vac_A1
LN713629	Vac_B1
LN713630	Vac_A1.1
LN713631	Vac_A1.1
LN713632	Vac_A1.1
LN713633	Vac_A1.1
LN713634	Vac_A1.1
LN713635	Vac_B1
LN713636	Cosmopolitan Vac_A1.1
LN713637	Vac_B1
LN713638	Cosmopolitan Vac_A1.1
LN713639	Vac_B1
LN713640	Vac_B1
LN713641	Cosmopolitan Vac_A1.1
LN713642	Cosmopolitan Vac_A1.1
LN713643	Vac_B1
LN713644	Vac_B1
LN713645	Cosmopolitan Vac_A1.1
LN713646	Vac_B1
LN713647	Cosmopolitan Vac_A1
LN713648	Cosmopolitan Vac_A1
LN713649	Cosmopolitan Vac_A1
LN713650	Cosmopolitan Vac_A1
LN713651	Cosmopolitan Vac_A1
LN713652	Cosmopolitan Vac_A1.1
LN713653	Cosmopolitan Vac_A1.1
LN713654	Cosmopolitan Vac_A1.1
LN713655	Cosmopolitan Vac_A1.1
LN713656	Cosmopolitan Vac_A1.1
LN713657	Vac_A1.2
LN713658	Vac_A1.2
LN713659	Vac_A1.2
LN713660	Vac_A1.2
LN713661	Vac_A1.2
LN713662	Cosmopolitan Vac_A1.1.1
LN713663	Cosmopolitan Vac_A1.1.1
LN713664	Cosmopolitan Vac_A1.1.1
LN713665	Cosmopolitan Vac_A1.1.1
LN713666	Cosmopolitan Vac_A1.1.1
LN713667	Cosmopolitan Vac_A1.1.1
LN713668	Cosmopolitan Vac_A1.1.1
LN713669	Cosmopolitan Vac_A1.1.1
LN713670	Cosmopolitan Vac_A1.1.1
LN879480	Cosmopolitan_B1.1
LN879481	Cosmopolitan WE_A1
LR812025	Vac_A1
LR812027	Vac_A1
LR812028	Vac_A1.1
LR812029	Vac_A1
LR812030	Vac_A1.1
LR812031	Vac_A1.1
LR812032	Vac_A1.1
LR812033	Cosmopolitan Vac_A1.1
LR812034	Vac_A1
LT598537	Arctic A_A1
LT598538	Arctic A_F1
LT598539	Arctic A_F1
LT598540	Arctic A_C1.2
LT598541	Arctic A_E1.1.2
LT598542	Arctic A_C1.2
LT598543	Arctic A_A1.2.1
LT839616	Cosmopolitan_A1.3.1
LT909526	Cosmopolitan ME1a_A1
LT909527	Vac_A1.2
LT909528	Cosmopolitan_A1.2.2
LT909529	Cosmopolitan AF1a_A1
LT909530	Cosmopolitan_A1.3.2
LT909531	Cosmopolitan AF1a_A1.1
LT909532	Cosmopolitan NEE_A1.2
LT909533	Cosmopolitan_D1
LT909534	Cosmopolitan_A1.2.2
LT909535	Cosmopolitan AF1a_A1
LT909536	Cosmopolitan AF1b_A1.1
LT909537	Cosmopolitan NEE_A1.2
LT909538	Cosmopolitan NEE_A1.2
LT909539	Arctic AL1a_A1
LT909540	Cosmopolitan_D1
LT909541	Arctic AL1a_A1
LT909542	Cosmopolitan AF1a_A1
LT909543	Cosmopolitan_A1.3.2
LT909544	Cosmopolitan AM2a_A1
LT909545	Arctic_A1
LT909546	Cosmopolitan_A1
LT909547	Cosmopolitan CE_A1
LT909548	Africa-2_A1.3
LT909549	Vac_A1.2
LT909550	Arctic A_A1
LT909551	Cosmopolitan AF1a_A1.1
LT993233	Cosmopolitan Vac_A1
LT993234	Cosmopolitan Vac_A1.1
LT993235	Cosmopolitan Vac_A1.1
LT993236	Cosmopolitan Vac_A1.1
LT993237	Cosmopolitan Vac_A1.1
LT993238	Cosmopolitan Vac_A1.1
LT993239	Cosmopolitan Vac_A1.1
LT993240	Vac_A1
LT993241	Vac_A1.1
LT993242	Vac_A1
LT993243	Cosmopolitan Vac_A1.1
LT993244	Cosmopolitan Vac_A1.1
LT993245	Cosmopolitan Vac_A1.1
LT993246	Cosmopolitan Vac_A1.1
M13215	Vac_A1.2
M31046	Cosmopolitan Vac_A1.1
MF143191	RAC-SK_F1.1
MF143192	RAC-SK_F1
MF143193	RAC-SK_F1.1.1
MF143194	RAC-SK_F1.1.1
MF143195	RAC-SK_F1.1.1
MF143196	RAC-SK_F1.1
MF143197	RAC-SK_B1.1.2
MF143198	RAC-SK_F1
MF143199	RAC-SK_F1.1.1
MF143200	RAC-SK_K1
MF143201	RAC-SK_F1.1
MF143202	RAC-SK_K1
MF143203	RAC-SK_F1
MF143204	RAC-SK_F1.1.1
MF143205	RAC-SK_F1.1
MF143206	RAC-SK_F1.1
MF143207	RAC-SK_F1
MF143208	RAC-SK_K1
MF143209	RAC-SK_F1.1.1
MF143210	RAC-SK_F1.1
MF143211	RAC-SK_F1.1
MF143212	RAC-SK_F1
MF143213	RAC-SK_F1
MF143214	RAC-SK_F1.1
MF143215	RAC-SK_F1.1
MF143216	RAC-SK_F1.1
MF143217	RAC-SK_J1
MF143218	RAC-SK_F1.1
MF143219	RAC-SK_F1.1.1
MF143220	RAC-SK_K1
MF143221	RAC-SK_F1.1.1
MF143222	RAC-SK_J1
MF143223	RAC-SK_K1
MF143224	RAC-SK_K1
MF143225	RAC-SK_K1
MF143226	RAC-SK_K1
MF143227	RAC-SK_K1
MF143228	RAC-SK_K1
MF143229	RAC-SK_K1
MF143230	RAC-SK_K1
MF143231	RAC-SK_K1
MF143232	RAC-SK_K1
MF143233	RAC-SK_K1
MF143234	RAC-SK_K1
MF143235	RAC-SK_J1
MF143236	RAC-SK_J1
MF143237	RAC-SK_J1.1
MF143238	RAC-SK_J1.1
MF143239	RAC-SK_J1
MF143240	RAC-SK_J1
MF143241	RAC-SK_J1.1
MF143242	RAC-SK_J1
MF143243	RAC-SK_J1
MF143244	RAC-SK_J1
MF143245	RAC-SK_J1.1
MF143246	RAC-SK_J1.1
MF143247	RAC-SK_J1.1
MF143248	RAC-SK_J1
MF143249	RAC-SK_J1
MF143250	RAC-SK_J1.1
MF143251	RAC-SK_J1
MF143252	RAC-SK_J1.1
MF143253	RAC-SK_J1.1
MF143254	RAC-SK_J1.1
MF143255	RAC-SK_C1.1.1
MF143256	RAC-SK_G1.2
MF143257	RAC-SK_A1.2
MF143258	RAC-SK_A1.2
MF143259	RAC-SK_G1.3
MF143260	RAC-SK_G1.3
MF143261	RAC-SK_G1.3
MF143262	RAC-SK_G1.3
MF143263	RAC-SK_G1
MF143264	RAC-SK_G1.3
MF143265	RAC-SK_G1.3
MF143266	RAC-SK_G1
MF143267	RAC-SK_G1.2
MF143268	RAC-SK_G1.2
MF143269	RAC-SK_G1.3
MF143270	RAC-SK_G1.3
MF143271	RAC-SK_G1.3
MF143272	RAC-SK_G1.3
MF143273	RAC-SK_G1.3
MF143274	RAC-SK_G1.3
MF143275	RAC-SK_G1.3
MF143276	RAC-SK_G1.2
MF143277	RAC-SK_A1.2
MF143278	RAC-SK_D1.1.3
MF143279	RAC-SK_D1.1
MF143280	RAC-SK_D1.1.2
MF143281	RAC-SK_H1
MF143282	RAC-SK_D1.1.3
MF143283	RAC-SK_N1
MF143284	RAC-SK_D1.2
MF143285	RAC-SK_G1
MF143286	RAC-SK_G1
MF143287	RAC-SK_D1.1.3
MF143288	RAC-SK_N1
MF143289	RAC-SK_G1.1
MF143290	RAC-SK_B1.2.1
MF143291	RAC-SK_D1.1
MF143292	RAC-SK_B1
MF143293	RAC-SK_B1.2.1
MF143294	RAC-SK_B1.2.1
MF143295	RAC-SK_B1.2.1
MF143296	RAC-SK_A1.1
MF143297	RAC-SK_B1.2.1
MF143298	RAC-SK_A1.2
MF143299	RAC-SK_A1.1.1
MF143300	RAC-SK_B1.2
MF143301	RAC-SK_A1.1.1
MF143302	RAC-SK_B1.2
MF143303	RAC-SK_B1.2.1
MF143304	RAC-SK_A1.1.1
MF143305	RAC-SK_A1.1
MF143306	RAC-SK_B1
MF143307	RAC-SK_B1
MF143308	RAC-SK_A1.2
MF143309	RAC-SK_A1.2
MF143310	RAC-SK_A1.2
MF143311	RAC-SK_B1.2
MF143312	RAC-SK_B1.2.1
MF143313	RAC-SK_B1.2
MF143314	RAC-SK_B1
MF143315	RAC-SK_B1.2.1
MF143316	RAC-SK_B1.2.1
MF143317	RAC-SK_C1
MF143318	RAC-SK_B1.2
MF143319	RAC-SK_C1
MF143320	RAC-SK_B1.2
MF143321	RAC-SK_B1.2
MF143322	RAC-SK_B1.2.1
MF143323	RAC-SK_B1.2.1
MF143324	RAC-SK_A1
MF143325	RAC-SK_B1.2.1
MF143326	RAC-SK_A1.1
MF143327	RAC-SK_C1
MF143328	RAC-SK_B1.2
MF143329	RAC-SK_B1.2.1
MF143330	RAC-SK_C1.1
MF143331	RAC-SK_C1.1
MF143332	RAC-SK_A1.1
MF143333	RAC-SK_A1.1.1
MF143334	RAC-SK_O1
MF143335	RAC-SK_A1.1
MF143336	RAC-SK_B1.2
MF143337	RAC-SK_G1.3
MF143338	RAC-SK_D1.1.3
MF143339	RAC-SK_G1
MF143340	RAC-SK_D1.1.3
MF143341	RAC-SK_D1.1
MF143342	RAC-SK_D1.1
MF143343	RAC-SK_D1.1
MF143344	RAC-SK_G1.3
MF143345	RAC-SK_G1.3
MF143346	RAC-SK_G1.3
MF143347	RAC-SK_G1.3
MF143348	RAC-SK_G1
MF143349	RAC-SK_G1.3
MF143350	RAC-SK_G1.3
MF143351	RAC-SK_G1.3
MF143352	RAC-SK_G1.3
MF143353	RAC-SK_G1
MF143354	RAC-SK_G1.3
MF143355	RAC-SK_G1.3
MF143356	RAC-SK_G1.3
MF143357	RAC-SK_G1.3
MF143358	RAC-SK_G1.3
MF143359	RAC-SK_G1.2
MF143360	RAC-SK_G1.2
MF143361	RAC-SK_G1.3
MF143362	RAC-SK_G1.2
MF143363	RAC-SK_G1.3
MF143364	RAC-SK_G1.2
MF143365	RAC-SK_G1.3
MF143366	RAC-SK_G1.2
MF143367	RAC-SK_G1.3
MF143368	RAC-SK_G1.3
MF143369	RAC-SK_G1.2
MF143370	RAC-SK_G1.3
MF143371	RAC-SK_G1.3
MF143372	RAC-SK_G1.2
MF143373	RAC-SK_D1.1.3
MF143374	RAC-SK_D1.1.3
MF143375	RAC-SK_N1
MF143376	RAC-SK_G1
MF143377	RAC-SK_N1
MF143378	RAC-SK_G1
MF143379	RAC-SK_G1
MF143380	RAC-SK_G1
MF143381	RAC-SK_G1
MF143382	RAC-SK_G1
MF143383	RAC-SK_G1
MF143384	RAC-SK_G1
MF143385	RAC-SK_G1.1
MF143386	RAC-SK_D1.1.3
MF143387	RAC-SK_D1.1.3
MF143388	RAC-SK_G1
MF143389	RAC-SK_G1
MF143390	RAC-SK_G1
MF143391	RAC-SK_G1.3
MF143392	RAC-SK_G1
MF143393	RAC-SK_G1.1
MF143394	RAC-SK_D1.1.3
MF143395	RAC-SK_H1
MF143396	RAC-SK_D1.1.3
MF143397	RAC-SK_G1
MF143398	RAC-SK_D1.1.3
MF143399	RAC-SK_G1.3
MF143400	RAC-SK_H1
MF143401	RAC-SK_G1
MF143402	RAC-SK_G1.1
MF143403	RAC-SK_D1.1.3
MF143404	RAC-SK_D1.1.3
MF143405	RAC-SK_G1
MF143406	RAC-SK_N1
MF143407	RAC-SK_G1.1
MF143408	RAC-SK_G1.1
MF143409	RAC-SK_G1.1
MF143410	RAC-SK_G1.1
MF143411	RAC-SK_G1.1
MF143412	RAC-SK_D1.1.3
MF143413	RAC-SK_G1.1
MF143414	RAC-SK_G1.1
MF143415	RAC-SK_H1
MF172976	Cosmopolitan_B1.1
MF197741	Cosmopolitan_B1.1
MF197742	Cosmopolitan CE_A1
MF197743	Cosmopolitan NEE_A1.1
MF476106	Asian SEA1b_A1.1
MF630920	Vac_A1
MG011654	Arctic AL1a_A1
MG099711	Arctic AL1a_A1
MG201919	Asian_A1.1.1
MG201920	Asian SEA3_A1
MG201921	Asian_A1.1.1
MG201922	Asian SEA1b_A1
MG201923	Asian SEA1b_A1
MG458304	Bats EF-W1_A1.1
MG458305	Bat_B1
MG458306	Cosmopolitan CE_A1
MG458307	Africa_A1
MG458308	Africa_A1
MG458309	Cosmopolitan_A1.1
MG458310	Cosmopolitan WE_A1
MG458311	Cosmopolitan EE_A1
MG458312	Cosmopolitan_A1.1.1
MG458313	Arctic A_A1
MG458314	Bat_B1.1
MG458315	Cosmopolitan_A1.3
MG458316	Cosmopolitan_A1.3
MG458317	Cosmopolitan_A1.3
MG458318	Cosmopolitan_C1
MG458319	Cosmopolitan_A1
MG458320	Arctic AL1a_A1
MG458321	Asian SEA1b_A1.1
MG562518	RAC-SK_B1.1.2
MG562519	RAC-SK_C1.1.3
MG562520	RAC-SK_B1.1.2
MG562521	RAC-SK_B1.1
MG562522	RAC-SK_B1.1
MG562523	RAC-SK_C1.1
MG562524	RAC-SK_C1.1.1
MG562525	RAC-SK_C1.1.3
MG562526	RAC-SK_D1
MG562527	RAC-SK_E1.2
MG562528	RAC-SK_O1
MG562529	RAC-SK_E1.1
MG562530	RAC-SK_D1.2
MG562531	RAC-SK_E1.1.1
MG562532	RAC-SK_E1.1
MG562533	RAC-SK_E1.2
MG562534	RAC-SK_O1
MG562535	RAC-SK_D1.2
MG562536	RAC-SK_E1.1.1
MG562537	RAC-SK_C1.1.2
MG562538	RAC-SK_E1.1.1
MG562539	RAC-SK_E1.1.1
MG562540	RAC-SK_D1.2
MG562541	RAC-SK_D1.2
MG562542	RAC-SK_D1.2
MG562543	RAC-SK_D1.1
MG562544	RAC-SK_E1.1
MG562545	RAC-SK_E1.2
MG562546	RAC-SK_E1.1.1
MG562547	RAC-SK_E1.1.1
MG562548	RAC-SK_E1.2
MG562549	RAC-SK_E1.1.1
MG562550	RAC-SK_O1
MG562551	RAC-SK_O1
MG562552	RAC-SK_H1
MG562553	RAC-SK_H1
MG562554	RAC-SK_O1
MG562555	RAC-SK_D1.1.3
MG562556	RAC-SK_D1.1.3
MG562557	RAC-SK_D1.1.3
MG562558	RAC-SK_D1.1.3
MG562559	RAC-SK_D1.1.3
MG562560	RAC-SK_D1.1.3
MG562561	RAC-SK_D1.1.3
MG562562	RAC-SK_O1
MG562563	RAC-SK_D1.1.2
MG562564	RAC-SK_H1
MG562565	RAC-SK_H1
MG562566	RAC-SK_D1.1.1
MG562567	RAC-SK_N1
MG562568	RAC-SK_D1.1.3
MG562569	RAC-SK_D1.1
MG562570	RAC-SK_N1
MG562571	RAC-SK_D1.1.2
MG562572	RAC-SK_O1
MG562573	RAC-SK_D1.1
MG562574	RAC-SK_D1.1.3
MG562575	RAC-SK_D1.1.1
MG562576	RAC-SK_N1
MG562577	RAC-SK_D1.1.3
MG562578	RAC-SK_M1
MG562579	RAC-SK_D1.1
MG562580	RAC-SK_B1.1.2
MG562581	RAC-SK_M1
MG562582	RAC-SK_D1.2
MG562583	RAC-SK_M1
MG562584	RAC-SK_O1
MG562585	RAC-SK_D1.1.3
MG562586	RAC-SK_H1
MG562587	RAC-SK_N1
MG562588	RAC-SK_D1.1.3
MG562589	RAC-SK_M1
MG562590	RAC-SK_D1.2
MG562591	RAC-SK_M1
MG562592	RAC-SK_M1
MG562593	RAC-SK_N1
MG562594	RAC-SK_B1.1.2
MG562595	RAC-SK_G1
MG562596	RAC-SK_B1.1.2
MG562597	RAC-SK_B1.1.2
MG562598	RAC-SK_G1
MG562599	RAC-SK_E1.1
MG562600	RAC-SK_B1.1.2
MG562601	RAC-SK_M1
MG562602	RAC-SK_O1
MG562603	RAC-SK_H1
MG562604	RAC-SK_D1.1
MG562605	RAC-SK_H1
MG562606	RAC-SK_D1.1
MG562607	RAC-SK_E1.1
MG562608	RAC-SK_H1
MG562609	RAC-SK_H1
MG562610	RAC-SK_B1.1.2
MH267792	Cosmopolitan_B1.1
MH514968	Africa-2_A1.1
MH514969	Africa-2_A1.1
MH514970	Africa-2_A1.1
MH514971	Africa-2_A1.1.1
MH514972	Africa-2_A1.1.1
MH514973	Africa-2_A1.1.1
MH514974	Africa-2_A1.1.1
MH514975	Africa-2_A1.1.1
MH514976	Africa-2_A1.1.1
MH514977	Africa-2_A1.1.1
MH514978	Africa-2_A1.1.1
MH514979	Africa-2_A1.1.1
MH514980	Africa-2_A1.1.1
MH514981	Africa-2_A1.1.1
MH514982	Africa-2_A1.1.1
MH514983	Africa-2_A1.1.1
MH514984	Africa-2_A1.1.1
MH514985	Africa-2_A1.1.1
MH660455	Cosmopolitan Vac_A1.1
MH671332	Indian-Sub_A1
MK111075	Cosmopolitan Vac_A1
MK111076	Cosmopolitan Vac_A1
MK111077	Cosmopolitan Vac_A1
MK111078	Cosmopolitan Vac_A1
MK111079	Cosmopolitan Vac_A1
MK111080	Cosmopolitan Vac_A1
MK540658	RAC-SK_B1
MK540659	RAC-SK_C1.1
MK540660	RAC-SK_C1.1
MK540661	RAC-SK_C1.1
MK540662	RAC-SK_C1.1
MK540663	RAC-SK_C1.1
MK540664	RAC-SK_B1
MK540665	RAC-SK_C1.1
MK540666	RAC-SK_C1.1
MK540667	RAC-SK_C1.1
MK540668	RAC-SK_C1.1
MK540669	RAC-SK_B1
MK540670	RAC-SK_B1
MK540671	RAC-SK_C1.1.1
MK540672	RAC-SK_B1
MK540673	RAC-SK_B1
MK540674	RAC-SK_B1
MK540675	RAC-SK_B1
MK540676	RAC-SK_B1
MK540677	RAC-SK_B1
MK540678	RAC-SK_C1.1
MK540679	RAC-SK_C1.1
MK540680	RAC-SK_C1.1.3
MK540681	RAC-SK_B1
MK540682	RAC-SK_C1.1.1
MK540683	RAC-SK_B1
MK540684	RAC-SK_B1
MK540685	RAC-SK_B1
MK540686	RAC-SK_B1
MK540687	RAC-SK_C1.1
MK540688	RAC-SK_C1.1
MK540689	RAC-SK_B1
MK540690	RAC-SK_D1
MK540691	RAC-SK_I1.1
MK540692	RAC-SK_L1
MK540693	RAC-SK_C1.1.1
MK540694	RAC-SK_C1.1.3
MK540695	RAC-SK_D1.2
MK540696	RAC-SK_I1
MK540697	RAC-SK_C1.1.2
MK540698	RAC-SK_E1.1.1
MK540699	RAC-SK_I1
MK540700	RAC-SK_L1
MK540701	RAC-SK_O1
MK540702	RAC-SK_I1
MK540703	RAC-SK_I1
MK540704	RAC-SK_D1.2
MK540705	RAC-SK_C1.1.3
MK540706	RAC-SK_E1.1.1
MK540707	RAC-SK_E1.1
MK540708	RAC-SK_C1.1.3
MK540709	RAC-SK_C1.1.2
MK540710	RAC-SK_O1
MK540711	RAC-SK_C1.1.1
MK540712	RAC-SK_C1.1.2
MK540713	RAC-SK_E1.1.1
MK540714	RAC-SK_E1.1.1
MK540715	RAC-SK_C1.1.3
MK540716	RAC-SK_D1.1
MK540717	RAC-SK_C1.1.2
MK540718	RAC-SK_D1
MK540719	RAC-SK_C1
MK540720	RAC-SK_C1.1.2
MK540721	RAC-SK_E1.1
MK540722	RAC-SK_C1.1.3
MK540723	RAC-SK_I1.1
MK540724	RAC-SK_E1.1
MK540725	RAC-SK_B1
MK540726	RAC-SK_C1
MK540727	RAC-SK_B1
MK540728	RAC-SK_L1
MK540729	RAC-SK_E1.2
MK540730	RAC-SK_B1
MK540731	RAC-SK_D1
MK540732	RAC-SK_P1
MK540733	RAC-SK_E1
MK540734	RAC-SK_C1
MK540735	RAC-SK_E1.2
MK540736	RAC-SK_B1
MK540737	RAC-SK_C1.1.1
MK540738	RAC-SK_C1.1.1
MK540739	RAC-SK_C1.1.1
MK540740	RAC-SK_E1.1.1
MK540741	RAC-SK_I1
MK540742	RAC-SK_E1.1.1
MK540743	RAC-SK_E1.2
MK540744	RAC-SK_C1.1
MK540745	RAC-SK_I1.1
MK540746	RAC-SK_E1.1.1
MK540747	RAC-SK_E1
MK540748	RAC-SK_E1.2
MK540749	RAC-SK_A1.1.1
MK540750	RAC-SK_C1.1.1
MK540751	RAC-SK_B1
MK540752	RAC-SK_E1.1.1
MK540753	RAC-SK_O1
MK540754	RAC-SK_P1
MK540755	RAC-SK_I1.1
MK540756	RAC-SK_B1
MK540757	RAC-SK_O1
MK540758	RAC-SK_C1.1
MK540759	RAC-SK_P1
MK540760	RAC-SK_L1
MK540761	RAC-SK_I1.1
MK540762	RAC-SK_E1.1.1
MK540763	RAC-SK_B1
MK540764	RAC-SK_B1
MK540765	RAC-SK_O1
MK540766	RAC-SK_L1
MK540767	RAC-SK_E1.2
MK540768	RAC-SK_C1
MK540769	RAC-SK_E1.1
MK540770	RAC-SK_A1.1
MK540771	RAC-SK_E1.1.1
MK540772	RAC-SK_P1
MK540773	RAC-SK_E1.2
MK540774	RAC-SK_E1.1.1
MK540775	RAC-SK_C1
MK540776	RAC-SK_C1.1.1
MK540777	RAC-SK_C1.1.1
MK540778	RAC-SK_C1.1
MK540779	RAC-SK_B1
MK540780	RAC-SK_O1
MK540781	RAC-SK_L1
MK540782	RAC-SK_E1.1.1
MK540783	RAC-SK_O1
MK540784	RAC-SK_B1
MK540785	RAC-SK_E1
MK540786	RAC-SK_C1.1.1
MK540787	RAC-SK_I1
MK540788	RAC-SK_E1
MK540789	RAC-SK_O1
MK540790	RAC-SK_O1
MK540791	RAC-SK_L1
MK540792	RAC-SK_L1
MK540793	RAC-SK_E1.2
MK540794	RAC-SK_A1.2
MK540795	RAC-SK_B1.2.1
MK540796	RAC-SK_B1.2.1
MK540797	RAC-SK_C1.1.1
MK540798	RAC-SK_P1
MK540799	RAC-SK_P1
MK540800	RAC-SK_C1.1.1
MK540801	RAC-SK_C1.1.1
MK540802	RAC-SK_C1.1.1
MK540803	RAC-SK_C1.1.1
MK540804	RAC-SK_C1.1.1
MK540805	RAC-SK_C1.1.1
MK540806	RAC-SK_C1.1.1
MK540807	RAC-SK_C1.1.1
MK540808	RAC-SK_C1.1.1
MK540809	RAC-SK_C1.1.1
MK540810	RAC-SK_C1.1.1
MK540811	RAC-SK_C1.1.1
MK540812	RAC-SK_C1.1.1
MK540813	RAC-SK_C1.1.1
MK540814	RAC-SK_C1.1.1
MK540815	RAC-SK_C1.1.1
MK540816	RAC-SK_R1
MK540817	RAC-SK_R1
MK540818	RAC-SK_C1.1.1
MK540819	RAC-SK_C1.1.1
MK540820	RAC-SK_C1.1.1
MK540821	RAC-SK_C1.1.1
MK540822	RAC-SK_C1.1.1
MK540823	RAC-SK_R1
MK540824	RAC-SK_C1.1.1
MK540825	RAC-SK_C1.1.1
MK540826	RAC-SK_C1.1.1
MK540827	RAC-SK_C1.1.1
MK540828	RAC-SK_C1.1.1
MK540829	RAC-SK_Q1
MK540830	RAC-SK_R1
MK540831	RAC-SK_R1
MK540832	RAC-SK_C1.1.1
MK540833	RAC-SK_C1.1.1
MK540834	RAC-SK_R1
MK540835	RAC-SK_C1.1.1
MK540836	RAC-SK_C1.1.1
MK540837	RAC-SK_C1.1.1
MK540838	RAC-SK_C1.1.1
MK540839	RAC-SK_C1.1.1
MK540840	RAC-SK_C1.1.1
MK540841	RAC-SK_Q1
MK540842	RAC-SK_C1.1.1
MK540843	RAC-SK_R1
MK540844	RAC-SK_C1.1.1
MK540845	RAC-SK_C1.1.1
MK540846	RAC-SK_C1.1.1
MK540847	RAC-SK_C1.1.1
MK540848	RAC-SK_C1.1.1
MK540849	RAC-SK_C1.1.1
MK540850	RAC-SK_C1.1.1
MK540851	RAC-SK_Q1
MK540852	RAC-SK_C1.1.1
MK540853	RAC-SK_C1.1.1
MK540854	RAC-SK_C1.1.1
MK540855	RAC-SK_R1
MK540856	RAC-SK_C1.1.1
MK540857	RAC-SK_C1.1.1
MK540858	RAC-SK_Q1
MK540859	RAC-SK_C1.1.1
MK540860	RAC-SK_C1.1.1
MK540861	RAC-SK_Q1
MK540862	RAC-SK_Q1
MK540863	RAC-SK_C1.1.1
MK540864	RAC-SK_C1.1.1
MK540865	RAC-SK_C1.1.1
MK540866	RAC-SK_Q1
MK540867	RAC-SK_Q1
MK540868	RAC-SK_C1.1.1
MK540869	RAC-SK_C1.1.1
MK540870	RAC-SK_Q1
MK540871	RAC-SK_Q1
MK540872	RAC-SK_C1.1.1
MK540873	RAC-SK_R1
MK540874	RAC-SK_C1.1.1
MK540875	RAC-SK_Q1
MK540876	RAC-SK_R1
MK540877	RAC-SK_Q1
MK540878	RAC-SK_C1.1.1
MK540879	RAC-SK_C1.1.1
MK540880	RAC-SK_Q1
MK540881	RAC-SK_C1.1.1
MK540882	RAC-SK_C1.1.1
MK540883	RAC-SK_B1.1.1
MK540884	RAC-SK_B1.1.1
MK540885	RAC-SK_B1.1.1
MK540886	RAC-SK_B1.1.1
MK540887	Arctic A_B1.3
MK540888	Arctic A_B1.3
MK540889	Arctic A_B1
MK540890	Arctic A_B1.3
MK540891	Arctic A_B1.3
MK540892	Arctic A_B1.3
MK540893	Arctic A_B1.3
MK540894	Arctic A_B1.3
MK540895	Arctic A_B1
MK540896	Arctic A_B1
MK540897	Arctic A_B1.1
MK540898	Arctic A_B1.3
MK540899	Arctic A_B1.3
MK540900	Arctic A_B1.5
MK540901	Arctic A_B1.3
MK540902	Arctic A_B1.5
MK540903	Arctic A_B1.3
MK540904	Arctic A_B1.5
MK540905	Arctic A_B1.3
MK540906	Arctic A_D1
MK540907	Arctic A_B1.3
MK540908	Arctic A_D1
MK540909	Arctic A_D1
MK540910	Arctic A_D1
MK540911	Arctic A_B1.5
MK540912	Arctic A_B1.1.1
MK540913	Arctic A_B1.1.1
MK540914	Arctic A_B1.1.1
MK540915	Arctic A_B1.5
MK540916	Arctic A_B1.4
MK540917	Arctic A_B1.1.1
MK540918	Arctic A_D1
MK540919	Arctic A_B1.5
MK540920	Arctic A_B1
MK540921	Arctic A_B1.1
MK540922	Arctic A_B1.2
MK540923	Arctic A_B1.1
MK540924	Arctic A_B1.2
MK540925	Arctic A_D1.1
MK540926	Arctic A_B1.4
MK540927	Arctic A_B1.1.1
MK540928	Arctic A_B1.4
MK540929	Arctic A_B1.1
MK540930	Arctic A_B1.1
MK540931	Arctic A_B1.2.1
MK540932	Arctic A_B1.2
MK540933	Arctic A_B1.5
MK540934	Arctic A_B1.5
MK540935	Arctic A_B1.2
MK540936	Arctic A_B1.2
MK540937	Arctic A_D1.1
MK540938	Arctic A_B1.2
MK540939	Arctic A_D1.1
MK540940	Arctic A_D1.1.1
MK540941	Arctic A_D1.1.1
MK540942	Arctic A_D1.1
MK540943	Arctic A_B1.2.1
MK540944	Arctic A_B1.5
MK540945	Arctic A_D1.1.1
MK540946	Arctic A_B1.5
MK540947	Arctic A_B1.2.1
MK540948	Arctic A_D1.2
MK540949	Arctic A_D1.1
MK540950	Arctic A_B1.4
MK540951	Arctic A_B1.4
MK540952	Arctic A_D1.1
MK540953	Arctic A_B1.2.1
MK540954	Arctic A_B1.4
MK540955	Arctic A_D1.2
MK540956	Arctic A_B1.4
MK540957	Arctic A_B1.2
MK540958	Arctic A_D1.2
MK540959	Arctic A_B1.2.1
MK540960	Arctic A_D1.1
MK540961	Arctic A_D1.2
MK540962	Arctic A_D1.2
MK540963	Arctic A_B1.2.1
MK540964	Arctic A_B1.1
MK540965	Arctic A_B1.1
MK540966	Arctic A_B1.4
MK540967	Arctic A_B1.1
MK540968	Arctic A_B1.4
MK540969	Arctic A_D1.2
MK540970	Arctic A_D1.1.1
MK540971	Arctic A_B1.2
MK540972	Arctic A_B1.4
MK540973	Arctic A_D1.2
MK540974	Arctic A_D1.1.1
MK540975	Arctic A_D1.1.1
MK540976	Arctic A_D1.1.1
MK540977	Arctic A_B1.5
MK540978	Arctic A_B1.2.1
MK540979	Arctic A_B1.2.1
MK540980	Arctic A_D1.1.1
MK540981	Arctic A_B1.2.1
MK540982	Arctic A_D1.2
MK540983	Arctic A_B1.2.1
MK540984	Arctic A_B1.2.1
MK540985	Arctic A_B1.2.1
MK540986	Arctic A_B1.1
MK540987	Arctic A_D1.2
MK540988	Arctic A_B1.2.1
MK540989	Arctic A_D1.1.1
MK540990	Arctic A_D1.1
MK540991	Arctic A_D1.2
MK540992	Arctic A_B1.1
MK540993	Arctic A_D1.1.1
MK540994	Arctic A_D1.2
MK540995	Arctic A_D1.1.1
MK540996	Arctic A_D1.1.1
MK540997	Arctic A_D1.1.1
MK540998	Arctic A_G1
MK540999	Arctic A_G1
MK541000	Arctic A_G1
MK541001	Arctic A_G1
MK541002	Arctic A_G1
MK541003	Arctic A_G1
MK541004	Arctic A_G1
MK541005	Arctic A_G1
MK541006	Arctic A_G1
MK541007	Arctic A_G1
MK541008	Arctic A_G1
MK541009	Arctic A_G1
MK541010	Arctic A_G1
MK541011	Arctic A_G1
MK541012	Arctic A_A1.1.2
MK567666	Asian SEA1b_B1
MK577649	Asian SEA1b_B1
MK598338	Cosmopolitan_B1
MK598339	Cosmopolitan_B1
MK598340	Cosmopolitan_B1
MK598341	Cosmopolitan_B1
MK598342	Cosmopolitan_B1
MK598343	Cosmopolitan EE_A1
MK598344	Cosmopolitan EE_A1
MK598345	Cosmopolitan EE_A1
MK598346	Cosmopolitan NEE_A1.1
MK598347	Cosmopolitan NEE_A1.1
MK598348	Cosmopolitan NEE_A1.1
MK598349	Cosmopolitan NEE_A1.1
MK598350	Cosmopolitan NEE_A1.1
MK598351	Cosmopolitan NEE_B1
MK598352	Cosmopolitan NEE_B1
MK598353	Cosmopolitan NEE_B1
MK598354	Cosmopolitan NEE_B1
MK598355	Cosmopolitan NEE_B1
MK598356	Cosmopolitan NEE_B1
MK598357	Cosmopolitan NEE_B1
MK598358	Cosmopolitan NEE_B1
MK598359	Cosmopolitan NEE_B1
MK598360	Cosmopolitan NEE_B1
MK598361	Cosmopolitan NEE_A1.1.1
MK598362	Cosmopolitan NEE_B1
MK598363	Cosmopolitan NEE_B1
MK598364	Cosmopolitan NEE_B1
MK598365	Cosmopolitan NEE_B1
MK598366	Cosmopolitan NEE_B1
MK598367	Cosmopolitan NEE_B1
MK598368	Cosmopolitan NEE_B1
MK598369	Cosmopolitan NEE_B1
MK598370	Cosmopolitan NEE_B1
MK598371	Cosmopolitan NEE_B1
MK598372	Cosmopolitan NEE_B1
MK598373	Cosmopolitan NEE_B1
MK598374	Cosmopolitan NEE_B1
MK598375	Cosmopolitan NEE_B1
MK598376	Cosmopolitan NEE_B1
MK598377	Cosmopolitan NEE_B1
MK598378	Cosmopolitan NEE_B1
MK598379	Cosmopolitan NEE_B1
MK598380	Cosmopolitan NEE_C1
MK598381	Cosmopolitan NEE_A1.1.1
MK598382	Cosmopolitan NEE_C1
MK598383	Cosmopolitan NEE_C1
MK598384	Cosmopolitan NEE_C1
MK598385	Cosmopolitan NEE_C1
MK598386	Cosmopolitan NEE_C1
MK598387	Cosmopolitan NEE_C1
MK598388	Cosmopolitan NEE_C1
MK598389	Cosmopolitan NEE_C1
MK598390	Cosmopolitan NEE_C1
MK598391	Cosmopolitan NEE_C1
MK598392	Cosmopolitan NEE_C1
MK598393	Cosmopolitan NEE_C1
MK598394	Cosmopolitan NEE_C1
MK598395	Cosmopolitan NEE_C1
MK598396	Cosmopolitan NEE_C1
MK598397	Cosmopolitan NEE_C1
MK598398	Cosmopolitan EE_A1
MK689674	Asian SEA1b_A1.1.1
MK689675	Asian SEA1b_A1.1.1
MK689676	Asian SEA1b_B1
MK760667	Cosmopolitan_E1
MK760668	Cosmopolitan_E1
MK760669	Cosmopolitan ME1a_A1
MK760670	Cosmopolitan ME1a_A1.1
MK760671	Cosmopolitan ME1a_A1.1.1
MK760672	Cosmopolitan_E1
MK760673	Cosmopolitan ME1a_A1
MK760674	Cosmopolitan ME1a_A1.1
MK760675	Cosmopolitan CA2_A1
MK760676	Cosmopolitan CA2_A1
MK760677	Cosmopolitan ME1a_A1
MK760678	Cosmopolitan_E1
MK760679	Cosmopolitan CA2_A1
MK760680	Cosmopolitan_A1.1.2
MK760681	Cosmopolitan ME1a_A1
MK760682	Cosmopolitan CA2_A1
MK760683	Cosmopolitan ME1a_A1
MK760684	Cosmopolitan CA2_A1
MK760685	Cosmopolitan ME1a_A1.2
MK760686	Cosmopolitan_E1
MK760687	Cosmopolitan_A1.1.2
MK760688	Cosmopolitan_E1
MK760689	Cosmopolitan ME1a_A1
MK760690	Cosmopolitan CA2_A1
MK760691	Cosmopolitan_A1.1.2
MK760692	Cosmopolitan_E1
MK760693	Cosmopolitan ME1a_A1.2
MK760694	Cosmopolitan ME1a_A1.1
MK760695	Cosmopolitan ME1a_A1
MK760696	Cosmopolitan ME1a_A1.1.1
MK760697	Cosmopolitan ME1a_A1
MK760698	Cosmopolitan ME1a_A1
MK760699	Cosmopolitan ME1a_A1.1.1
MK760700	Cosmopolitan CA1_A1
MK760701	Cosmopolitan ME1a_A1
MK760702	Arctic_A1
MK760703	Cosmopolitan ME1a_A1.2
MK760704	Cosmopolitan ME1a_A1.1.1
MK760705	Cosmopolitan ME1a_A1
MK760706	Cosmopolitan CA1_A1
MK760707	Cosmopolitan CA1_A1
MK760708	Cosmopolitan ME1a_A1.2
MK760709	Cosmopolitan_E1
MK760710	Cosmopolitan ME1a_A1
MK760711	Cosmopolitan ME2_A1.1
MK760712	Cosmopolitan CA1_A1
MK760713	Cosmopolitan ME1a_A1.2
MK760714	Cosmopolitan ME2_A1.1
MK760715	Cosmopolitan ME1a_A1
MK760716	Cosmopolitan ME1a_A1
MK760717	Cosmopolitan ME2_A1.1
MK760718	Cosmopolitan ME2_A1.1
MK760719	Cosmopolitan_A1.1.2
MK760720	Cosmopolitan ME1a_A1.1.1
MK760721	Cosmopolitan ME1a_A1.2
MK760722	Cosmopolitan ME1a_A1
MK760723	Cosmopolitan CA1_A1
MK760724	Cosmopolitan ME1a_A1.1
MK760725	Cosmopolitan ME1a_A1.2
MK760726	Cosmopolitan ME1a_A1.1.1
MK760727	Cosmopolitan_E1
MK760728	Cosmopolitan_E1
MK760729	Arctic_A1
MK760730	Cosmopolitan ME2_A1.1
MK760731	Cosmopolitan CA1_A1
MK760732	Cosmopolitan ME1a_A1.2
MK760733	Cosmopolitan ME1a_A1.2
MK760734	Cosmopolitan CA1_A1
MK760735	Arctic_A1
MK760736	Cosmopolitan ME1a_A1.1
MK760737	Cosmopolitan ME1a_A1.1
MK760738	Cosmopolitan ME1a_A1.1.1
MK760739	Cosmopolitan_E1
MK760740	Cosmopolitan ME1a_A1.1
MK760741	Cosmopolitan ME1a_A1.1.1
MK760742	Cosmopolitan ME1a_A1
MK760743	Cosmopolitan ME2_A1.1
MK760744	Cosmopolitan CA1_A1
MK760745	Cosmopolitan ME1a_A1.1.1
MK760746	Cosmopolitan ME2_A1.1
MK760747	Cosmopolitan CA2_A1
MK760748	Cosmopolitan ME1a_A1.2
MK760749	Cosmopolitan ME1a_A1.2
MK760750	Cosmopolitan ME1a_A1
MK760751	Cosmopolitan ME1a_A1
MK760752	Cosmopolitan ME1a_A1.2
MK760753	Cosmopolitan CA1_A1
MK760754	Cosmopolitan ME1a_A1.1.1
MK760755	Cosmopolitan CA1_A1
MK760756	Cosmopolitan CA2_A1
MK760757	Cosmopolitan CA2_A1
MK760758	Cosmopolitan ME1a_A1.1.1
MK760759	Cosmopolitan ME1a_A1
MK760760	Cosmopolitan CA2_A1
MK760761	Arctic_A1
MK760762	Cosmopolitan ME1a_A1.2
MK760763	Cosmopolitan ME1a_A1
MK760764	Cosmopolitan_E1
MK760765	Cosmopolitan ME1a_A1.2
MK760766	Cosmopolitan CA2_A1
MK760767	Cosmopolitan ME1a_A1.2
MK760768	Cosmopolitan_A1.3
MK760769	Cosmopolitan_A1.3
MK760770	Cosmopolitan_A1.3
MK920923	Bats_A1
MK981888	Cosmopolitan AF1a_A1
MN075931	Asian SEA3_A1.1
MN175989	Asian SEA1b_A1.1.1
MN186249	Asian SEA1b_A1
MN186250	Asian SEA1b_A1
MN233898	Arctic A_A1
MN233899	Arctic A_C1.2
MN233900	Arctic A_C1.2
MN233901	Arctic A_A1
MN233902	Arctic A_A1
MN233903	Arctic A_E1
MN233904	Arctic A_E1.1.1
MN233905	Arctic A_E1.1.1
MN233906	Arctic A_C1
MN233907	Arctic A_C1
MN233908	Arctic A_C1
MN233909	Arctic A_C1
MN233910	Arctic A_A1.1.1
MN233911	Arctic A_C1
MN233912	Arctic A_A1.1.1
MN233913	Arctic A_A1.1.2
MN233914	Arctic A_A1.1.2
MN233915	Arctic A_E1
MN233916	Arctic A_E1
MN233917	Arctic A_E1
MN233918	Arctic A_E1
MN233919	Arctic A_E1
MN233920	Arctic A_C1
MN233921	Arctic A_C1
MN233922	Arctic A_E1.2
MN233923	Arctic A_C1
MN233924	Arctic A_E1.1.1
MN233925	Arctic A_E1.1.2
MN233926	Arctic A_E1.1.1
MN233927	Arctic A_E1.1.2
MN233928	Arctic A_E1.1.2
MN233929	Arctic A_E1.1.2
MN233930	Arctic A_E1.1.1
MN233931	Arctic A_E1.1.2
MN233932	Arctic A_E1.1
MN233933	Arctic A_E1.1.1
MN233934	Arctic A_E1.1.2
MN233935	Arctic A_E1.1.1
MN233936	Arctic A_E1.1.1
MN233937	Arctic A_F1
MN233938	Arctic A_F1
MN233939	Arctic A_F1
MN233940	Arctic A_E1.1
MN233941	Arctic A_E1.1
MN233942	Arctic A_F1
MN233943	Arctic A_F1
MN233944	Arctic A_E1.1
MN233945	Arctic A_F1
MN233946	Arctic A_F1
MN233947	Arctic A_A1.1
MN233948	Arctic A_A1.1.1
MN233949	Arctic A_A1.1.2
MN233950	Arctic A_A1.1.2
MN233951	Arctic A_A1.1.1
MN233952	Arctic A_A1.1
MN233953	Arctic A_A1.1.2
MN233954	Arctic A_A1.1.2
MN233955	Arctic A_A1.1
MN233956	Arctic A_A1.1.1
MN233957	Arctic A_A1.1.1
MN233958	Arctic A_A1.1
MN233959	Arctic A_A1.1
MN233960	Arctic A_C1.1
MN233961	Arctic A_C1.1
MN233962	Arctic A_C1.1.1
MN233963	Arctic A_C1.1.1
MN233964	Arctic A_C1.2
MN233965	Arctic A_C1.2
MN233966	Arctic A_C1.2
MN233967	Arctic A_C1.2
MN233968	Arctic A_A1.4
MN233969	Arctic A_A1.4
MN233970	Arctic A_A1.4
MN233971	Arctic A_A1.4
MN233972	Arctic A_A1.4
MN233973	Arctic A_E1.1.2
MN233974	Arctic A_C1.1
MN233975	Arctic A_C1.1
MN233976	Arctic A_C1.1.1
MN233977	Arctic A_E1
MN233978	Arctic A_E1.2
MN233979	Arctic A_C1.2
MN233980	Arctic A_C1.2
MN233981	Arctic A_C1.2
MN233982	Arctic A_C1.1.1
MN233983	Arctic A_C1.2
MN233984	Arctic A_C1.2
MN233985	Arctic A_E1.1
MN233986	Arctic A_C1.2
MN233987	Arctic A_C1.2
MN233988	Arctic A_C1.2
MN233989	Arctic A_C1.2
MN233990	Arctic A_E1.1.2
MN233991	Arctic A_E1.1
MN233992	Arctic A_A1.4
MN233993	Arctic A_E1.1.1
MN233994	Arctic A_E1.1
MN233995	Arctic A_A1.4
MN233996	Arctic A_A1.4
MN233997	Arctic A_E1.1.2
MN233998	Arctic A_E1.1.2
MN233999	Arctic A_E1.1.1
MN234000	Arctic A_A1.4
MN234001	Arctic A_E1.1.1
MN234002	Arctic A_F1
MN234003	Arctic A_F1
MN234004	Arctic A_E1.1.1
MN234005	Arctic A_A1.4
MN234006	Arctic A_E1.1
MN234007	Arctic A_E1.1
MN234008	Arctic A_E1.1
MN234009	Arctic A_E1.1
MN234010	Arctic A_E1.1
MN234011	Arctic A_E1.1
MN234012	Arctic A_E1.1
MN234013	Arctic A_A1.1.1
MN234014	Arctic A_C1.1
MN234015	Arctic A_E1.1.1
MN234016	Arctic A_A1.1.1
MN234017	Arctic A_A1.1
MN234018	Arctic A_A1.1.2
MN234019	Arctic A_A1.1.2
MN234020	Arctic A_A1.1.2
MN234021	Arctic A_C1.1
MN234022	Arctic A_C1
MN234023	Arctic A_E1.2
MN234024	Arctic A_E1.2
MN234025	Arctic A_E1.2
MN234026	Arctic A_E1.2
MN234027	Arctic A_E1.2
MN234028	Arctic A_E1.2
MN234029	Arctic A_E1.2
MN234030	Arctic A_E1.2
MN234031	Arctic A_C1.1.1
MN234032	Arctic A_C1.1.1
MN234033	Arctic A_E1.1
MN234034	Arctic A_E1.1
MN234035	Arctic A_E1.1.1
MN234036	Arctic A_E1.1.1
MN234037	Arctic A_E1.1
MN234038	Arctic A_E1.1.1
MN234039	Arctic A_E1.1.1
MN234040	Arctic A_E1.1.1
MN234041	Arctic A_E1.1.1
MN234042	Arctic A_E1.1.1
MN234043	Arctic A_E1.1.1
MN234044	Arctic A_E1.1.1
MN234045	Arctic A_E1.1
MN234046	Arctic A_E1.1
MN234047	Arctic A_E1.1
MN234048	Arctic A_E1.1.1
MN234049	Arctic A_E1.1.1
MN234050	Arctic A_E1.1.1
MN234051	Arctic A_A1.4
MN234052	Arctic A_E1.1.1
MN234053	Arctic A_A1.4
MN234054	Arctic A_A1.4
MN234055	Arctic A_F1
MN234056	Arctic A_F1
MN418142	RAC-SK_B1.1.1
MN418143	RAC-SK_C1.1.3
MN418144	RAC-SK_O1
MN418145	RAC-SK_C1.1.1
MN418146	RAC-SK_H1
MN418147	RAC-SK_O1
MN418148	RAC-SK_M1
MN418149	RAC-SK_B1.1.1
MN418150	RAC-SK_B1.1.2
MN418151	RAC-SK_L1
MN418152	RAC-SK_P1
MN418153	RAC-SK_I1.1
MN418154	RAC-SK_I1.1
MN418155	RAC-SK_L1
MN418156	RAC-SK_B1.1.1
MN418157	RAC-SK_I1.1
MN418158	RAC-SK_P1
MN418159	RAC-SK_L1
MN418160	RAC-SK_L1
MN418161	RAC-SK_L1
MN418162	RAC-SK_E1.2
MN418163	RAC-SK_L1
MN418164	RAC-SK_C1.1.3
MN418165	RAC-SK_H1
MN418166	Arctic A_F1
MN418167	RAC-SK_P1
MN418168	RAC-SK_E1.1.1
MN418169	RAC-SK_I1
MN418170	RAC-SK_M1
MN418171	RAC-SK_I1
MN418172	RAC-SK_P1
MN418173	RAC-SK_B1.1.2
MN418174	RAC-SK_I1.1
MN418175	RAC-SK_H1
MN418176	RAC-SK_B1
MN418177	RAC-SK_H1
MN418178	RAC-SK_E1.2
MN418179	RAC-SK_M1
MN418180	RAC-SK_J1
MN418181	RAC-SK_L1
MN418182	RAC-SK_L1
MN418183	RAC-SK_I1.1
MN418184	RAC-SK_J1
MN534894	Indian-Sub_A1
MN534895	Arctic_A1
MN534896	Cosmopolitan_D1
MN534897	Cosmopolitan_D1
MN599473	Arctic AL1a_A1
MN599474	Cosmopolitan_A1.3.1
MN726802	Cosmopolitan AF1b_B1.2
MN726804	Cosmopolitan AF1b_C1
MN726805	Cosmopolitan AF1a_A1.1
MN726807	Cosmopolitan AF1b_B1.2
MN726808	Cosmopolitan AF1b_B1.2
MN726809	Cosmopolitan AF1b_B1.2
MN726810	Cosmopolitan AF1a_A1.1
MN726812	Cosmopolitan AF1a_A1.1
MN726814	Cosmopolitan_A1.2.2
MN726815	Cosmopolitan AF1b_B1.2
MN726816	Cosmopolitan_A1.2.2
MN726817	Cosmopolitan AF1b_B1.2
MN726818	Cosmopolitan AF1b_B1.2
MN726819	Cosmopolitan AF1a_A1.1
MN726820	Cosmopolitan AF1b_B1.2
MN726821	Cosmopolitan_A1.2.2
MN726823	Cosmopolitan AF1b_B1.2
MN726824	Cosmopolitan AF1b_C1
MN726825	Cosmopolitan AF1b_B1.2
MN726826	Cosmopolitan AF1b_C1
MN726827	Cosmopolitan AF1b_C1
MN726828	Cosmopolitan AF1b_B1.2
MN726829	Cosmopolitan_A1.2.2
MN726830	Cosmopolitan AF1a_A1.1
MN726831	Cosmopolitan_A1.2.2
MN726832	Cosmopolitan AF1b_B1.1
MN726833	Cosmopolitan_A1.2.2
MN726835	Cosmopolitan AF1b_B1.2
MN726836	Asian SEA4_A1.1
MN726837	Asian SEA4_A1.1.2
MN726839	Asian SEA4_A1.1.2
MN726840	Asian SEA4_A1.1
MN726841	Asian SEA4_A1
MN726842	Asian SEA4_A1.2
MN726843	Asian SEA4_A1.1
MN726845	Asian SEA4_A1.2
MN726848	Asian SEA4_A1.1.2
MN726850	Asian SEA4_A1.2
MN726852	Asian SEA4_A1.2
MN726854	Asian SEA4_A1.1.2
MN726855	Asian SEA4_A1.1.2
MN726856	Asian SEA4_A1.1.2
MN726858	Asian SEA4_A1.1
MN726860	Asian SEA4_A1.2
MN726861	Asian SEA4_A1.1.2
MN726862	Asian SEA4_A1.1
MN726866	Asian SEA4_A1.1
MN726870	Asian SEA4_A1
MN726873	Asian SEA4_A1.1
MN726874	Asian SEA4_A1.1
MN726875	Asian SEA4_A1.2
MN726876	Asian SEA4_A1.2
MN726879	Asian SEA4_A1
MN726880	Asian SEA4_A1.2
MN726881	Asian SEA4_A1.1.2
MN857167	Asian SEA4_A1.2
MN857168	Asian SEA4_A1.2
MN857169	Asian SEA4_A1.1.2
MN857170	Asian SEA4_A1.2
MN857171	Asian SEA4_A1.2
MN862283	RAC-SK_B1.1
MT107888	Africa-2_A1.2
MT454631	Cosmopolitan_C1.1
MT454632	Cosmopolitan AF1b_A2
MT454633	Cosmopolitan AF1b_A2
MT454634	Cosmopolitan_C1.1
MT454635	Cosmopolitan_C1.1
MT454636	Cosmopolitan_C1.1
MT454637	Cosmopolitan_C1.1
MT454638	Cosmopolitan AF1b_A2
MT454639	Cosmopolitan_C1.1
MT454640	Cosmopolitan AF1b_A2
MT454641	Cosmopolitan_C1.1
MT454642	Cosmopolitan AF1b_A2
MT454643	Cosmopolitan AF1b_A2
MT454644	Cosmopolitan_A1.2.1
MT454645	Cosmopolitan AF1b_A2
MT454646	Cosmopolitan AF1b_A2
MT454647	Cosmopolitan AF1b_A2
MT454648	Cosmopolitan_C1.1
MT454649	Cosmopolitan AF1b_A2
MT454650	Cosmopolitan AF1b_A2
MT454651	Cosmopolitan AF1b_A2
MT454652	Cosmopolitan_C1.1
MT454653	Cosmopolitan_C1.1
MT454654	Cosmopolitan_C1.1
MW057694	Africa-2_A1.3
MW057695	Africa-2_A1.2
MW177593	Cosmopolitan NEE_C1.1.1
MW177594	Cosmopolitan NEE_C1
MW177595	Cosmopolitan NEE_D1
MW506937	Bats DR_A1.5
MW506938	Bats DR_A1.4
MW506939	Bats DR_A1.4
MW506940	Bats DR_A1.4
MW579777	Bats DR_A1.1
MW579778	Bats DR_A1.1
MW579779	Bats DR_A1.5
MW579780	Bats DR_K1
MW579781	Bats DR_A1.1
MW579782	Bats DR_A1.1
MW579783	Bats DR_A1.1
MW579784	Bats DR_A1.1
MW579785	Bats DR_K1
MW579786	Bats DR_A1.1
MW579787	Bats DR_C1
MW579788	Bats DR_A1.1
MW579789	Bats DR_A1.1
MW579790	Bats DR_C1
MW579791	Bats DR_A1.1
MW579792	Bats DR_M1
MW579793	Bats DR_A1.1
MW579794	Bats DR_C1
MW579795	Bats DR_M1
MW579796	Bats DR_C1
MW579797	Bats DR_C1
MW579798	Bats DR_A1.1
MW579799	Bats DR_M1
MW579800	Bats DR_A1.1
MW579801	Bats DR_C1
MW579802	Bats DR_C1
MW579803	Bats DR_M1
MW579804	Bats DR_K1
MW579805	Bats DR_A1.1
MW579806	Bats DR_A1.1.7
MW579807	Bats DR_A1.1
MW579808	Bats DR_M1
MW579809	Bats DR_M1
MW579810	Bats DR_C1
MW579811	Bats DR_M1
MW579812	Bats DR_M1
MW579813	Bats DR_A1.5
MW579814	Bats DR_K1
MW579815	Bats DR_M1
MW579816	Bats DR_C1
MW579817	Bats DR_K1
MW579818	Bats DR_M1
MW579819	Bats DR_C1
MW579820	Bats DR_A1.1
MW579821	Bats DR_A1.1
MW579822	Bats DR_M1
MW579823	Bats DR_A1.1
MW579824	Bats DR_K1
MW579825	Bats DR_K1
MW579826	Bats DR_K1
MW579827	Bats DR_M1
MW579828	Bats DR_K1
MW579829	Bats DR_A1.1
MW579830	Bats DR_C1
MW579831	Bats DR_K1
MW579832	Bats DR_C1
MW579833	Bats DR_A1.1
MW579834	Bats DR_A1.1
MW579835	Bats DR_A1.1
MW579836	Bats DR_A1.5
MW579837	Bats DR_K1
MW579838	Bats DR_A1.1
MW579839	Bats DR_K1
MW579840	Bats DR_K1
MW579841	Bats DR_A1.1
MW579842	Bats DR_C1
MW579843	Bats DR_A1.1
MW579844	Bats DR_C1
MW579845	Bats DR_A1.1
MW579846	Bats DR_A1.1
MZ076690	Indian-Sub_A1.1
MZ076691	Indian-Sub_A1.1
MZ494188	Bats EF-E2_A1
NC_001542	Vac_A1.2
OK135144	Africa-2_A1.2
OK135145	Africa-2_A1
OK135146	Africa-2_A1
OK135147	Africa-2_A1
OK135148	Africa-2_A1
OK317992	Cosmopolitan AF1b_A2
OK317993	Cosmopolitan AF1b_A2
OK317994	Cosmopolitan AF1b_A2
OK317995	Cosmopolitan AF1b_A2
OK317996	Cosmopolitan AF1b_A2
OK317997	Cosmopolitan AF1b_A2
OK317998	Cosmopolitan AF1b_A2
OK317999	Cosmopolitan AF1b_A2
OK340700	Bats EF-E1_A1
OK340701	Bats EF-E1_A1
OK340702	Bats EF-E1_A1
OK340703	Bats LC_A1
OL314495	Cosmopolitan_A1.3.1
OL422907	Arctic AL1a_A1.1
OL422909	Arctic AL1a_A1.1
OL440112	Cosmopolitan NEE_C1
OL449092	Cosmopolitan NEE_A1
OL449093	Cosmopolitan NEE_C1.1.1
OL449095	Cosmopolitan NEE_C1.1.1
OL515134	Cosmopolitan NEE_C1.1.1
OL515135	Cosmopolitan NEE_C1.1.1
OL515137	Cosmopolitan NEE_C1.1.1
OL515138	Cosmopolitan NEE_C1.1.1
OL515139	Cosmopolitan NEE_C1.1.1
OL515140	Cosmopolitan NEE_C1.1.1
OL515141	Cosmopolitan NEE_C1.1
OL515144	Cosmopolitan NEE_C1.1.1
OL515145	Cosmopolitan NEE_C1
OL515150	Cosmopolitan NEE_C1
OM021440	Cosmopolitan NEE_C1
OM021441	Cosmopolitan NEE_A1
OM202982	Bats LN_A1
OM202983	Bats LN_A1
OM203138	Cosmopolitan NEE_A1
OM203141	Cosmopolitan NEE_C1
OM542185	Cosmopolitan NEE_C1
OM542186	Cosmopolitan NEE_C1
OM542187	Cosmopolitan CE_A1
OM542188	Cosmopolitan NEE_C1
OM542189	Cosmopolitan NEE_C1
OM542190	Cosmopolitan NEE_C1
OM542191	Cosmopolitan NEE_C1
OM542192	Cosmopolitan NEE_C1
OM542193	Cosmopolitan CE_A1
OM542194	Cosmopolitan CE_A1
OM542195	Cosmopolitan CE_A1
OM542196	Cosmopolitan NEE_A1
OM542197	Cosmopolitan NEE_A1
OM542198	Cosmopolitan NEE_A1
OM542199	Cosmopolitan CE_A1
OM542200	Cosmopolitan CE_A1
OM542201	Cosmopolitan CE_A1
OM542202	Cosmopolitan CE_A1
OM542203	Cosmopolitan CE_A1
OM542204	Cosmopolitan NEE_C1
OM542205	Cosmopolitan NEE_C1
OM542206	Cosmopolitan CE_A1
OM863568	Arctic_A1.1
OM863569	Arctic AL1a_A1
OM891790	Arctic AL1a_A1
OM891791	Arctic AL1a_A1
OM891792	Arctic AL1a_A1
OM971001	Bats TB1_A1
OM971002	Bats TB1_A1
OM971003	Cosmopolitan_A1.3
OM971004	Cosmopolitan_A1.3
OM971005	Cosmopolitan_A1
ON146312	Bat_B1
ON146313	Bat_B1
ON146315	Bat_B1
ON146316	Bat_B1
ON146317	Bat_B1
ON146319	Bat_B1
ON146321	Bat_B1
ON366706	Cosmopolitan_B1.1
ON366707	Cosmopolitan_B1.1
ON366708	Cosmopolitan_B1.1
ON366709	Cosmopolitan_B1.1
ON366710	Cosmopolitan_B1.1
ON630441	Bats DR_E1
ON630442	Bats DR_E1.2.1
ON630443	Bats DR_E1
ON630445	Bats DR_E1
ON630446	Bats DR_E1
ON630447	Bats DR_E1
ON630448	Bats DR_E1
ON630449	Bats DR_E1
ON630450	Bats DR_E1
ON630451	Bats DR_E1
ON630452	Bats DR_A1.1.9
ON630453	Bats DR_E1
ON630454	Bats DR_E1
ON630455	Bats DR_E1
ON630456	Bats DR_E1
ON630457	Bats DR_A1.1.5
ON630458	Bats DR_E1.2
ON630459	Bats DR_E1
ON630460	Bats DR_E1
ON630461	Bats DR_E1
ON630462	Bats DR_E1
ON630463	Bats DR_E1.2
ON630464	Bats DR_E1.2
ON630465	Bats DR_E1.2
ON630466	Bats DR_E1.2
ON630467	Bats DR_E1
ON630468	Bats DR_E1
ON630469	Bats DR_E1
ON630470	Bats DR_E1
ON630471	Bats DR_E1
ON630472	Bats DR_E1
ON630473	Bats DR_E1
ON630474	Bats DR_E1
ON630475	Bats DR_E1
ON630476	Bats DR_E1
ON630477	Bats DR_E1
ON630478	Bats DR_E1
ON630479	Bats DR_E1
ON630480	Bats DR_E1
ON630481	Bats DR_E1
ON630482	Bats DR_E1
ON630483	Bats DR_E1
ON630484	Bats DR_E1.2.1
ON630485	Bats DR_E1
ON630487	Bats DR_E1
ON630488	Bats DR_E1.2.1
ON630489	Bats DR_E1
ON630490	Bats DR_E1.2.1
ON630491	Bats DR_E1.2.1
ON630492	Bats DR_E1.2.1
ON630493	Bats DR_E1.2
ON630494	Bats DR_E1.2
ON630495	Bats DR_E1
ON630496	Bats DR_E1
ON630497	Bats DR_E1
ON630498	Bats DR_E1
ON630499	Bats DR_E1.2.1
ON630500	Bats DR_E1
ON630501	Bats DR_E1
ON630502	Bats DR_E1.2.1
ON630503	Bats DR_E1
ON630504	Bats DR_E1
ON630505	Bats DR_E1.2.1
ON630506	Bats DR_E1
ON630507	Bats DR_E1
ON630508	Bats DR_E1.2.1
ON630509	Bats DR_E1
ON630510	Bats DR_E1.2.1
ON630511	Bats DR_E1.2.1
ON630512	Bats DR_E1.2.1
ON630513	Bats DR_E1
ON630514	Bats DR_E1
ON630515	Bats DR_E1.2.1
ON630516	Bats DR_E1.2.1
ON630517	Bats DR_E1
ON630518	Bats DR_E1.2.1
ON630519	Bats DR_E1.2.1
ON630520	Bats DR_E1.2.1
ON630521	Bats DR_E1
ON630522	Bats DR_E1.2.1
ON630523	Bats DR_E1.2.1
ON630524	Bats DR_E1.2.1
ON630525	Bats DR_E1.2.1
ON630526	Bats DR_E1.2.1
ON630527	Bats DR_E1.2.1
ON630528	Bats DR_E1.2.1
ON630529	Bats DR_E1
ON630530	Bats DR_E1
ON630531	Bats DR_E1
ON630532	Bats DR_E1
ON630533	Bats DR_E1.2.1
ON630534	Bats DR_E1
ON630535	Bats DR_E1.2.1
ON630536	Bats DR_E1
ON630537	Bats DR_E1.2.1
ON630538	Bats DR_E1.2.1
ON630539	Bats DR_E1
ON630540	Bats DR_E1
ON630541	Bats DR_E1.2.1
ON630542	Bats DR_E1
ON630543	Bats DR_E1
ON630544	Bats DR_E1
ON630545	Bats DR_E1.2.1
ON630546	Bats DR_E1.2.1
ON630547	Bats DR_E1.2.1
ON630548	Bats DR_E1.2.1
ON630549	Bats DR_E1.2.1
ON630550	Bats DR_E1.2.1
ON630551	Bats DR_E1.2.1
ON630552	Bats DR_E1.2.1
ON630553	Bats DR_E1.2.1
ON630554	Bats DR_E1.2.1
ON630555	Bats DR_E1
ON630556	Bats DR_E1.2.1
ON630557	Bats DR_E1.2.1
ON630558	Bats DR_E1.2.1
ON630559	Bats DR_E1.2.1
ON630560	Bats DR_E1.2.1
ON630561	Bats DR_E1.2.1
ON630562	Bats DR_E1.2.1
ON630563	Bats DR_E1.2.1
ON630564	Bats DR_E1.2.1
ON630566	Bats DR_E1
ON630567	Bats DR_E1.2.1
ON630568	Bats DR_E1.2.1
ON630569	Bats DR_E1.2.1
ON630570	Bats DR_E1.2.1
ON630571	Bats DR_E1
ON630572	Bats DR_E1
ON630573	Bats DR_E1
ON630574	Bats DR_E1.2.1
ON630575	Bats DR_E1.2.1
ON630576	Bats DR_E1.2.1
ON630577	Bats DR_A1.1.9
ON630578	Bats DR_E1
ON630579	Bats DR_E1.2.1
ON630580	Bats DR_E1
ON630581	Bats DR_E1
ON630582	Bats DR_E1
ON630583	Bats DR_E1.2.1
ON630584	Bats DR_E1
ON630585	Bats DR_E1.2.1
ON630586	Bats DR_E1.2.1
ON630587	Bats DR_E1
ON630588	Bats DR_E1
ON630589	Bats DR_E1.2.1
ON630590	Bats DR_E1
ON630591	Bats DR_E1
ON630592	Bats DR_E1
ON630593	Bats DR_E1
ON630595	Bats DR_E1.2.1
ON630596	Bats DR_E1.2.1
ON630597	Bats DR_E1.2.1
ON630598	Bats DR_E1.2.1
ON630599	Bats DR_E1.2.1
ON630600	Bats DR_F1
ON630601	Bats DR_E1.2.1
ON630602	Bats DR_E1.2.1
ON630603	Bats DR_E1
ON630604	Bats DR_F1
ON630605	Bats DR_E1.2.1
ON630606	Bats DR_E1.2.1
ON630607	Bats DR_E1.2.1
ON630608	Bats DR_E1.2.1
ON630609	Bats DR_E1
ON630610	Bats DR_A1.1.9
ON630611	Bats DR_E1
ON630612	Bats DR_E1.2.1
ON630613	Bats DR_A1.1.9
ON630614	Bats DR_E1
ON630615	Bats DR_F1
ON630616	Bats DR_E1
ON630617	Bats DR_E1.2.1
ON630618	Bats DR_E1
ON630619	Bats DR_F1.1
ON630620	Bats DR_F1.1
ON630621	Bats DR_E1
ON630622	Bats DR_E1
ON630623	Bats DR_F1.1
ON630624	Bats DR_F1.1
ON630625	Bats DR_F1.1
ON630626	Bats DR_F1.1
ON630627	Bats DR_E1.2.1
ON630628	Bats DR_E1
ON630629	Bats DR_E1
ON630630	Bats DR_F1.1
ON630631	Bats DR_F1.1
ON630632	Bats DR_F1
ON630633	Bats DR_E1
ON630634	Bats DR_E1
ON630635	Bats DR_E1
ON630636	Bats DR_E1
ON630637	Bats DR_F1
ON630638	Bats DR_E1
ON630639	Bats DR_E1
ON630641	Bats DR_E1
ON630642	Bats DR_E1
ON630643	Bats DR_E1
ON630644	Bats DR_E1
ON630645	Bats DR_E1
ON630646	Bats DR_E1
ON630647	Bats DR_E1.2.1
ON630648	Bats DR_E1.2.1
ON630649	Bats DR_E1
ON630650	Bats DR_F1
ON630651	Bats DR_E1.2.1
ON630652	Bats DR_E1.2.1
ON630654	Bats DR_F1.1
ON630655	Bats DR_E1
ON630656	Bats DR_E1
ON630657	Bats DR_E1
ON630658	Bats DR_E1
ON630659	Bats DR_E1
ON630660	Bats DR_E1
ON630661	Bats DR_F1
ON630663	Bats DR_E1
ON630664	Bats DR_E1
ON630665	Bats DR_E1
ON630666	Bats DR_E1
ON630667	Bats DR_E1.2.1
ON630668	Bats DR_A1.1.10
ON630669	Bats DR_E1.2.1
ON630670	Bats DR_E1
ON630671	Bats DR_E1
ON630672	Bats DR_E1
ON630673	Bats DR_E1
ON630674	Bats DR_E1.2.1
ON630675	Bats DR_E1
ON630676	Bats DR_E1.2.1
ON630677	Bats DR_A1.1.5
ON630678	Bats DR_A1.1.9
ON630679	Bats DR_F1.1
ON630680	Bats DR_A1.1.10
ON630681	Bats DR_A1.1.5
ON630682	Bats DR_E1.2.1
ON630683	Bats DR_E1.2.1
ON630684	Bats DR_E1.2.1
ON630685	Bats DR_E1.2.1
ON630686	Bats DR_E1.2.1
ON630687	Bats DR_E1.2.1
ON630688	Bats DR_F1.1
ON630689	Bats DR_A1.1.5
ON630690	Bats DR_E1
ON630691	Bats DR_E1.2.1
ON630692	Bats DR_E1.2.1
ON630693	Bats DR_E1.2.1
ON630694	Bats DR_E1.2
ON630695	Bats DR_E1.2.1
ON630696	Bats DR_E1
ON630697	Bats DR_E1
ON630698	Bats DR_E1
ON630699	Bats DR_E1.2.1
ON630700	Bats DR_E1.2.1
ON630701	Bats DR_E1
ON630702	Bats DR_E1
ON630703	Bats DR_E1
ON630704	Bats DR_E1
ON630705	Bats DR_E1.2.1
ON630706	Bats DR_E1
ON630707	Bats DR_E1
ON630708	Bats DR_E1
ON630709	Bats DR_E1
ON630710	Bats DR_E1.2.1
ON630711	Bats DR_E1.2.1
ON630712	Bats DR_E1.2.1
ON630713	Bats DR_E1
ON630714	Bats DR_F1.1
ON630715	Bats DR_E1
ON630716	Bats DR_E1
ON630717	Bats DR_E1
ON630718	Bats DR_E1
ON630719	Bats DR_E1
ON630720	Bats DR_E1
ON630721	Bats DR_E1.2.1
ON630722	Bats DR_E1.2.1
ON630724	Bats DR_E1.2.1
ON630725	Bats DR_E1
ON630726	Bats DR_E1.2.1
ON630727	Bats DR_E1
ON630728	Bats DR_E1
ON630729	Bats DR_E1.2.1
ON630730	Bats DR_E1
ON630731	Bats DR_E1.2.1
ON630732	Bats DR_E1
ON630733	Bats DR_E1
ON630734	Bats DR_E1
ON630735	Bats DR_E1
ON630736	Bats DR_F1.1
ON630737	Bats DR_E1.2.1
ON630738	Bats DR_E1
ON630739	Bats DR_E1
ON630740	Bats DR_E1.2.1
ON630741	Bats DR_E1.2.1
ON630742	Bats DR_A1.1.10
ON630743	Bats DR_E1.2.1
ON630744	Bats DR_E1
ON630745	Bats DR_E1.2.1
ON630746	Bats DR_E1
ON630747	Bats DR_E1
ON630748	Bats DR_E1
ON630749	Bats DR_A1.1.10
ON630750	Bats DR_E1
ON630751	Bats DR_E1
ON630752	Bats DR_E1
ON630753	Bats DR_E1
ON630754	Bats DR_E1
ON630755	Bats DR_E1
ON630756	Bats DR_E1
ON630757	Bats DR_E1
ON630758	Bats DR_E1.2.1
ON630759	Bats DR_E1
ON814541	Arctic AL1a_A1
ON814542	Arctic_A1.1
ON986305	Arctic AL1a_A1
ON986424	RAC-SK_M1
ON986425	RAC-SK_L1
ON986426	RAC-SK_B1.1.1
ON986427	RAC-SK_M1.1.1
ON986428	RAC-SK_L1
ON986429	RAC-SK_M1.1
ON986430	RAC-SK_M1
ON986432	RAC-SK_B1.1.2
ON986433	RAC-SK_M1.1.1
ON986434	RAC-SK_B1.1.2
ON986435	RAC-SK_M1.1.1
ON986436	RAC-SK_M1
ON986437	RAC-SK_L1
ON986438	RAC-SK_L1
ON986439	RAC-SK_B1.1.2
ON986440	RAC-SK_L1
ON986441	RAC-SK_L1
ON986442	RAC-SK_M1.1.1
ON986443	RAC-SK_L1
ON986444	RAC-SK_M1.1.1
ON986445	RAC-SK_F1
ON986446	RAC-SK_M1.1.1
ON986447	RAC-SK_M1
ON986448	RAC-SK_M1
ON986449	RAC-SK_M1
ON986450	RAC-SK_L1
ON986451	RAC-SK_E1.2
ON986452	RAC-SK_L1
ON986453	RAC-SK_B1.1.2
ON986454	RAC-SK_L1
ON986455	RAC-SK_M1.1
ON986456	RAC-SK_E1.2
ON986457	RAC-SK_M1.1.1
ON986458	RAC-SK_M1.1
ON986459	RAC-SK_L1
ON986460	RAC-SK_I1.1
ON986461	RAC-SK_L1
ON986462	RAC-SK_M1.1.1
ON986463	RAC-SK_M1
ON986464	RAC-SK_M1.1
ON986465	RAC-SK_M1.1.1
ON986466	RAC-SK_B1.1.2
ON986467	RAC-SK_M1.1
ON986468	RAC-SK_M1
ON986469	RAC-SK_M1.1.1
ON986470	RAC-SK_M1.1.1
ON986471	RAC-SK_M1.1.1
ON986472	RAC-SK_M1.1
ON986473	RAC-SK_L1
ON986474	RAC-SK_B1.1.2
ON986475	RAC-SK_M1.1.1
ON986476	RAC-SK_M1
ON986477	RAC-SK_M1
ON986478	RAC-SK_M1.1.1
ON986479	RAC-SK_M1
ON986480	RAC-SK_L1
ON986481	RAC-SK_M1.1
ON986482	RAC-SK_M1
ON986483	RAC-SK_B1.1.2
ON986484	RAC-SK_M1
OP007154	Bats_A1
OP007155	Bats DR_M1
OP007156	Bats LN_A1
OP007157	Bats DR_A1.1.2
OP007158	Bats LN_A1
OP007159	Bats DR_A1.1.12
OP375406	Cosmopolitan AF1b_C1
OP375407	Cosmopolitan AF1b_C1
OP375408	Cosmopolitan AF1b_C1.1
OP375409	Cosmopolitan_H1.4
OP375410	Cosmopolitan AF1b_C1
OP375411	Cosmopolitan AF1b_C1.1
OP375412	Cosmopolitan AF1b_C1
OP375413	Cosmopolitan AF1b_C1.1
OP375414	Cosmopolitan AF1b_B1.2
OP375415	Cosmopolitan AF1b_B1.2
OP375416	Cosmopolitan AF1b_B1.2
OP375417	Cosmopolitan AF1b_C1.1
OP375418	Cosmopolitan AF1b_C1.1
OP375419	Cosmopolitan AF1b_B1.2
OP375420	Cosmopolitan AF1b_B1.2
OP375421	Cosmopolitan AF1b_B1.2.1
OP375422	Cosmopolitan AF1b_B1.2
OP375423	Cosmopolitan AF1b_A1.1.1
OP375424	Cosmopolitan AF1b_B1.2.1
OP375425	Cosmopolitan AF1b_B1.2
OP375426	Cosmopolitan AF1b_B1.2
OP375427	Cosmopolitan AF1b_B1.2
OP477368	Cosmopolitan_B1.1
OP477369	Cosmopolitan_B1.1
OP477370	Cosmopolitan_B1.1
OP477371	Cosmopolitan_B1.1
OP477372	Cosmopolitan_B1.1
OP477373	Cosmopolitan ME2_C1
OP477374	Cosmopolitan_B1.1
OP477375	Cosmopolitan ME2_C1
OP477376	Cosmopolitan ME2_C1
OP477377	Cosmopolitan_B1.1
OP477378	Cosmopolitan CA1_A1
OP477379	Cosmopolitan_B1.1
OP477380	Cosmopolitan AM3b_A1.2.1
OP477381	Cosmopolitan ME2_C1
OP477382	Cosmopolitan ME2_C1
OP477383	Cosmopolitan_B1.1
OP477384	Cosmopolitan CA1_A1
OP477385	Cosmopolitan ME2_C1
OP477386	Cosmopolitan_B1.1
OP477387	Cosmopolitan ME2_C1
OP477388	Cosmopolitan CA1_A1
OP477389	Cosmopolitan CA1_A1
OP477390	Cosmopolitan_B1.1
OP477391	Cosmopolitan_B1.1
OP477392	Cosmopolitan ME2_C1
OP477393	Cosmopolitan CA1_A1
OP515147	Asian SEA3_D1
OP515148	Asian SEA3_C1.1
OP515149	Asian SEA3_A1.1
OP515150	Asian SEA3_D1.1
OP515151	Asian SEA3_D1.1
OP515152	Asian SEA3_A1.1
OP515153	Asian SEA3_A1.1.1
OP515154	Asian SEA3_D1.1
OP515155	Asian SEA3_D1.1
OP515156	Asian SEA3_D1
OP515157	Asian SEA3_A1.1
OP515158	Asian SEA3_A1.1.1
OP515159	Asian SEA3_A1.1.1
OP515160	Asian SEA3_C1.1
OP515161	Asian SEA3_D1
OP515162	Asian SEA3_A1.1.1
OP515163	Asian SEA3_C1.1
OP515164	Asian SEA3_D1.1
OP515165	Asian SEA3_C1.1
OP515166	Asian SEA3_D1.1
OP515167	Asian SEA3_A1.1.1
OP515168	Asian SEA3_A1.1.1
OP515169	Asian SEA3_D1.1
OP515170	Asian SEA3_A1.1.1
OP515171	Asian SEA3_A1.1.1
OP515172	Asian SEA3_A1.1.1
OP515173	Asian SEA3_D1.1
OP515174	Asian SEA3_D1.1
OP515175	Asian SEA3_A1.1.1
OP515176	Asian SEA3_A1.1.1
OP515177	Asian SEA3_D1.1
OP515178	Asian SEA3_A1.1.1
OP515179	Asian SEA3_A1.1.1
OP515180	Asian SEA3_C1.1
OP515181	Asian SEA3_A1.1.1
OP515182	Asian SEA3_C1.1
OP515183	Asian SEA3_A1.1.1
OP515184	Asian SEA3_D1
OP515185	Asian SEA3_A1.1.1
OP515186	Asian SEA3_A1.1.1
OP515187	Asian SEA3_A1.1
OP515188	Asian SEA3_A1.1
OP515189	Asian SEA3_A1.1.1
OP515190	Asian SEA3_C1.1
OP515191	Asian SEA3_C1.1
OP515192	Asian SEA3_A1.1.1
OP515193	Asian SEA3_A1.1.1
OP515194	Asian SEA3_A1.1
OP515195	Asian SEA3_D1.1
OP515196	Asian SEA3_C1.1
OP515197	Asian SEA3_A1.1.1
OP515198	Asian SEA3_D1.1
OP515199	Asian SEA3_A1.1.1
OP515200	Asian SEA3_A1.1.1
OP515201	Asian SEA3_A1.1.1
OP515202	Asian SEA3_D1
OP515203	Asian SEA3_A1.1.1
OP515204	Asian SEA3_A1.1.1
OP515205	Asian SEA3_A1.1.1
OP515206	Asian SEA3_D1
OP515207	Asian SEA3_C1.1
OP515208	Asian SEA3_D1.1
OP515209	Asian SEA3_A1.1
OP515210	Asian SEA3_A1.1.1
OP515211	Asian SEA3_A1.1
OP515212	Asian SEA3_C1.1
OP515213	Asian SEA3_C1.1
OP515214	Asian SEA3_A1.1.1
OP515215	Asian SEA3_A1.1
OP515216	Asian SEA3_C1.1.1
OP515217	Asian SEA3_D1
OP515218	Asian SEA3_A1.1.1
OP515219	Asian SEA3_D1
OP515220	Asian SEA3_A1.1.1
OP515221	Asian SEA3_C1.1
OP515222	Asian SEA3_C1.1
OP515223	Asian SEA3_A1.1
OP515224	Asian SEA3_A1.1.1
OP515225	Asian SEA3_A1.1
OP515226	Asian SEA3_A1.1
OP515227	Asian SEA3_A1.1.1
OP515228	Asian SEA3_D1
OP515229	Asian SEA3_A1.1.1
OP515230	Asian SEA3_A1.1.1
OP515231	Asian SEA3_C1.1
OP515232	Asian SEA3_A1.1
OP515233	Asian SEA3_A1.1.1
OP515234	Asian SEA3_A1.1.1
OP515235	Asian SEA3_A1.1
OP515236	Asian SEA3_C1.1
OP515237	Asian SEA3_C1.1.1
OP515238	Asian SEA3_A1.1.1
OP515239	Asian SEA3_D1
OP515240	Asian SEA3_A1.1.1
OP515241	Asian SEA3_C1.1
OP515242	Asian SEA3_A1.1.1
OP515243	Asian SEA3_C1.1
OP515244	Asian SEA3_A1.1
OP515245	Asian SEA3_A1.1.1
OP515246	Asian SEA3_A1.1.1
OP515247	Asian SEA3_C1.1.1
OP515248	Asian SEA3_C1.1.1
OP515249	Asian SEA3_C1.1
OP515250	Asian SEA3_A1.1.1
OP515251	Asian SEA3_A1.1.1
OP515252	Asian SEA3_A1.1
OP515253	Asian SEA3_D1
OP515254	Asian SEA3_A1.1.1
OP515255	Asian SEA3_A1.1.1
OP515256	Asian SEA3_A1.1.1
OP515257	Asian SEA3_C1.1
OP515258	Asian SEA3_C1.1
OP515259	Asian SEA3_D1.1
OP515260	Asian SEA3_A1.1.1
OP515261	Asian SEA3_A1.1.1
OP515262	Asian SEA3_A1.1
OP515263	Asian SEA3_A1.1
OP515264	Asian SEA3_A1.1.1
OP515265	Asian SEA3_A1.1.1
OP515266	Asian SEA3_D1
OP515267	Asian SEA3_C1.1
OP515268	Asian SEA3_A1.1.1
OP515269	Asian SEA3_A1.1.1
OP515270	Asian SEA3_C1.1
OP515271	Asian SEA3_A1.1.1
OP515272	Asian SEA3_A1.1.1
OP515273	Asian SEA3_A1.1.1
OP515274	Asian SEA3_A1.1.1
OP515275	Asian SEA3_A1.1.1
OP515276	Asian SEA3_A1.1.1
OP515277	Asian SEA3_A1.1.1
OP515278	Asian SEA3_A1.1.1
OP515279	Asian SEA3_A1.1.1
OP515280	Asian SEA3_C1.1
OP515281	Asian SEA3_C1.1.1
OP515282	Asian SEA3_A1.1.1
OP515283	Asian SEA3_D1
OP515284	Asian SEA3_C1.1
OP515285	Asian SEA3_C1.1
OP515286	Asian SEA3_A1.1.1
OP515287	Asian SEA3_C1.1.1
OP515288	Asian SEA3_C1.1.1
OP515289	Asian SEA3_A1.1.1
OP515290	Asian SEA3_D1
OP515291	Asian SEA3_A1.1.1
OP515292	Asian SEA3_A1.1.1
OP515293	Asian SEA3_C1.1
OP515294	Asian SEA3_D1
OP515295	Asian SEA3_A1.1.1
OP515296	Asian SEA3_A1.1
OP515297	Asian SEA3_A1.1.1
OP515298	Asian SEA3_A1.1.1
OP515299	Asian SEA3_D1
OP515300	Asian SEA3_A1.1.1
OP515301	Asian SEA3_A1.1.1
OP515302	Asian SEA3_A1.1.1
OP515303	Asian SEA3_A1.1
OP515304	Asian SEA3_A1.1
OP515305	Asian SEA3_A1.1.1
OP515306	Asian SEA3_A1.1.1
OP515307	Asian SEA3_A1.1.1
OP515308	Asian SEA3_A1.1.1
OP515309	Asian SEA3_A1.1.1
OP515310	Asian SEA3_A1.1.1
OP515311	Asian SEA3_A1.1.1
OP515312	Asian SEA3_A1.1.1
OP515313	Asian SEA3_A1.1.1
OP515314	Asian SEA3_A1.1.1
OP515315	Asian SEA3_C1.1.1
OP515316	Asian SEA3_A1.1.1
OP515317	Asian SEA3_A1.1
OP515318	Asian SEA3_D1.1
OP515319	Asian SEA3_C1.1
OP515320	Asian SEA3_A1.1.1
OP515321	Asian SEA3_A1.1.1
OP515322	Asian SEA3_A1.1
OP515323	Asian SEA3_C1.1
OP515324	Asian SEA3_A1.1
OP515325	Asian SEA3_A1.1.1
OP515326	Asian SEA3_A1.1.1
OP515327	Asian SEA3_A1.1.1
OP515328	Asian SEA3_D1
OP515329	Asian SEA3_D1.1
OP515330	Asian SEA3_A1.1.1
OP515331	Asian SEA3_A1.1.1
OP515332	Asian SEA3_A1.1.1
OP515333	Asian SEA3_A1.1.1
OP515334	Asian SEA3_A1.1.1
OP515335	Asian SEA3_A1.1.1
OP515336	Asian SEA3_D1
OP515337	Asian SEA3_C1.1
OP515338	Asian SEA3_A1.1.1
OP515339	Asian SEA3_C1.1.1
OP515340	Asian SEA3_A1.1.1
OP515341	Asian SEA3_A1.1
OP515342	Asian SEA3_C1.1
OP515343	Asian SEA3_A1.1
OP515344	Asian SEA3_A1.1.1
OP515345	Asian SEA3_A1.1.1
OP765628	Arctic AL1a_A1
OP765629	Arctic AL1a_A1
OP765630	Arctic AL1a_A1
OP765631	Arctic AL1a_A1.1
OP765632	Arctic AL1a_A1
OP765633	Arctic AL1a_A1.1
OP765634	Arctic AL1a_A1
OP765635	Arctic AL1a_A1
OP765636	Arctic AL1a_A1
OP765637	Arctic AL1a_A1
OP765638	Arctic AL1a_A1.1
OP765639	Arctic AL1a_A1.1.1
OP765640	Arctic AL1a_A1.1
OP765641	Arctic AL1a_A1
OP765642	Arctic AL1a_A1.1
OP765643	Arctic AL1a_A1
OP765644	Arctic AL1a_A1.1
OP765645	Arctic AL1a_A1.1
OP765646	Arctic AL1a_A1
OP765647	Arctic AL1a_A1.1
OQ410145	Bats LN_A1
OQ410146	Bats LN_A1
OQ410147	Bats LN_A1
OQ410148	Bats LN_A1
OQ410149	Bats LN_A1
OQ410150	Bats LN_A1
OQ410151	Bats LN_A1
OQ410152	Bats LN_A1
OQ410153	Bats LN_A1
OQ410154	Bats LN_A1
OQ473645	Asian SEA5_A1.3
OQ544454	Cosmopolitan NEE_C1.1.1
OQ544455	Cosmopolitan NEE_C1.1.1
OQ544456	Cosmopolitan NEE_C1.1.1
OQ603609	Cosmopolitan ME2_C1
OQ603610	Cosmopolitan ME2_C1
OQ603611	Cosmopolitan CA2_A1
OQ603612	Cosmopolitan ME2_C1
OQ603613	Cosmopolitan ME2_C1
OQ603614	Cosmopolitan ME2_C1
OQ603615	Cosmopolitan ME2_C1
OQ603616	Cosmopolitan ME2_C1
OQ603617	Cosmopolitan ME2_C1
OQ603618	Cosmopolitan ME2_C1
OQ603619	Cosmopolitan ME2_C1
OQ603620	Cosmopolitan ME2_C1
OQ603621	Cosmopolitan ME2_C1
OQ603622	Cosmopolitan ME2_C1
OQ603623	Cosmopolitan ME2_C1
OQ603624	Cosmopolitan ME2_C1
OQ603625	Cosmopolitan ME2_C1
OQ603626	Cosmopolitan ME2_C1
OQ603627	Cosmopolitan ME2_C1
OQ603628	Cosmopolitan ME2_C1
OQ603629	Cosmopolitan ME2_C1
OQ603630	Cosmopolitan ME2_C1
OQ603631	Cosmopolitan ME2_C1
OQ603632	Cosmopolitan ME2_C1
OQ603633	Cosmopolitan ME2_C1
OQ603634	Cosmopolitan ME2_C1
OQ603635	Cosmopolitan ME2_C1
OQ603636	Cosmopolitan ME2_C1
OQ603637	Cosmopolitan ME2_C1
OQ603638	Cosmopolitan ME2_C1
OQ603639	Cosmopolitan ME2_C1
OQ603640	Cosmopolitan AM3b_A1.2.1
OQ603641	Cosmopolitan ME2_C1
OQ603642	Cosmopolitan ME2_C1
OQ603643	Cosmopolitan ME2_C1
OQ603644	Cosmopolitan ME2_C1
OQ603645	Cosmopolitan ME2_C1
OQ603646	Cosmopolitan ME2_C1
OQ603647	Cosmopolitan ME2_C1
OQ603648	Cosmopolitan ME2_C1
OQ603649	Cosmopolitan ME2_C1
OQ603650	Cosmopolitan ME2_C1
OQ603651	Cosmopolitan ME2_C1
OQ603652	Cosmopolitan AM3b_A1.2.1
OQ603653	Cosmopolitan ME2_C1
OQ603654	Cosmopolitan ME2_C1
OQ603655	Cosmopolitan ME2_C1
OQ603656	Cosmopolitan ME2_C1
OQ603657	Cosmopolitan ME2_C1
OQ603658	Cosmopolitan ME2_C1
OQ603659	Cosmopolitan ME2_C1
OQ603660	Cosmopolitan ME2_C1
OQ603661	Cosmopolitan ME2_C1
OQ603662	Cosmopolitan ME2_C1
OQ603663	Cosmopolitan ME2_C1
OQ603664	Cosmopolitan ME2_C1
OQ603665	Cosmopolitan ME2_C1
OQ603666	Cosmopolitan ME2_C1
OQ603667	Cosmopolitan ME2_C1
OQ603668	Cosmopolitan ME2_C1
OQ603669	Cosmopolitan ME2_C1
OQ603670	Cosmopolitan ME2_C1
OQ603671	Cosmopolitan ME2_C1
OQ603672	Cosmopolitan ME2_C1
OQ603673	Cosmopolitan ME2_C1
OQ603674	Cosmopolitan ME2_C1
OQ603675	Cosmopolitan ME2_C1
OQ603676	Cosmopolitan ME2_C1
OQ603677	Cosmopolitan ME2_C1
OQ603678	Cosmopolitan ME2_C1
OQ603679	Cosmopolitan ME2_C1
OQ603680	Cosmopolitan ME2_C1
OQ603681	Cosmopolitan ME2_C1
OQ603682	Cosmopolitan ME2_C1
OQ603683	Cosmopolitan ME2_C1
OQ603684	Cosmopolitan ME2_C1
OQ603685	Cosmopolitan ME2_C1
OQ606831	Arctic AL1a_A1
OQ787037	Cosmopolitan AF1b_C1.1
OR227628	RAC-SK_M1.1.1
OR227629	RAC-SK_B1.1.2
OR256801	Cosmopolitan AF1b_A1.1.3
OR270967	Cosmopolitan AF1b_A1.1
OR270968	Cosmopolitan AF1b_D1
OR270969	Cosmopolitan AF1b_A1.1
OR270970	Cosmopolitan AF1b_D1
OR270971	Cosmopolitan AF1b_D1
OR270972	Cosmopolitan AF1b_A1.1
OR270973	Cosmopolitan AF1b_A1.1
OR270974	Cosmopolitan AF1b_A1.1
OR270975	Cosmopolitan AF1b_A1.1
OR270976	Cosmopolitan AF1a_A1.1.1
OR270977	Cosmopolitan AF1a_A1.1
OR270978	Cosmopolitan_A1.2.2
OR270979	Cosmopolitan AF1b_A1
OR270980	Cosmopolitan AF1b_D1
OR270982	Cosmopolitan AF1b_A1.1
OR270983	Cosmopolitan AF1b_A1.1
OR270984	Cosmopolitan_A1.2.2
OR270985	Cosmopolitan_A1.2.2
OR270986	Cosmopolitan AF1b_A1.1.3
OR270987	Cosmopolitan AF1b_A1.1.3
OR270988	Cosmopolitan AF1b_A1.1
OR270989	Cosmopolitan AF1b_A1.1
OR270990	Cosmopolitan AF1b_A1.1
OR270991	Cosmopolitan AF1b_A1.1
OR270992	Cosmopolitan AF1b_A1.1.3
OR270993	Cosmopolitan AF1b_A1.1
OR270994	Cosmopolitan AF1b_A1.1
OR270995	Cosmopolitan_A1.2.2
OR270996	Cosmopolitan AF1b_A1.1
OR270997	Cosmopolitan AF1b_A1.1
OR270998	Cosmopolitan AF1b_D1
OR270999	Cosmopolitan AF1b_D1
OR271000	Cosmopolitan AF1b_A1.1
OR271001	Cosmopolitan AF1b_A1.1
OR271002	Cosmopolitan_A1.2.2
OR271003	Cosmopolitan AF1b_D1
OR271004	Cosmopolitan_A1.2.2
OR271005	Cosmopolitan AF1b_D1
OR271006	Cosmopolitan AF1b_A1.1
OR271007	Cosmopolitan AF1b_A1.1
OR271008	Cosmopolitan AF1b_A1.1.3
OR271009	Cosmopolitan AF1b_A1.1.3
OR271010	Cosmopolitan AF1b_A1.1
OR271011	Cosmopolitan AF1b_D1
OR271012	Cosmopolitan_A1.2.2
OR271013	Cosmopolitan AF1b_A1.1
OR271014	Cosmopolitan AF1b_A1.1
OR271015	Cosmopolitan_G1
OR271016	Cosmopolitan AF1b_D1
OR271017	Cosmopolitan AF1b_D1
OR271018	Cosmopolitan AF1b_A1.1
OR271019	Cosmopolitan AF1a_A1.1
OR271020	Cosmopolitan AF1b_A1.1.3
OR271021	Cosmopolitan AF1a_A1.1
OR271022	Cosmopolitan AF1b_D1
OR271023	Cosmopolitan AF1a_A1.1
OR271024	Cosmopolitan AF1a_A1.1
OR271025	Cosmopolitan AF1a_A1.1.1
OR271026	Cosmopolitan AF1a_A1.1
OR271027	Cosmopolitan AF1a_C1.1
OR271028	Cosmopolitan AF1a_A1.1.1
OR271029	Cosmopolitan AF1a_A1.1.1
OR271030	Cosmopolitan AF1a_C1.1
OR271031	Cosmopolitan AF1a_A1.1
OR271032	Cosmopolitan AF1a_A1.1
OR271034	Cosmopolitan AF1a_A1.1.1
OR271035	Cosmopolitan AF1a_C1.1
OR271036	Cosmopolitan AF1a_A1.1
OR271037	Cosmopolitan AF1a_A1.1
OR271038	Cosmopolitan AF1a_A1.1
OR271039	Cosmopolitan AF1a_C1.1
OR271040	Cosmopolitan AF1a_A1.1
OR271041	Cosmopolitan AF1a_C1.1
OR271042	Cosmopolitan AF1a_C1.1
OR271043	Cosmopolitan AF1a_A1.1
OR271044	Cosmopolitan AF1a_C1.1
OR271045	Cosmopolitan AF1a_C1.1
OR271046	Cosmopolitan AF1a_A1.1
OR271047	Cosmopolitan AF1a_A1.1
OR271048	Cosmopolitan AF1a_A1.1
OR271049	Cosmopolitan AF1a_A1.1
OR271050	Cosmopolitan AF1a_A1.1
OR271051	Cosmopolitan AF1a_C1
OR271052	Cosmopolitan AF1a_A1.1
OR271053	Cosmopolitan AF1a_C1
OR271054	Cosmopolitan AF1a_A1.1
OR271055	Cosmopolitan AF1a_C1.1
OR271056	Cosmopolitan AF1a_A1.1
OR271057	Cosmopolitan AF1a_C1
OR271058	Cosmopolitan AF1a_C1
OR271059	Cosmopolitan AF1a_A1.1
OR271060	Cosmopolitan AF1a_A1.1
OR271061	Cosmopolitan AF1a_A1.1
OR338622	Cosmopolitan AF1b_A1.1
OR338623	Cosmopolitan AF1b_A1.1
OR338624	Cosmopolitan AF1b_A1.1
OR338625	Cosmopolitan AF1b_A1.1
OR338626	Cosmopolitan AF1b_A1.1
OR338628	Cosmopolitan AF1b_D1
OR338629	Cosmopolitan AF1b_A1.1
OR338630	Cosmopolitan AF1b_D1
OR338631	Cosmopolitan AF1b_A1.1
OR338632	Cosmopolitan AF1b_A1.1
OR338633	Cosmopolitan_A1.2.2
OR338634	Cosmopolitan AF1b_A1.1.2
OR338635	Cosmopolitan AF1b_D1
OR338636	Cosmopolitan AF1b_D1
OR338637	Cosmopolitan AF1b_D1
OR338638	Cosmopolitan AF1a_A1.1
OR338639	Cosmopolitan AF1a_C1
OR338640	Cosmopolitan AF1b_A1
OR338641	Cosmopolitan AF1a_C1
OR338643	Cosmopolitan AF1a_A1.1
OR338644	Cosmopolitan AF1a_C1.1
OR338645	Cosmopolitan AF1a_C1.1
OR338646	Cosmopolitan AF1a_A1.1
OR338647	Cosmopolitan AF1a_C1
OR338648	Cosmopolitan AF1a_C1.1
OR338649	Cosmopolitan AF1a_A1.1
OR338650	Cosmopolitan AF1a_C1
OR338651	Cosmopolitan AF1a_A1.1
OR338652	Cosmopolitan AF1a_C1.1
OR338653	Cosmopolitan AF1a_A1.1
OR338654	Cosmopolitan AF1a_A1.1
OR338655	Cosmopolitan AF1a_A1.1
OR338656	Cosmopolitan AF1a_C1.1
OR338657	Cosmopolitan AF1a_A1.1
OR359468	Cosmopolitan_A1.2.2
OR359469	Cosmopolitan_G1
OR400520	Asian SEA1b_C1
OR474090	RAC-SK_M1.1
OU524413	Bats DR_A1.5
OU524425	Bats EF-E1_A1
OV696602	Asian SEA5_A1.3
PP068460	Arctic AL1a_A1
PP068461	Arctic AL1a_A1
PP068462	Arctic AL1a_A1
PP226935	Arctic A_B1
PP386023	Bats EF-W1_A1.1.1
PP386024	Bats EF-W1_A1.1
PP386025	Bats EF-W1_A1.1
PP386026	Bats EF-W1_A1.1
PP386027	Bats EF-W1_A1.1
PP386028	Bats EF-W1_A1.1
PP386029	Bats EF-W1_A1.1
PP386030	Bats EF-W1_A1.1
PP386031	Bats EF-W1_A1
PP397166	Asian SEA1b_A1.1
PP413619	Arctic AL1a_A1
PP447322	RAC-SK_B1.1.2
PP447323	RAC-SK_B1.1.1
PP447324	RAC-SK_B1.1.2
PP447325	RAC-SK_M1.1.1
PP447326	RAC-SK_F1.1
PP447327	RAC-SK_F1.1
PP447328	RAC-SK_B1.1.2
PP447329	RAC-SK_M1.1.1
PP447330	RAC-SK_M1.1
PP447331	RAC-SK_F1.1
PP447332	RAC-SK_B1.1.2
PP447333	Bats EF-W1_A1.1
PP447334	Bats EF-W1_A1.1
PP447335	Bats EF-W1_A1.1
PP447336	Bats EF-W1_A1.1
PP447337	Bats EF-W1_A1.1
PP447338	Bats EF-W1_A1.1
PP447339	Bats TB1_A1.1
PP447340	Bats EF-W1_A1.1
PP447341	Bats EF-W1_A1.1
PP479775	Arctic AL1a_A1
PP498792	Asian SEA3_A1.1.1
PP516865	Arctic AL1a_A1
PP516866	Arctic AL1a_A1
PP516867	Arctic AL1a_A1
PP516868	Arctic AL1a_A1
PP516869	Arctic AL1a_A1
PP516870	Arctic AL1a_A1
PP516871	Arctic AL1a_A1.1
PP516872	Arctic AL1a_A1
PP516873	Arctic AL1a_A1
PP516874	Arctic AL1a_A1.1
PP516875	Arctic AL1a_A1.1.1
PP516876	Arctic AL1a_A1
PP668226	Arctic AL1a_A1
PP695281	Arctic AL1a_A1
PP695282	Arctic AL1a_A1
PP695283	Arctic AL1a_A1
PP695284	Arctic AL1a_A1
PP695285	Arctic AL1a_A1
PP695286	Arctic AL1a_A1
PP695287	Arctic AL1a_A1
PP695288	Arctic AL1a_A1
PP695289	Arctic AL1a_A1
PP695290	Arctic AL1a_A1
PP695291	Arctic AL1a_A1
PP695292	Arctic AL1a_A1
PP695293	Arctic AL1a_A1
PP737615	Arctic AL1a_A1
PP737616	Arctic AL1a_A1
PP737617	Arctic AL1a_A1
PP737618	Arctic AL1a_A1
PP739154	Arctic AL1a_A1
PP739155	Arctic AL1a_A1
PP739156	Arctic_A1
PP739157	Arctic_A1
PP739158	Arctic AL1a_A1
PP739160	Arctic AL1a_A1
PP739161	Arctic AL1a_A1
PP739162	Arctic AL1a_A1
PP739163	Arctic AL1a_A1
PP757768	Arctic AL1a_A1
PP757769	Arctic AL1a_A1
PP757770	Arctic AL1a_A1
PP757771	Arctic AL1a_A1
PP757772	Arctic AL1a_A1
PP757773	Arctic AL1a_A1
PP760425	Cosmopolitan CA1_B1.2
PP765569	Arctic_A1
